channel,median,q25,q75
Fp1,0.8242005638981077,-0.08884020819490868,3.275813689833983
Fp2,0.9235750094180059,0.1280708432514983,2.420202756908295
F7,0.7634927526330576,0.04498087532744749,2.0624087801142226
F3,1.4528528569818173,0.10049216355518556,2.898142582531108
Fz,2.0063418285741808,0.8733045740402474,3.8552083016159537
F4,1.2922128978790088,-0.012943592659795167,3.3588731456284053
F8,0.7869562922608261,-0.08557598657533014,1.662796297118207
T7,0.4919052314549654,-0.3180058592993119,1.0432718041495634
C3,0.7956966316270744,0.40569806358956506,1.393761277909038
Cz,1.2446502918556699,0.7397485611707584,2.3862528184111382
C4,0.6687181339484809,-0.2657679921278867,1.9051619729676421
T8,0.35128489709865135,-0.5040654409052875,1.8797128927961668
P7,0.6590952620945711,0.14244270706028836,1.6822402941941477
P3,0.9521080136646414,0.28938540537174545,2.108373525680626
Pz,1.3328853655752635,0.35952814864068455,3.8763941487996796
P4,1.9477621499467097,0.8917342763511326,4.37380618043268
P8,1.9170349281740569,1.011244871914237,3.7625369583246258
O1,1.7391674140090174,0.5438738627698362,3.212524642954807
O2,2.1266204970881866,0.5368039028907114,4.574878073655698
