participant_id,channel,rest,stimulus,snr_delta_db
sub-01,C3,-0.02425884368984452,4.879675970805801,4.903934814495646
sub-01,C4,-1.5338509873069872,-0.4931892862491786,1.0406617010578085
sub-01,Cz,1.0767396361314037,4.079663081733299,3.002923445601896
sub-01,F3,0.5758581562099977,4.195333804381494,3.619475648171496
sub-01,F4,0.35202829984098133,1.7393071872295351,1.3872788873885538
sub-01,F7,-0.45286992932458964,1.507692212021563,1.9605621413461527
sub-01,F8,-1.4017103445018855,0.21783629226321405,1.6195466367650995
sub-01,Fp1,-1.3453828112208361,2.8331509515097393,4.178533762730575
sub-01,Fp2,0.7157932591471173,1.47643201863742,0.7606387594903027
sub-01,Fz,0.4654436379980518,4.343799138649455,3.8783555006514034
sub-01,O1,1.2399308887947955,6.093273357407009,4.8533424686122135
sub-01,O2,0.008938210210794915,5.030752465061751,5.021814254850956
sub-01,P3,0.41001455423605937,2.6172903184221203,2.207275764186061
sub-01,P4,-0.9671410345489556,3.523105895469298,4.4902469300182535
sub-01,P7,-0.24771705974241218,1.7936227398674105,2.0413397996098226
sub-01,P8,-1.2698590429026648,2.9772577983436115,4.247116841246276
sub-01,Pz,-0.363786927065956,4.896301738923776,5.2600886659897315
sub-01,T7,-0.8837279429525313,0.40048766601220287,1.2842156089647343
sub-01,T8,-0.3942019902416637,-0.17998754774713094,0.21421444249453275
sub-02,C3,-0.20067364305708654,-0.3629026216399568,-0.16222897858287025
sub-02,C4,-0.33301369375067325,-0.9141745978605067,-0.5811609041098335
sub-02,Cz,-2.9491994574220453,0.47911640910176867,3.428315866523814
sub-02,F3,-0.20225875778889874,0.09431808799984578,0.29657684578874455
sub-02,F4,1.2301586771335415,-1.0712273343255787,-2.3013860114591203
sub-02,F7,0.5287256986101906,-0.5818385167563481,-1.1105642153665387
sub-02,F8,0.3711475014297898,-0.9504084720821495,-1.3215559735119393
sub-02,Fp1,-0.4706565566524254,0.27441514578173065,0.745071702434156
sub-02,Fp2,-0.7223375149778029,-0.0891414558287867,0.6331960591490161
sub-02,Fz,-1.7939926337860972,0.026293312743951774,1.820285946530049
sub-02,O1,-0.281829786162433,-0.3346525992346682,-0.05282281307223524
sub-02,O2,-1.020783953493563,0.08570494532635183,1.1064888988199149
sub-02,P3,-0.8860024679299026,-0.12205126205507688,0.7639512058748257
sub-02,P4,-0.3109502384811302,0.6509704020124917,0.9619206404936218
sub-02,P7,-0.2404489751218059,0.8610026277863305,1.1014516029081365
sub-02,P8,0.2853829101356285,-0.2993922510025575,-0.584775161138186
sub-02,Pz,-0.21600279714838932,-0.28882794941896917,-0.07282515227057984
sub-02,T7,0.5296807774585026,1.1637714619894024,0.6340906845308998
sub-02,T8,0.1750949332144587,-0.9602022169889417,-1.1352971502034004
sub-03,C3,-0.13240724118153877,-0.16858583070284217,-0.0361785895213034
sub-03,C4,0.980114220187515,-1.1528203273434923,-2.1329345475310073
sub-03,Cz,-0.4926143763202221,0.11116014902757533,0.6037745253477974
sub-03,F3,0.41619977622014914,2.2823037610455863,1.866103984825437
sub-03,F4,1.011459562969458,1.771067207365333,0.759607644395875
sub-03,F7,0.20438792960332908,2.328908719695323,2.124520790091994
sub-03,F8,1.5348750031434975,0.7324829210636669,-0.8023920820798306
sub-03,Fp1,0.1613945126475874,0.7877873404080161,0.6263928277604287
sub-03,Fp2,0.2974031872404998,1.0593991628260864,0.7619959755855865
sub-03,Fz,-0.9949321193185237,4.404734770444926,5.399666889763449
sub-03,O1,-0.5917690836334922,1.7334048907062334,2.3251739743397257
sub-03,O2,-0.5014191272552484,5.6986296528400935,6.200048780095342
sub-03,P3,-0.6855157276674462,0.9255744555301806,1.6110901831976268
sub-03,P4,-0.8632506316214349,3.986700856520573,4.849951488142008
sub-03,P7,-0.19771959313607754,0.7347849456064696,0.9325045387425471
sub-03,P8,-1.3231162490574029,3.74994335599878,5.073059605056183
sub-03,Pz,-0.30839861123029894,0.19160474309619627,0.5000033543264952
sub-03,T7,-1.549510375826695,1.8248706449468433,3.374381020773538
sub-03,T8,0.8006482897057168,-1.0445419506200173,-1.845190240325734
sub-04,C3,-0.2066810453090437,0.5181800171600845,0.7248610624691283
sub-04,C4,1.1177138175340615,0.39803150061377,-0.7196823169202915
sub-04,Cz,0.04454469510114804,0.5795048785846884,0.5349601834835404
sub-04,F3,0.44450567787682416,-0.5178030166309413,-0.9623086945077655
sub-04,F4,0.2580485257989734,0.04466587470445267,-0.21338265109452076
sub-04,F7,0.45032245731426757,0.48462216375709377,0.034299706442826206
sub-04,F8,-0.8296544871099815,-0.16007073316750664,0.6695837539424748
sub-04,Fp1,0.2678512627303704,0.6742574879636252,0.40640622523325476
sub-04,Fp2,-0.390782641571366,0.8334223374295073,1.2242049790008733
sub-04,Fz,0.8446080913020697,1.311952258526948,0.46734416722487837
sub-04,O1,0.14343307117168222,0.00874638517152275,-0.13468668600015948
sub-04,O2,-0.29048706554139164,-0.4319183489736369,-0.14143128343224526
sub-04,P3,-0.900190032795745,1.1092812543794457,2.0094712871751907
sub-04,P4,1.386775680370282,0.3063518973644819,-1.0804237830058
sub-04,P7,0.7494716269920144,0.3157071193912333,-0.4337645076007811
sub-04,P8,-0.3454145271442241,0.7095088759101694,1.0549234030543935
sub-04,Pz,0.14685380347401955,0.4211977282719212,0.27434392479790165
sub-04,T7,-0.7117543354855242,1.2659613830395928,1.977715718525117
sub-04,T8,-0.2842075921273516,0.43011723115092654,0.7143248232782782
sub-05,C3,-0.3542160757328826,0.7389322551844889,1.0931483309173715
sub-05,C4,-0.02258916765325699,0.8253132095511891,0.8479023772044462
sub-05,Cz,-0.37667856844977865,0.7770233575774529,1.1537019260272317
sub-05,F3,0.24605085588598435,2.039773036520795,1.7937221806348107
sub-05,F4,-0.2437564455124812,8.06055190411091,8.304308349623392
sub-05,F7,-0.7043393323514264,2.842939112664813,3.5472784450162393
sub-05,F8,-0.35216647185193284,1.3402666472367264,1.6924331190886592
sub-05,Fp1,-1.4536675258078242,3.1700251098505294,4.623692635658354
sub-05,Fp2,-1.1329869861038275,8.774328742562766,9.907315728666592
sub-05,Fz,-0.03305289157903934,8.933249258112955,8.966302149691995
sub-05,O1,-0.1273525827809463,7.249297536476108,7.376650119257055
sub-05,O2,0.37910542687113863,8.312652630071833,7.933547203200694
sub-05,P3,-0.6445295271721864,7.169703547011364,7.814233074183551
sub-05,P4,-0.5698135120353225,7.9809299270130865,8.550743439048409
sub-05,P7,0.04471153385314221,2.2341316439140497,2.1894201100609076
sub-05,P8,-0.4652707353716592,5.644995227265648,6.110265962637307
sub-05,Pz,0.10342862281858782,7.513092820367559,7.409664197548971
sub-05,T7,-2.17021774774481,0.4980441965445412,2.6682619442893514
sub-05,T8,-0.218195505937548,0.1250902175107902,0.3432857234483382
sub-06,C3,-0.21627889142986667,0.5794177401972077,0.7956966316270744
sub-06,C4,-1.0892183309438241,0.33274267925175555,1.4219610101955797
sub-06,Cz,-0.32878641408639664,0.6896146410002366,1.0184010550866334
sub-06,F3,0.6464445367756115,0.7115004662975593,0.06505592952194772
sub-06,F4,-0.09810451543475543,0.9845375308823808,1.0826420463171362
sub-06,F7,0.24955081483347671,0.4668560189211074,0.21730520408763068
sub-06,F8,-0.5820431502545951,0.204913142006231,0.7869562922608261
sub-06,Fp1,0.988817035027829,0.8091779916509024,-0.1796390433769266
sub-06,Fp2,-1.0274233654862979,0.47280539579833286,1.5002287612846308
sub-06,Fz,-0.5622147236991181,1.4441271048750628,2.0063418285741808
sub-06,O1,-1.0517085200710932,2.1484184793360703,3.2001269994071633
sub-06,O2,-1.0200168240558343,1.9618555810133071,2.9818724050691414
sub-06,P3,-0.9100646578324517,1.3622936730224064,2.2723583308548583
sub-06,P4,-0.6991842894978267,3.057390097474359,3.756574386972186
sub-06,P7,-0.32096118720533867,1.3494089129283147,1.6703701001336533
sub-06,P8,0.033077528937932206,5.904093997038688,5.8710164681007555
sub-06,Pz,-0.21968174065618742,0.9443060190850219,1.1639877597412094
sub-06,T7,-0.34540160432914113,0.6156003881791248,0.9610019925082659
sub-06,T8,-0.9091595221006364,1.5168355178049615,2.425995039905598
sub-07,C3,-1.3193047841337189,-0.5172961189829066,0.8020086651508123
sub-07,C4,0.8016655408460243,0.030515782800137996,-0.7711497580458863
sub-07,Cz,-0.6414183203819324,0.3491342203486794,0.9905525407306117
sub-07,F3,0.9801122809608375,-0.19553627211826236,-1.1756485530790999
sub-07,F4,0.38518309372298215,0.21950880044960813,-0.16567429327337402
sub-07,F7,-1.352489150505992,0.4936105525389788,1.8460997030449708
sub-07,F8,-0.6350482232749272,-0.4352893594074169,0.19975886386751024
sub-07,Fp1,0.027224174002567388,-0.1594342469270182,-0.18665842092958557
sub-07,Fp2,0.5540367965432903,0.2334073811341089,-0.32062941540918144
sub-07,Fz,-0.8787039783840032,0.7547487970959559,1.633452775479959
sub-07,O1,0.24756602955200432,0.5472361009485746,0.2996700713965702
sub-07,O2,0.28740801495822244,0.6168265589039601,0.32941854394573766
sub-07,P3,0.24388430030833913,1.0078123213114383,0.7639280210030992
sub-07,P4,1.1465934883225704,-0.39138464935498507,-1.5379781376775554
sub-07,P7,-0.5327507072472936,0.23963784944139518,0.7723885566886888
sub-07,P8,0.30047203678199286,-0.0741822060769664,-0.37465424285895926
sub-07,Pz,0.5193977553940955,0.6995417706989588,0.18014401530486335
sub-07,T7,-0.30903082389431746,-0.028888810159683708,0.28014201373463377
sub-07,T8,1.0092764042725153,-0.8329273013516814,-1.8422037056241967
sub-08,C3,-1.1542897606996951,0.38666427655127705,1.5409540372509722
sub-08,C4,-1.0689753557430222,2.1606028542709845,3.2295782100140067
sub-08,Cz,-0.927562654669663,2.042117136442472,2.969679791112135
sub-08,F3,-0.9762158176562303,-0.41424960063631605,0.5619662170199142
sub-08,F4,-0.6720164470949546,2.1483505175065263,2.820366964601481
sub-08,F7,0.4460619087409142,1.2095546613739718,0.7634927526330576
sub-08,F8,-0.8624376269002488,-0.08879210975065996,0.7736455171495888
sub-08,Fp1,-3.2008575911667148,0.978586243692279,4.1794438348589935
sub-08,Fp2,-2.0882560630805984,0.805410050605754,2.8936661136863524
sub-08,Fz,-0.24115363604797468,1.3084289243551954,1.54958256040317
sub-08,O1,-0.8771586200575192,3.447338429378323,4.324497049435842
sub-08,O2,-0.36467318632342866,2.114512929556825,2.4791861158802533
sub-08,P3,-0.8518066916350069,3.0185958247795837,3.8704025164145905
sub-08,P4,0.5883710813920079,2.4403766902145234,1.8520056088225156
sub-08,P7,0.0966889422716863,0.18289974274565407,0.08621080047396777
sub-08,P8,0.25749046947371057,0.31831570464251335,0.06082523516880278
sub-08,Pz,-0.18801531128885624,6.075106600086304,6.26312191137516
sub-08,T7,1.2188456679384791,-0.20905286393749622,-1.4278985318759754
sub-08,T8,1.5600352303331193,-0.5069311282636801,-2.0669663585967992
sub-09,C3,0.09729047126515025,-0.08291537723286063,-0.18020584849801088
sub-09,C4,0.9168139370224931,-0.06982181601451694,-0.9866357530370101
sub-09,Cz,0.33519370531054,-0.49069309899423386,-0.8258868043047738
sub-09,F3,0.2997241349477431,-0.610563556494596,-0.9102876914423391
sub-09,F4,0.667975057429195,0.8077621653829787,0.13978710795378368
sub-09,F7,-0.17508114853857737,0.42868534989522483,0.6037664984338023
sub-09,F8,-0.7261137357142049,0.44872110575887547,1.1748348414730803
sub-09,Fp1,-0.6295942331395237,-0.9158260546971657,-0.28623182155764204
sub-09,Fp2,-0.6481266156515653,0.07270242176016015,0.7208290374117254
sub-09,Fz,0.378515712545101,-0.07754121384231756,-0.45605692638741857
sub-09,O1,0.6084500841452418,0.3719049233834363,-0.23654516076180554
sub-09,O2,0.943472462458972,1.2387982357502478,0.29532577329127585
sub-09,P3,-0.04588392332149206,0.019056017870622978,0.06493994119211505
sub-09,P4,0.65851264961853,0.7649005540953926,0.10638790447686264
sub-09,P7,-0.18895646911445602,0.2254008994229355,0.4143573685373915
sub-09,P8,-0.9944480367397192,0.7969119348283812,1.7913599715681003
sub-09,Pz,-0.3905943698480516,1.239055190783877,1.6296495606319286
sub-09,T7,0.20617927089156296,-0.041466862920127384,-0.24764613381169034
sub-09,T8,0.3305318343484045,-0.9094439715778698,-1.2399758059262744
sub-10,C3,0.12264463404423989,0.6704251248249686,0.5477804907807288
sub-10,C4,-1.3219122838529005,-0.6531941499044196,0.6687181339484809
sub-10,Cz,-1.5673588414478803,1.0687523810705035,2.636111222518384
sub-10,F3,0.15005940040628196,-0.13689846330533584,-0.2869578637116178
sub-10,F4,-1.3574794970128203,-0.06526659913381144,1.2922128978790088
sub-10,F7,-1.3665101110755358,-0.22858895873022975,1.137921152345306
sub-10,F8,-0.05197244780286408,-0.1298735041119106,-0.0779010563090465
sub-10,Fp1,0.668835671302348,-0.4454153693881989,-1.1142510406905468
sub-10,Fp2,0.2951207695569965,-0.4098909866435355,-0.705011756200532
sub-10,Fz,-1.6372786004713507,1.3115060058663424,2.948784606337693
sub-10,O1,0.3229204088092537,0.09808347620761682,-0.2248369326016369
sub-10,O2,0.5008359232859004,1.1073948966822242,0.6065589733963238
sub-10,P3,1.0943783260293198,0.4249793713338562,-0.6693989546954636
sub-10,P4,0.4590894668229814,1.2806373790316248,0.8215479122086433
sub-10,P7,0.37584310611149413,0.46862581942536075,0.09278271331386662
sub-10,P8,-0.030531104296786987,0.9709898866436826,1.0015209909404696
sub-10,Pz,0.35247185511243934,0.5347606494126075,0.18228879430016814
sub-10,T7,-0.6170943895520881,0.5084472262387728,1.1255416157908609
sub-10,T8,-0.5278270729515047,-0.8728783218510185,-0.3450512488995139
sub-11,C3,-0.32402640148502293,-0.020803550538907367,0.30322285094611556
sub-11,C4,0.20385198911317307,0.39366350491604707,0.189811515802874
sub-11,Cz,-0.45223072482307736,1.3614309070811732,1.8136616319042504
sub-11,F3,-0.46783374626639385,2.3102579214041876,2.7780916676705814
sub-11,F4,-1.5383189658192142,1.6284098623487795,3.1667288281679937
sub-11,F7,-1.015363594092623,0.9849331760438281,2.000296770136451
sub-11,F8,-0.007896455294177762,-0.34557671408270424,-0.3376802587885265
sub-11,Fp1,-1.4243035376950979,1.63664928674814,3.0609528244432376
sub-11,Fp2,-1.382486419070102,1.6415342757679974,3.024020694838099
sub-11,Fz,-1.0418362248014053,2.3037277334993234,3.345563958300729
sub-11,O1,-0.8565202274338817,0.8826471865751356,1.7391674140090174
sub-11,O2,-0.594152721523691,0.9216896274783122,1.5158423490020032
sub-11,P3,-0.3889554387936904,-0.13095795370364965,0.2579974850900407
sub-11,P4,0.3698634467674846,1.4632582349393608,1.0933947881718762
sub-11,P7,0.15833269306732836,0.3343082588869174,0.17597556581958904
sub-11,P8,0.2505701711897874,1.4625107324597573,1.2119405612699699
sub-11,Pz,-0.5551741045566791,0.6365590163819319,1.191733120938611
sub-11,T7,0.05981502077255382,-0.09062571080717292,-0.15044073157972676
sub-11,T8,0.3345362910682521,0.25353031858656366,-0.08100597248168845
sub-12,C3,0.36314205927481336,0.755329987443394,0.3921879281685806
sub-12,C4,-0.08704456838560093,0.6862355363589474,0.7732801047445483
sub-12,Cz,-0.6887081721803707,0.887421314790364,1.5761294869707347
sub-12,F3,-0.40485213070917886,2.6133413666824556,3.0181934973916347
sub-12,F4,-0.3945175756730555,0.8529528370235075,1.247470412696563
sub-12,F7,-1.0360559753384928,2.0052046805491903,3.041260655887683
sub-12,F8,-1.3227803637607385,1.3959006789311372,2.718681042691876
sub-12,Fp1,-0.7468436075350278,2.2522539141291142,2.999097521664142
sub-12,Fp2,-1.0089105513176504,1.7090938690289472,2.7180044203465976
sub-12,Fz,-0.6193565989311598,2.285102336169774,2.9044589351009336
sub-12,O1,0.1212332030844051,3.084896196508874,2.963662993424469
sub-12,O2,0.07555498487257506,2.9126111598968594,2.8370561750242844
sub-12,P3,-0.20693153186755034,0.7451764817970911,0.9521080136646414
sub-12,P4,0.4342518734828038,2.973000840540108,2.5387489670573045
sub-12,P7,0.1822305994975909,0.7299563394251829,0.547725739927592
sub-12,P8,-0.19144801093333358,2.9658725596536177,3.1573205705869514
sub-12,Pz,0.20264152822479214,1.667436544433448,1.4647950162086558
sub-12,T7,0.3640388760362868,1.0506184179262428,0.686579541889956
sub-12,T8,-0.15129875092553113,2.922647213836745,3.0739459647622764
sub-13,C3,-0.890762448206285,0.677736664050557,1.5684991122568421
sub-13,C4,1.4746334714104017,-0.4570795315027338,-1.9317130029131355
sub-13,Cz,-1.072466492275503,0.18443896654700206,1.256905458822505
sub-13,F3,0.6001098053498504,0.8888801373255514,0.288770331975701
sub-13,F4,1.2838479303892267,-0.2882557232240951,-1.572103653613322
sub-13,F7,-0.4525337464636252,-0.38625070028406727,0.06628304617955794
sub-13,F8,-0.08957944174815427,-0.18035123047734747,-0.0907717887291932
sub-13,Fp1,-1.4723387526664244,-0.10225383270666513,1.3700849199597593
sub-13,Fp2,0.9719188473830753,-1.0297523926896939,-2.001671240072769
sub-13,Fz,-0.7091067552168211,0.5431902802669226,1.2522970354837437
sub-13,O1,0.6183157910535406,1.6867504410270429,1.0684346499735022
sub-13,O2,-1.1552423939845222,0.9713781031036643,2.1266204970881866
sub-13,P3,-1.5490206290704034,0.30138248981997656,1.85040311889038
sub-13,P4,0.053007248114363054,0.6368141937649587,0.5838069456505957
sub-13,P7,0.38883976901337003,0.7990133386721437,0.4101735696587737
sub-13,P8,-0.6402392066920719,0.8357611062694179,1.4760003129614898
sub-13,Pz,-1.0227685489363811,0.7054523659157647,1.728220914852146
sub-13,T7,0.5396886930305644,0.3031964567516199,-0.23649223627894456
sub-13,T8,0.495252426640202,0.013580625684295298,-0.4816718009559067
sub-14,C3,0.279948418961495,0.9193163380801411,0.6393679191186461
sub-14,C4,-0.1985356574423358,0.3280790007589304,0.5266146582012662
sub-14,Cz,-1.5228844424788173,1.591497246692214,3.114381689171031
sub-14,F3,0.13259032141427002,0.2685187190026934,0.1359283975884234
sub-14,F4,0.7893508934090187,1.0952609627593999,0.30591006935038123
sub-14,F7,-0.4119000229407548,-0.9560706059668445,-0.5441705830260897
sub-14,F8,0.21104869956117064,-0.487161297106086,-0.6982099966672567
sub-14,Fp1,-0.9664660468262157,0.7286657183537218,1.6951317651799376
sub-14,Fp2,-0.42081301167167295,0.7016681008989618,1.1224811125706347
sub-14,Fz,-0.7023761789318204,1.8505435998964996,2.55291977882832
sub-14,O1,-0.17314927084477613,1.3498419546403797,1.5229912254851559
sub-14,O2,0.1796520719464479,1.3129004110664222,1.1332483391199744
sub-14,P3,-0.4881690096963605,-0.016154965426620926,0.4720140442697396
sub-14,P4,-1.2151696700254537,0.11620837987249408,1.3313780498979477
sub-14,P7,0.0345858046281075,0.1676649655116852,0.13307916088357769
sub-14,P8,-0.3272913704147351,1.4242533206797563,1.7515446910944914
sub-14,Pz,-1.0671139875977727,0.26577137797749095,1.3328853655752635
sub-14,T7,-0.33935553657094203,-1.0349185406615322,-0.6955630040905902
sub-14,T8,0.2027149026223197,0.7910706015979,0.5883556989755803
sub-15,C3,-1.192583135860088,1.3172700490679492,2.509853184928037
sub-15,C4,0.8610394845932725,0.47726251035956235,-0.38377697423371016
sub-15,Cz,0.03922460692154463,0.09576926817977444,0.05654466125822981
sub-15,F3,-0.22716596269195916,1.9227280680776908,2.14989403076965
sub-15,F4,1.0088821046210965,2.609527841751609,1.6006457371305123
sub-15,F7,-0.8544436684048728,2.1702880260193975,3.02473169442427
sub-15,F8,0.9756617486595005,2.6088212238072552,1.6331594751477547
sub-15,Fp1,0.5185807112168738,1.3427812751149815,0.8242005638981077
sub-15,Fp2,1.038468058444417,0.42399968385017855,-0.6144683745942385
sub-15,Fz,-0.09406945500542066,0.9704057476945275,1.0644752026999482
sub-15,O1,0.8274598726921282,2.572604511710371,1.745144639018243
sub-15,O2,-1.0103006610928384,4.343895751894074,5.354196412986912
sub-15,P3,0.21740156736333321,0.5226484984825917,0.30524693111925844
sub-15,P4,-0.44887714300006815,4.3123550868263045,4.761232229826373
sub-15,P7,0.29928098048407414,0.6578666545175551,0.35858567403348096
sub-15,P8,-0.4970929991146079,4.479039371748295,4.976132370862903
sub-15,Pz,1.0643489521840837,1.1750967670132373,0.11074781482915363
sub-15,T7,0.8813313026704424,0.4832889203291113,-0.39804238234133105
sub-15,T8,0.6449400369517106,2.855778976880871,2.21083893992916
sub-16,C3,-1.3062064698123734,-0.05963795124526987,1.2465685185671036
sub-16,C4,0.07997794365964866,-0.02026458375045545,-0.10024252741010412
sub-16,Cz,-0.30929160923234844,0.2557275733674631,0.5650191825998115
sub-16,F3,0.11757187473181833,0.1168805907773488,-0.0006912839544695321
sub-16,F4,0.1944158492956368,-0.061196254687601676,-0.25561210398323847
sub-16,F7,0.4029847778881921,-0.20240928924370621,-0.6053940671318983
sub-16,F8,-0.9995904993449042,0.9180122813664497,1.9176027807113538
sub-16,Fp1,0.7292763042510696,0.4414821899568597,-0.28779411429420987
sub-16,Fp2,-1.108661647386518,0.056644744572497824,1.1653063919590159
sub-16,Fz,0.7246191717383863,0.8160428809106721,0.09142370917228582
sub-16,O1,-0.3299956794131026,0.6958423117404011,1.0258379911535038
sub-16,O2,-0.2036354391968239,1.4069603495699852,1.610595788766809
sub-16,P3,-1.1081306997329514,0.47824675480007883,1.5863774545330303
sub-16,P4,-0.08375622835608743,1.5285001218523948,1.6122563502084821
sub-16,P7,-1.1786218458511506,0.4009385112789913,1.579560357130142
sub-16,P8,0.28257291584047595,1.589938242754931,1.307365326914455
sub-16,Pz,-1.6320345077006126,0.2778495448691193,1.909884052569732
sub-16,T7,-0.3690748548469005,0.26047505828106976,0.6295499131279703
sub-16,T8,0.19313870469991212,0.13198080297284198,-0.06115790172707014
sub-17,C3,0.12064459323030866,4.324986266307118,4.204341673076809
sub-17,C4,0.7523082440540476,1.1225059023427928,0.3701976582887452
sub-17,Cz,0.02183546164964506,6.3718540000111705,6.3500185383615255
sub-17,F3,-0.6436392230244238,6.007590801542424,6.651230024566848
sub-17,F4,-1.3361065226107631,3.9350000626850727,5.271106585295836
sub-17,F7,-0.8099831923044496,1.1710621660953882,1.9810453583998378
sub-17,F8,-0.6624934489940225,2.075886339809485,2.7383797888035075
sub-17,Fp1,-0.9014939808321447,3.7614639453808096,4.662957926212954
sub-17,Fp2,-0.7263361982778969,3.3938710343858913,4.120207232663788
sub-17,Fz,-0.10679140854571206,6.536548213254733,6.643339621800445
sub-17,O1,-1.480228978023129,7.222747101955683,8.702976079978813
sub-17,O2,-1.7834107091829035,7.239957548004423,9.023368257187325
sub-17,P3,-0.677389377969463,1.1954735295370993,1.8728629075065624
sub-17,P4,-1.182798531543528,6.798753623026232,7.98155215456976
sub-17,P7,-1.7275008352285308,3.4875033259329746,5.215004161161506
sub-17,P8,-0.3394144554326277,6.57728000983251,6.916694465265138
sub-17,Pz,-0.8122242583427934,3.4885203258427584,4.300744584185551
sub-17,T7,-0.011336124463244081,2.026397112915611,2.037733237378855
sub-17,T8,-0.08660435084514767,2.6832873236857866,2.769891674530934
sub-18,C3,0.3958650075213017,0.8246844324751419,0.4288194249538402
sub-18,C4,-0.5061787165106442,1.6077587730397533,2.1139374895503975
sub-18,Cz,0.124203791817217,2.429626224410117,2.3054224325929
sub-18,F3,-1.8617298689264228,1.2114417259596997,3.0731715948861225
sub-18,F4,-1.2537374946039972,1.628747677894393,2.88248517249839
sub-18,F7,-0.848441895186584,1.0665147752047457,1.9149566703913297
sub-18,F8,-1.2474286508774217,0.8952402435851217,2.1426688944625436
sub-18,Fp1,-0.3929276905967984,1.6393718542318525,2.0322995448286507
sub-18,Fp2,-1.2006550911603195,1.3703792688386447,2.571034359998964
sub-18,Fz,0.4453994420733762,2.5868020908150706,2.1414026487416944
sub-18,O1,-1.2406632220994305,1.6786636953179417,2.919326917417372
sub-18,O2,-0.5731743779279536,1.782134796404395,2.3553091743323487
sub-18,P3,-1.470886177811233,0.5214019469120468,1.9922881247232798
sub-18,P4,-0.5017284234175928,2.399320162939784,2.9010485863573767
sub-18,P7,0.11507257178904025,0.7741678338836114,0.6590952620945711
sub-18,P8,-0.2583257864869412,2.2666244862188574,2.5249502727057984
sub-18,Pz,-0.9968996735426677,0.23483156292672602,1.2317312364693938
sub-18,T7,-1.582541893129422,0.11346001974621472,1.6960019128756367
sub-18,T8,-0.24273712334657943,0.42395826520526747,0.666695388551847
sub-19,C3,-0.35870597475587374,2.4191285121272745,2.7778344868831484
sub-19,C4,0.033824608507522946,5.917994985772278,5.884170377264756
sub-19,Cz,-0.700183381192056,8.240453996119895,8.940637377311951
sub-19,F3,0.7100841685340223,5.551756130319596,4.841671961785574
sub-19,F4,-0.8389056433091227,7.137601396632716,7.976507039941839
sub-19,F7,-0.20303890717388368,0.3874933305381072,0.5905322377119908
sub-19,F8,0.4899067627485202,-0.9154345385199852,-1.4053413012685054
sub-19,Fp1,0.43428370587018617,5.011746213496046,4.57746250762586
sub-19,Fp2,0.17433968703799957,4.730035090573551,4.555695403535552
sub-19,Fz,0.1849834370127095,6.7434339663423275,6.558450529329618
sub-19,O1,-0.03452129824207435,6.4447022281531,6.479223526395175
sub-19,O2,-0.17580887129562797,6.759329858040731,6.935138729336359
sub-19,P3,-0.429060414584425,4.872456881333429,5.301517295917854
sub-19,P4,0.2453618183204905,5.407597703221006,5.162235884900515
sub-19,P7,-0.24964325562720216,4.9232633553134,5.172906610940602
sub-19,P8,-0.3532558299182915,3.6033730760541465,3.9566289059724378
sub-19,Pz,-0.2576237189494648,4.454518654354468,4.712142373303933
sub-19,T7,-0.4182087892192714,-1.3491744602779212,-0.9309656710586498
sub-19,T8,1.0700737099396171,-0.875552717694672,-1.9456264276342892
sub-20,C3,-0.49686583078598057,0.3799298065683688,0.8767956373543493
sub-20,C4,-0.012267156560565345,2.9790114830767775,2.991278639637343
sub-20,Cz,1.7902047372732828,2.665927334267002,0.8757225969937192
sub-20,F3,-1.2178461161155425,0.8472659342441877,2.0651120503597302
sub-20,F4,-0.541851692739231,3.8096128333057346,4.351464526044966
sub-20,F7,-0.04325724745204043,0.16206070082831808,0.20531794828035851
sub-20,F8,-0.48888245267106967,0.6300100600542287,1.1188925127252984
sub-20,Fp1,-0.8138021295568859,0.9007108432980422,1.7145129728549282
sub-20,Fp2,-0.538311200379915,1.5019132354115945,2.0402244357915094
sub-20,Fz,-1.3458014345954354,2.486259667985069,3.8320611025805045
sub-20,O1,-0.006924358005465973,2.2944084381605254,2.3013327961659913
sub-20,O2,0.37572307487078405,1.9943192141258963,1.6185961392551123
sub-20,P3,0.42367158776704616,0.02534988280774325,-0.3983217049593029
sub-20,P4,-0.3844238487728311,0.9458975369468932,1.3303213857197242
sub-20,P7,0.40783598606822435,1.1475357054574988,0.7396997193892745
sub-20,P8,0.14550065687109906,2.062535585045156,1.9170349281740569
sub-20,Pz,1.0276992996494618,0.7968975966746235,-0.23080170297483837
sub-20,T7,-1.1778238913464905,0.5204898537230952,1.6983137450695858
sub-20,T8,0.19970557026476632,0.5170055471235739,0.3172999768588076
sub-21,C3,0.7978376853931346,0.6988472694127847,-0.09899041598034986
sub-21,C4,0.9054233553998331,1.6258419078918536,0.7204185524920205
sub-21,Cz,-0.31602064472918556,0.904299282249364,1.2203199269785494
sub-21,F3,-0.04330463964065652,2.152148441713334,2.1954530813539903
sub-21,F4,-0.17945856902789362,2.847586661698879,3.0270452307267726
sub-21,F7,0.5322120545193642,0.5878740987314329,0.05566204421206877
sub-21,F8,0.26930920906611366,0.40676597394499947,0.1374567648788858
sub-21,Fp1,0.018624293958761876,0.3967129645167389,0.378088670557977
sub-21,Fp2,0.48449923190286404,0.45754272947401353,-0.026956502428850504
sub-21,Fz,-0.10235327498969893,3.505762788742097,3.6081160637317957
sub-21,O1,0.1355458225062653,3.360468109008716,3.2249222865024505
sub-21,O2,-1.4013461855832734,5.078660228224635,6.480006413807908
sub-21,P3,-0.6855922503259101,1.0490178655235245,1.7346101158494345
sub-21,P4,-0.03001463257859828,2.1856526003652057,2.215667232943804
sub-21,P7,-0.3404415958131473,0.7647742953738353,1.1052158911869827
sub-21,P8,-0.6610456813487071,2.740851138801371,3.4018968201500783
sub-21,Pz,-0.8345345339385686,3.230459194078209,4.064993728016777
sub-21,T7,-0.3847905349015565,0.2440408434749805,0.628831378376537
sub-21,T8,-1.413519731369653,0.3788675549177727,1.7923872862874257
sub-22,C3,-0.3204654609354119,1.8656128066262363,2.186078267561648
sub-22,C4,-0.4191732094508904,4.1876878911313895,4.60686110058228
sub-22,Cz,0.6838364026091416,3.1398064385138804,2.455970035904739
sub-22,F3,-0.6516782396829013,2.451063934915327,3.1027421745982284
sub-22,F4,-1.3961214490473055,2.94203637752221,4.338157826569516
sub-22,F7,-0.7847322383201445,0.8071210572388832,1.5918532955590277
sub-22,F8,-1.1080081032773428,3.0722335929827427,4.180241696260086
sub-22,Fp1,-0.37192335103991997,3.1187512041848082,3.4906745552247282
sub-22,Fp2,0.15202683843683085,3.7232115717578127,3.571184733320982
sub-22,Fz,-0.25738419445291894,3.7575236003139665,4.014907794766885
sub-22,O1,-0.5893803571347908,3.652034396639656,4.241414753774446
sub-22,O2,0.371228777926909,4.325846614052212,3.954617836125303
sub-22,P3,0.12558333506976865,2.8964733873277417,2.770890052257973
sub-22,P4,-1.0643222289384855,3.193043201908621,4.2573654308471065
sub-22,P7,0.38241994534461465,4.384384710847029,4.001964765502414
sub-22,P8,-0.426771994508077,2.6189029854372308,3.045674979945308
sub-22,Pz,-1.3564250043895392,2.8940099231617724,4.250434927551312
sub-22,T7,0.44137827142997005,0.6105509788073987,0.16917270737742868
sub-22,T8,0.3688808273890157,1.6667433297711067,1.297862502382091
sub-23,C3,0.37609905953984446,-0.9960919673692792,-1.3721910269091238
sub-23,C4,-0.29774521989496483,-0.6548257767587201,-0.3570805568637553
sub-23,Cz,-0.017974891726319386,-0.41906110270562325,-0.40108621097930386
sub-23,F3,-0.10759411415031439,0.5285015872380395,0.6360957013883539
sub-23,F4,-0.6859495302825137,0.9001267214068345,1.5860762516893483
sub-23,F7,-0.588460219116211,0.8159058864490327,1.4043661055652437
sub-23,F8,-1.068551322842318,0.6959101975753347,1.7644615204176528
sub-23,Fp1,-0.8524408867890848,0.6137575543225504,1.466198441111635
sub-23,Fp2,-0.5388778256342095,0.8043069559761997,1.3431847816104092
sub-23,Fz,-0.6911324734031798,0.7502555657849818,1.4413880391881615
sub-23,O1,0.42530747129460406,1.3016457110101403,0.8763382397155361
sub-23,O2,0.640707071232412,0.3840535270053784,-0.25665354422703357
sub-23,P3,0.34526921956675904,0.15137775847644108,-0.19389146109031796
sub-23,P4,-0.09315581580718538,1.02943797741978,1.1225937932269654
sub-23,P7,0.7429945264439219,0.487005216815947,-0.25598930962797495
sub-23,P8,0.15921679450246068,1.1801855473904652,1.0209687528880045
sub-23,Pz,-0.10829963660975292,1.3594516467955997,1.4677512834053525
sub-23,T7,0.5349243836471045,-0.3099279481832652,-0.8448523318303697
sub-23,T8,-1.6983250567701773,0.6300418756189448,2.3283669323891223
sub-24,C3,0.4026752413575095,0.821883440368059,0.41920819901054956
sub-24,C4,1.0150460027311259,0.9173093753280168,-0.09773662740310907
sub-24,Cz,1.3271730351792046,1.0690046208391701,-0.25816841434003446
sub-24,F3,0.26245194176443154,2.154667096901434,1.8922151551370023
sub-24,F4,-0.5244384538025284,-0.05278804632097983,0.4716504074815486
sub-24,F7,-0.5044425901866795,2.1488758718926784,2.653318462079358
sub-24,F8,-0.5907632303951764,-0.29768498088180173,0.2930782495133747
sub-24,Fp1,-0.4188603840241398,1.25637768353279,1.6752380675569298
sub-24,Fp2,-0.6635626034967369,0.20694314508486444,0.8705057485816013
sub-24,Fz,-0.3735854748817767,1.117354897051411,1.4909403719331875
sub-24,O1,-0.25041632786409374,0.3702126823868851,0.6206290102509788
sub-24,O2,0.1194154580770707,0.03937139002419664,-0.08004406805287406
sub-24,P3,-0.7933787337165576,-0.4901704329671669,0.30320830074939076
sub-24,P4,-1.213256440308078,1.4271553767246279,2.6404118170327058
sub-24,P7,0.6334426612338376,-0.028500713582749422,-0.661943374816587
sub-24,P8,-0.22915616951732853,2.0732992542879813,2.30245542380531
sub-24,Pz,-0.787631133506995,0.5557067601968486,1.3433378937038436
sub-24,T7,-0.3952294755505578,0.4300054942936108,0.8252349698441686
sub-24,T8,-0.008275632473994765,3.432109247480944,3.4403848799549386
sub-25,C3,0.0748926540525049,0.530950266676637,0.45605761262413214
sub-25,C4,-0.2423944794938916,-0.4168499068859097,-0.17445542739201814
sub-25,Cz,-0.1356962983324469,-0.3691221373966632,-0.23342583906421632
sub-25,F3,-0.752503066951112,0.23869389908634492,0.9911969660374569
sub-25,F4,0.29748333332533006,-0.28987712992267595,-0.5873604632480061
sub-25,F7,-0.5084265115737973,-0.07947236249226464,0.4289541490815326
sub-25,F8,-2.0136501536232805,0.7009132741355923,2.714563427758873
sub-25,Fp1,0.6058343052979184,-0.2866244075807057,-0.8924587128786241
sub-25,Fp2,1.0663837334492903,0.35513695021441105,-0.7112467832348792
sub-25,Fz,0.9114278230093844,0.34614451188986073,-0.5652833111195237
sub-25,O1,0.0935929916939177,0.2756814201640959,0.1820884284701782
sub-25,O2,-0.46928888307272143,-0.0022400506876224264,0.467048832385099
sub-25,P3,0.9983822857391869,-0.35539787382359744,-1.3537801595627843
sub-25,P4,-0.04560532039808461,-0.8737917191340817,-0.8281863987359971
sub-25,P7,1.131747440265193,-0.02798582691991535,-1.1597332671851084
sub-25,P8,-0.41343164147417427,0.5502750851605329,0.9637067266347072
sub-25,Pz,0.5536312050551306,-0.038537180346357267,-0.5921683854014879
sub-25,T7,0.8566664004015224,-0.2840050244216432,-1.1406714248231657
sub-25,T8,0.3763262293840221,-0.1501328514706461,-0.5264590808546682
sub-26,C3,0.18510643049248243,1.9666001399776,1.7814937094851175
sub-26,C4,-0.09450982785307434,1.7506049345536698,1.845114762406744
sub-26,Cz,0.8584493725355905,2.0041347433671035,1.145685370831513
sub-26,F3,-2.4936252035018986,2.0008296338989173,4.494454837400816
sub-26,F4,-0.03436256035323329,3.516654902735583,3.5510174630888165
sub-26,F7,-1.8398951943305568,0.8591654364718394,2.6990606308023963
sub-26,F8,0.2341210130788578,1.6931902629418627,1.459069249863005
sub-26,Fp1,0.31463760589511425,1.0090461180926356,0.6944085121975213
sub-26,Fp2,1.1452857033827408,1.642753264254257,0.4974675608715162
sub-26,Fz,0.18910889459780894,3.941245328083789,3.75213643348598
sub-26,O1,0.5823096112048434,1.4625208021626315,0.8802111909577881
sub-26,O2,-0.36586746240794016,1.9182355423361372,2.2841030047440776
sub-26,P3,1.7195229408618031,2.767823491837425,1.0483005509756218
sub-26,P4,-1.4071238526235774,0.5406382973231323,1.9477621499467097
sub-26,P7,1.0997466398502544,2.7938571281048965,1.694110488254642
sub-26,P8,1.202412799340331,0.5374013277794418,-0.6650114715608892
sub-26,Pz,0.9846514053403292,1.3854703113572442,0.40081890601691494
sub-26,T7,-0.3807248212554397,-0.25718233304032756,0.12354248821511216
sub-26,T8,0.4811178828554251,0.4462448471349769,-0.0348730357204482
sub-27,C3,-0.8443702014159596,0.18222059738106194,1.0265907987970215
sub-27,C4,-0.4910138033266467,0.5517861445237104,1.0427999478503571
sub-27,Cz,-0.8342497486583257,0.4104005431973441,1.2446502918556699
sub-27,F3,0.5880702162456116,0.22464590665730347,-0.3634243095883082
sub-27,F4,-0.10196844631120595,0.23020297614173424,0.3321714224529402
sub-27,F7,0.5240459264012294,0.005662470909075491,-0.5183834554921539
sub-27,F8,0.10192611415746351,-0.1832545782176072,-0.2851806923750707
sub-27,Fp1,0.7915774482381221,0.13510436303923878,-0.6564730851988834
sub-27,Fp2,-0.10555093811736833,0.8180240713006375,0.9235750094180059
sub-27,Fz,0.7364390393412659,2.5871082618548247,1.8506692225135588
sub-27,O1,-0.7113551349213398,1.4760235086685274,2.1873786435898674
sub-27,O2,-0.24740946954332446,3.1865872294181203,3.4339966989614448
sub-27,P3,0.15069808512632576,0.546074695904637,0.3953766107783112
sub-27,P4,0.1521942196729414,2.6167100816837485,2.464515862010807
sub-27,P7,0.12930653606064552,0.6842524653412556,0.55494592928061
sub-27,P8,-0.24001902643536646,0.3616108866357845,0.601629913071151
sub-27,Pz,-0.2230601561984497,2.8373218421461908,3.0603819983446403
sub-27,T7,-0.016733053923679686,0.5321900065087685,0.5489230604324482
sub-27,T8,-0.09288122758905992,0.2584036695095914,0.35128489709865135
sub-28,C3,-0.3963507909625008,-0.07956946817026213,0.3167813227922387
sub-28,C4,-1.4190354571153683,-0.4721769801720569,0.9468584769433114
sub-28,Cz,-1.0806469285749924,0.03926018200116339,1.1199071105761558
sub-28,F3,-0.6328456478292467,-0.6808623229409472,-0.04801667511170049
sub-28,F4,-1.4177414843837104,-0.5732010397843763,0.8445404445993341
sub-28,F7,-0.5339657466330598,-0.7728437570334534,-0.23887801040039358
sub-28,F8,-0.15781415884231423,-0.2381943432637813,-0.08038018442146708
sub-28,Fp1,-0.5169552401289392,-0.6354411099923526,-0.11848586986341336
sub-28,Fp2,-0.6733100432809179,-0.8376655253845585,-0.1643554821036406
sub-28,Fz,-0.4223859080822068,-0.6338844635492922,-0.2114985554670854
sub-28,O1,-0.14046363865655068,-0.9706690475837682,-0.8302054089272175
sub-28,O2,0.23100425353625847,-0.8776173118340727,-1.108621565370331
sub-28,P3,-1.0853682330096506,-0.1339965425958651,0.9513716904137854
sub-28,P4,-0.442063503690179,-0.39565049845878864,0.04641300523139036
sub-28,P7,-1.2474933940933544,0.0003502073778980097,1.2478436014712524
sub-28,P8,-1.366757237923398,-0.07087801258674462,1.2958792253366536
sub-28,Pz,-0.33054881949916654,-0.5742088805906688,-0.24366006109150223
sub-28,T7,-0.22961904624369883,0.26228618521126656,0.4919052314549654
sub-28,T8,-0.0725481786877718,-0.6038611431684328,-0.5313129644806609
sub-29,C3,-0.5466383980338266,0.5964973924044318,1.1431357904382584
sub-29,C4,-1.009075602912394,0.9561335806161464,1.9652091835285403
sub-29,Cz,0.6594456696571996,2.7295217198744757,2.070076050217276
sub-29,F3,1.2060920463672509,0.729685172475957,-0.4764068738912939
sub-29,F4,0.5738860689375335,2.3226258794512065,1.748739810513673
sub-29,F7,1.3302263900580973,0.6488836895750483,-0.681342700483049
sub-29,F8,0.21572943640580577,0.9806271072098076,0.7648976708040018
sub-29,Fp1,1.4316287333030582,0.7970652675446228,-0.6345634657584354
sub-29,Fp2,0.9752142069736384,0.9522780530316513,-0.022936153941987114
sub-29,Fz,0.7686626597400464,1.450796605120593,0.6821339453805465
sub-29,O1,0.3317578619968161,1.2127347872942071,0.880976925297391
sub-29,O2,-0.39845728557496046,1.6312300925883,2.0296873781632607
sub-29,P3,0.3793752703649796,0.3325783351899728,-0.04679693517500677
sub-29,P4,0.43521170269052434,1.2082902872170584,0.7730785845265341
sub-29,P7,0.6070516306241499,0.4247657326705476,-0.18228589795360228
sub-29,P8,0.06450553926096951,2.0318961337054295,1.96739059444446
sub-29,Pz,0.723952422331347,1.0421898135958012,0.31823739126445416
sub-29,T7,-0.26808583415722875,0.0878420808687129,0.3559279150259417
sub-29,T8,-0.5454678249548401,1.4215706743500678,1.967038499304908
sub-30,C3,0.6924637867272158,1.3195727848185201,0.6271089980913044
sub-30,C4,-1.0685458901130704,1.4145323206666867,2.483078210779757
sub-30,Cz,-0.20911307285181877,0.8976351472890111,1.1067482201408299
sub-30,F3,-1.775189702057122,2.7635507236387005,4.538740425695822
sub-30,F4,-1.1638948183017708,3.668063207604776,4.831958025906546
sub-30,F7,-1.7706198042856196,2.359084330998157,4.1297041352837764
sub-30,F8,-1.1831885748069977,2.9040041197065882,4.087192694513586
sub-30,Fp1,-2.140896867925791,2.9047926221513385,5.045689490077129
sub-30,Fp2,-1.4805874119484532,2.860393526188844,4.340980938137297
sub-30,Fz,-1.2220592093430613,3.0470745012182796,4.269133710561341
sub-30,O1,-0.6742652786232632,1.9340607935952774,2.6083260722185404
sub-30,O2,-1.1683374322578288,2.959604460202611,4.12794189246044
sub-30,P3,-0.5011105222017074,2.0545951786258545,2.555705700827562
sub-30,P4,-1.671122713558435,3.0612141281145755,4.7323368416730105
sub-30,P7,-0.032768726704513,1.812652783770298,1.8454215104748108
sub-30,P8,-1.1874709943695867,2.711043870949066,3.8985148653186528
sub-30,Pz,-0.6019844950936473,3.085810074488935,3.6877945695825822
sub-30,T7,-0.29007985297725386,0.0539055990935455,0.34398545207079934
sub-30,T8,-0.5552029184494737,1.6668399963378175,2.2220429147872913
sub-31,C3,0.3727955180557233,0.9788004265412962,0.6060049084855729
sub-31,C4,-0.6416956474913333,2.7465369988843715,3.388232646375705
sub-31,Cz,-0.5554852012107137,1.818066565640968,2.3735517668516817
sub-31,F3,-0.3051429756163032,6.702513535663003,7.007656511279306
sub-31,F4,-1.2258183159420923,5.835491247951296,7.0613095638933885
sub-31,F7,-0.8249744495526167,6.427712152096149,7.252686601648765
sub-31,F8,0.0909892042577819,1.2294665964564575,1.1384773921986757
sub-31,Fp1,0.19685491794273305,6.213920085289486,6.017065167346752
sub-31,Fp2,0.7878794492686366,1.6098268616676417,0.821947412399005
sub-31,Fz,-0.33901690164615983,7.117523355932915,7.456540257579075
sub-31,O1,0.17243121631893882,6.278115346816299,6.10568413049736
sub-31,O2,-0.08121137882667935,6.428489470838466,6.509700849665145
sub-31,P3,0.060516754764588676,4.812272168614761,4.751755413850173
sub-31,P4,-1.1520781224507508,5.443808934011465,6.595887056462216
sub-31,P7,-0.07836892082198388,5.409977076176757,5.488345996998741
sub-31,P8,0.8371329469379847,4.463691998268583,3.6265590513305987
sub-31,Pz,0.24613873927802807,5.068022472514558,4.82188373323653
sub-31,T7,-0.5797960547941299,0.05225215615605393,0.6320482109501838
sub-31,T8,0.5916554424923727,3.645067925752567,3.0534124832601943
sub-32,C3,1.0954277528873042,0.45361488160259333,-0.6418128712847109
sub-32,C4,-0.5455098917329495,2.264582383422674,2.8100922751556237
sub-32,Cz,-0.8343157382836964,1.522574345886016,2.3568900841697125
sub-32,F3,-1.4227718419061268,0.6404953506771551,2.063267192583282
sub-32,F4,-0.12810405582475035,5.573605785515595,5.701709841340346
sub-32,F7,-1.8504688026718323,0.5321033634897862,2.3825721661616184
sub-32,F8,0.4088882124018021,1.578656744173261,1.169768531771459
sub-32,Fp1,-0.39950100560859003,4.520039147427255,4.919540153035845
sub-32,Fp2,0.9314729269297781,3.2008440807474035,2.2693711538176253
sub-32,Fz,-0.4221111589367814,5.717144157309445,6.139255316246226
sub-32,O1,-1.1354568373221854,6.459720583257949,7.595177420580135
sub-32,O2,-0.9529101469250933,6.5938450046798325,7.546755151604926
sub-32,P3,-0.9203194503779736,3.88747161597478,4.807791066352753
sub-32,P4,-0.559139026491023,5.467169941490357,6.02630896798138
sub-32,P7,-1.4354389579412465,4.638523836979749,6.073962794920996
sub-32,P8,-0.15975176691655987,4.510128849644765,4.669880616561325
sub-32,Pz,-0.7067618112025484,5.351516354853189,6.058278166055738
sub-32,T7,-1.4036462671660594,2.0726742040957093,3.4763204712617686
sub-32,T8,-0.24163832607338934,0.23261198996582552,0.47425031603921486
sub-33,C3,-1.2825741187799713,1.0756645922151393,2.358238710995111
sub-33,C4,0.6659883949497829,1.1765560403605844,0.5105676454108015
sub-33,Cz,-1.577272318469142,0.8216815515014531,2.398953869970595
sub-33,F3,1.0076956394859469,1.4089302732603404,0.4012346337743935
sub-33,F4,0.9966954067127093,0.40801734048630106,-0.5886780662264082
sub-33,F7,0.8178927752241173,1.5763636544712858,0.7584708792471685
sub-33,F8,-0.6171188771266416,0.4622623669578469,1.0793812440844885
sub-33,Fp1,0.7748748795535939,0.7156803330271899,-0.05919454652640399
sub-33,Fp2,0.4738177481447061,0.22355081739041013,-0.25026693075429596
sub-33,Fz,0.4137285764992568,0.3850212523212335,-0.028707324178023297
sub-33,O1,0.7079365586950859,1.4806280233334468,0.7726914646383609
sub-33,O2,0.5515625329761589,0.9991689692616388,0.4476064362854799
sub-33,P3,0.2536259176073158,0.11158115344983516,-0.14204476415748063
sub-33,P4,-0.7125549727920049,0.9558996993467115,1.6684546721387163
sub-33,P7,0.2991362734066825,0.7084722024918257,0.40933592908514327
sub-33,P8,0.592484700159613,0.8820756786289529,0.2895909784693399
sub-33,Pz,-0.04744491147188724,0.674140587995175,0.7215854994670622
sub-33,T7,0.07002386028706065,-0.6256032415498646,-0.6956271018369252
sub-33,T8,0.6211600325019709,1.067212952240009,0.44605291973803796
sub-34,C3,0.3666008454135632,1.233791851630845,0.8671910062172818
sub-34,C4,0.8271269776980906,-0.6336854977084272,-1.460812475406518
sub-34,Cz,-0.5140183406413446,-0.1399876253553671,0.3740307152859774
sub-34,F3,-1.0097173639086885,-0.6649376683162738,0.3447796955924147
sub-34,F4,0.8644928127247653,-0.40169957342985163,-1.266192386154617
sub-34,F7,-0.6022147244117257,-0.7928819390892047,-0.19066721467747894
sub-34,F8,0.9435790623727263,-0.3279406204576769,-1.2715196828304032
sub-34,Fp1,-0.044994731836550644,0.20353987706510476,0.2485346089016554
sub-34,Fp2,0.08737389548082286,0.3664517359258066,0.27907784044498374
sub-34,Fz,0.1762295463273632,0.20037369879820993,0.024144152470846725
sub-34,O1,1.2445008093082461,-0.6603159177348912,-1.9048167270431373
sub-34,O2,0.8306116566827835,-0.7666863168344907,-1.597297973517274
sub-34,P3,-0.6312031649898089,-0.35564065499570874,0.27556250999410015
sub-34,P4,0.12259512087919017,0.20848065045231134,0.08588552957312118
sub-34,P7,-0.5968426749586419,-0.5989877968712816,-0.0021451219126397136
sub-34,P8,0.22724029431620923,0.4652770001067292,0.23803670579051994
sub-34,Pz,-0.5352289196222237,0.14132346104568094,0.6765523806679047
sub-34,T7,0.3794448006311696,-0.9099427785531606,-1.2893875791843303
sub-34,T8,0.19378713497151134,0.6836160876627783,0.4898289526912669
sub-35,C3,-0.3835337024888912,0.4221685790005837,0.8057022814894749
sub-35,C4,-0.07382758613040252,0.47675771303681586,0.5505852991672184
sub-35,Cz,0.17988212100349707,1.457121463400663,1.277239342397166
sub-35,F3,-1.632611894953991,-0.17975903797217357,1.4528528569818173
sub-35,F4,0.31269311604321565,-0.7916384293609666,-1.1043315454041822
sub-35,F7,-0.6613640270414531,-0.6810228353293526,-0.019658808287899454
sub-35,F8,-0.14227147276760874,-0.7535995993807061,-0.6113281266130973
sub-35,Fp1,0.4087130541006402,0.6477342321415743,0.23902117804093415
sub-35,Fp2,0.04634135183521114,0.9939642309521406,0.9476228791169294
sub-35,Fz,1.0490735677873861,1.1669284383809326,0.11785487059354649
sub-35,O1,0.7908547431758854,1.257973458464579,0.46711871528869353
sub-35,O2,-1.0900437092955542,0.885738945604858,1.9757826549004123
sub-35,P3,0.014841100308258776,0.5202893984666348,0.505448298158376
sub-35,P4,-0.9494726084835334,1.4443086233534435,2.393781231836977
sub-35,P7,0.4942084403291317,0.6460146935661307,0.15180625323699903
sub-35,P8,-0.40377676452777944,2.1474324308927955,2.551209195420575
sub-35,Pz,-0.10761341425772242,0.6755174252075316,0.783130839465254
sub-35,T7,0.2057267813390275,-0.18263880344790595,-0.38836558478693345
sub-35,T8,0.1469897563768481,-1.1407469773019665,-1.2877367336788146
