participant_id,sex,age,group,mmse,snr_narrow_db_rest,snr_narrow_db_stimulus,snr_broad_db_rest,snr_broad_db_stimulus,target_power_db_v2_hz_rest,target_power_db_v2_hz_stimulus,snr_narrow_db_stim_minus_rest,snr_broad_db_stim_minus_rest,target_power_db_v2_hz_stim_minus_rest
sub-01,Male,65,Normal,28.0,-0.06928386181041946,3.2753418293365266,-0.0984503633031727,3.500759134569189,-142.10941024218286,-138.705226655219,3.344625691146946,3.5992094978723617,3.4041835869638533
sub-02,Female,70,Mild AD,23.0,-0.7553179604915552,-0.08755163587073608,-1.1219229275391844,0.05839516544308759,-147.56503861510765,-146.20003611199704,0.6677663246208191,1.180318092982272,1.3650025031106168
sub-03,Male,75,Normal,27.0,0.15697796383163176,0.7302153964782438,0.5646708883811375,1.0553892962983837,-135.18642951475886,-133.68363692804004,0.5732374326466121,0.4907184079172462,1.5027925867188117
sub-04,Male,82,Mild AD,21.0,0.17878435796176273,0.5121433490095435,0.3287445549126855,0.47801615065467173,-124.84241112851814,-125.05867534627336,0.3333589910477808,0.14927159574198623,-0.2162642177552243
sub-05,Male,75,Mild AD,21.0,0.13710365238507408,2.68916465968105,-0.561926760978326,2.636327487943541,-134.58970903207575,-132.35151795931276,2.552061007295976,3.198254248921867,2.2381910727629872
sub-06,Female,69,-,,-0.240422559336198,0.7152957262190243,-0.07548288863250718,0.8148400163509677,-127.26562943919245,-127.34245227929553,0.9557182855552222,0.8903229049834749,-0.07682284010307683
sub-07,Male,89,Mild AD,19.0,-0.5527979973861363,0.11924725425874991,-0.20324860656330984,0.13067391146530127,-137.09262218839572,-136.53907384974718,0.6720452516448863,0.3339225180286111,0.5535483386485396
sub-08,Male,70,Normal,24.0,-0.3775139539923271,1.4434189427337156,-0.5411775066953908,1.6206334109554796,-135.40117412114313,-133.98659165455294,1.8209328967260427,2.1618109176508704,1.4145824665901898
sub-09,Female,57,Normal,26.0,0.3448042747116572,-0.3619102478945314,0.5436353676708862,-0.30759509968104304,-131.4575716512653,-132.44148745505774,-0.7067145226061886,-0.8512304673519292,-0.9839158037924278
sub-10,Male,81,Normal,28.0,-0.8866537348030683,0.5937513730179429,-0.7369569073849037,0.844363121774119,-132.30232611778237,-133.36935866963864,1.4804051078210112,1.5813200291590226,-1.067032551856272
sub-11,Female,88,Mild AD,20.0,-0.16510008956584799,0.774747427295482,-0.30225534918577235,0.5940859247355591,-135.11124969328833,-134.05530697561005,0.93984751686133,0.8963412739213314,1.0559427176782776
sub-12,Female,63,Normal,30.0,-1.0230662767803556,1.1994246917758156,-1.4856193000978246,0.6287326868035162,-136.99966996895284,-135.47053619597796,2.222490968556171,2.1143519869013407,1.5291337729748875
sub-13,Male,60,-,,-0.6564034073900323,0.4746883239247771,-0.5777924237853431,0.372061817311069,-138.64358125294316,-136.8454497996569,1.1310917313148094,0.9498542410964121,1.7981314532862598
sub-14,Female,79,Mild AD,18.0,-0.317164522126878,1.2693330972028278,-0.2887072410275153,1.3132048469167266,-133.87142751609923,-132.96671417282704,1.5864976193297058,1.601912087944242,0.9047133432721921
sub-15,Female,77,Mild AD,19.0,-0.19563535796056358,0.5649330487024766,0.04277247663598982,1.0076703335976651,-129.75898518564912,-129.73094285889945,0.7605684066630403,0.9648978569616753,0.02804232674967011
sub-16,Male,68,Mild AD,25.0,-0.3998635911653312,0.28304119758561697,-0.25155041029608527,0.4228469147802299,-133.3882952035007,-132.70373212899008,0.6829047887509482,0.6743973250763151,0.6845630745106064
sub-17,Male,65,MCI,25.0,0.06294131590976909,4.564253884766916,-0.05268063582214105,4.918916861337627,-138.49719200561236,-133.47537922866505,4.501312568857147,4.9715974971597685,5.021812776947314
sub-18,Female,76,MCI,18.0,-0.20019973400790453,1.7211055329727307,0.10515942650237622,1.7922158824093668,-132.90466226266966,-131.05489932286932,1.9213052669806352,1.6870564559069905,1.8497629398003426
sub-19,Female,82,MCI,13.0,-0.22079650340517107,5.958686185301756,0.0353291274669581,6.136049083213278,-131.7008766452999,-125.30386530451794,6.179482688706927,6.10071995574632,6.397011340781958
sub-20,Female,82,Mild AD,13.0,0.024971763038970363,2.15643451975322,0.054923505286289115,2.2853191093689245,-133.04415076796624,-130.4334762533428,2.1314627567142495,2.230395604082635,2.6106745146234402
sub-21,Male,78,Mild AD,30.0,0.3855570945724478,1.7300829330316911,0.1314423438578783,1.8771318667999282,-136.33027321715764,-134.798172051353,1.3445258384592433,1.74568952294205,1.5321011658046473
sub-22,Female,67,Normal,29.0,-0.03508704118325093,3.155675738387757,-0.03686843176464219,3.3692894533057833,-137.442089757205,-133.3829113448827,3.190762779571008,3.4061578850704257,4.0591784123222965
sub-23,Female,75,Mild AD,14.0,-0.1252778483493851,-0.1892988457069025,-0.17694383443838316,0.2082282736160025,-134.58249373911602,-136.04349684863703,-0.0640209973575174,0.3851721080543856,-1.461003109521016
sub-24,Male,81,Moderate AD,23.0,0.2628039478966897,0.9367905657338098,0.7521147889524818,0.9069907058950689,-135.39469240151345,-135.14893472117075,0.6739866178371201,0.15487591694258707,0.24575768034270595
sub-25,Female,68,Normal,24.0,0.12332462349802609,-0.12695936434790123,0.13353869022047288,-0.20973369502293904,-123.85109591748123,-123.75744060443512,-0.2502839878459273,-0.3432723852434119,0.09365531304611352
sub-26,Male,54,Normal,28.0,0.6240414589598182,2.460870855751259,0.4759493837172975,2.3268936658625443,-137.45535435895005,-135.45949325126435,1.8368293967914409,1.8509442821452469,1.9958611076856982
sub-27,Male,64,MCI,23.0,-0.4789238061311345,0.9643409598026651,-0.2177165026705164,1.0832901664369523,-135.29750263454002,-134.5219990537925,1.4432647659337996,1.3010066691074686,0.775503580747511
sub-28,Male,60,MCI,26.0,-0.9071445530347957,-0.3516015496780609,-0.685408352379563,0.010389011218692401,-133.34522794445422,-132.88332114324126,0.5555430033567348,0.6957973635982554,0.4619068012129617
sub-29,Male,85,Mild AD,16.0,-0.21689909619946238,1.2409628789553895,-0.21537423549442472,1.3614239330394748,-128.44713479861318,-127.29401956985106,1.4578619751548518,1.5767981685338996,1.1531152287621182
sub-30,Male,71,Mild AD,22.0,-0.8306660721856725,1.599284924772855,-0.6584460533261436,1.6856146254435032,-134.54078439469686,-132.19314810252496,2.4299509969585276,2.3440606787696465,2.3476362921718987
sub-31,Female,59,Normal,26.0,-0.31003162444696575,3.181020024180416,0.017948171226274873,3.3240455299816585,-138.41942495900952,-135.1013237688639,3.4910516486273817,3.3060973587553835,3.318101190145626
sub-32,Female,71,MCI,21.0,-0.41153924180617973,2.650337731673651,-0.6798717485046801,2.516816655447391,-140.20533963409855,-137.4066663060481,3.061876973479831,3.196688403952071,2.798673328050455
sub-33,Female,83,Mild AD,15.0,-0.3461527300136198,0.7011885544449521,-0.5002069537150903,0.7854699942039544,-137.4858491407635,-135.70247657149193,1.0473412844585719,1.2856769479190446,1.7833725692715632
sub-34,Female,78,Mild AD,20.0,0.08177915679784184,0.1291507081415264,0.053324815195218644,-0.010776841179115093,-135.05038122652604,-135.01372423265354,0.047371551343684565,-0.06410165637433374,0.03665699387249788
sub-35,Male,77,Mild AD,21.0,0.12316776821754619,0.9249817855071862,0.1964983007173266,1.1821017069338846,-136.4141639938975,-134.39333582308564,0.8018140172896401,0.985603406216558,2.0208281708118534
