raw_status_code,count,allowed_without_overlap_decoding
0,1,False
1,96,True
2,96,True
3,96,True
4,96,True
11,48,True
12,48,True
13,6,False
14,8,False
15,9,False
21,48,True
22,48,True
23,21,False
31,48,True
32,48,True
33,8,False
34,7,False
35,5,False
36,8,False
41,48,True
42,48,True
43,25,False
45,8,False
46,4,False
51,48,True
52,47,True
53,6,False
54,6,False
55,12,True
59,20,False
60,24,True
61,48,True
62,45,True
63,26,False
71,48,True
72,48,True
73,8,False
74,5,False
75,7,True
76,3,False
80,1,True
81,48,True
82,47,True
83,24,False
85,7,True
86,4,False
95,26,False
104,26,False
121,22,False
122,28,False
254,12,False
255,16,False
