sub_id,group
sub-001,A
sub-002,A
sub-003,A
sub-004,A
sub-006,A
sub-007,A
sub-008,A
sub-009,A
sub-010,A
sub-011,A
sub-012,A
sub-013,A
sub-014,A
sub-015,A
sub-016,A
sub-017,A
sub-018,A
sub-019,A
sub-020,A
sub-021,A
sub-022,A
sub-023,A
sub-024,A
sub-025,A
sub-026,A
sub-027,A
sub-028,A
sub-029,A
sub-030,A
sub-031,A
sub-032,A
sub-033,A
sub-034,A
sub-035,A
sub-036,A
sub-037,C
sub-038,C
sub-039,C
sub-040,C
sub-041,C
sub-042,C
sub-043,C
sub-044,C
sub-045,C
sub-046,C
sub-047,C
sub-048,C
sub-049,C
sub-050,C
sub-051,C
sub-052,C
sub-053,C
sub-054,C
sub-055,C
sub-056,C
sub-057,C
sub-058,C
sub-059,C
sub-060,C
sub-061,C
sub-062,C
sub-063,C
sub-064,C
sub-065,C
sub-066,F
sub-067,F
sub-068,F
sub-069,F
sub-070,F
sub-071,F
sub-072,F
sub-073,F
sub-074,F
sub-076,F
sub-077,F
sub-078,F
sub-079,F
sub-080,F
sub-081,F
sub-082,F
sub-083,F
sub-084,F
sub-085,F
sub-086,F
sub-087,F
sub-088,F
