channel,frequency_hz,n_subjects,median_snr_db
C3,5.0,80,-0.035750803733303374
C3,10.0,76,2.813616655489564
C3,15.0,78,4.77297275130128
C3,20.0,77,2.586095781934187
C4,5.0,80,1.5812907267853018
C4,10.0,76,2.9399565675770485
C4,15.0,78,3.9395910133631435
C4,20.0,77,2.758751394904294
Cz,5.0,80,1.61438337006249
Cz,10.0,76,5.865942322595775
Cz,15.0,78,7.429396713232343
Cz,20.0,77,3.6526599538245326
F3,5.0,80,1.268384833925969
F3,10.0,76,4.6917249590812515
F3,15.0,78,5.516612070731044
F3,20.0,77,3.696372812302809
F4,5.0,80,2.10633900224149
F4,10.0,76,4.460415797360897
F4,15.0,78,5.133931328560539
F4,20.0,77,3.1243864708159257
F7,5.0,80,-0.19871193143084998
F7,10.0,76,3.2773742191309543
F7,15.0,78,4.532265066196837
F7,20.0,77,3.4388689866968694
F8,5.0,80,-0.27192925002325263
F8,10.0,76,3.6177382387783634
F8,15.0,78,4.0851668232771186
F8,20.0,77,3.6389817346035
Fp1,5.0,80,-0.2038782367454638
Fp1,10.0,76,4.9027439231770975
Fp1,15.0,78,3.7268960120642785
Fp1,20.0,77,4.6925715581727605
Fp2,5.0,80,-0.1506772024522109
Fp2,10.0,76,5.811384865652068
Fp2,15.0,78,3.2347324193988647
Fp2,20.0,77,4.483368491473115
Fz,5.0,80,2.1113062584792535
Fz,10.0,76,5.630645571828663
Fz,15.0,78,6.353046334833041
Fz,20.0,77,4.485948301707731
O1,5.0,80,5.5026389444067565
O1,10.0,76,9.108112577490017
O1,15.0,78,9.16930001911556
O1,20.0,77,9.103214119917757
O2,5.0,80,4.315473819102314
O2,10.0,76,9.089375181570752
O2,15.0,78,9.308729212467075
O2,20.0,77,8.301791429676879
P3,5.0,80,1.116455969034837
P3,10.0,76,4.945229987969516
P3,15.0,78,6.992140874306889
P3,20.0,77,5.357438568461495
P4,5.0,80,0.8438672312615297
P4,10.0,76,4.042126034408687
P4,15.0,78,4.855801966678056
P4,20.0,77,6.583012837513284
Pz,5.0,80,2.386477570027882
Pz,10.0,76,6.713218855526785
Pz,15.0,78,7.943253380167741
Pz,20.0,77,7.603234961860895
T3,5.0,80,0.18938645662771875
T3,10.0,76,2.139659494017747
T3,15.0,78,2.5457126297306143
T3,20.0,77,3.5466935884384565
T4,5.0,80,0.44602767504007756
T4,10.0,76,2.709008630126605
T4,15.0,78,4.207622877953146
T4,20.0,77,3.2937311606799655
T5,5.0,80,1.1739601207032377
T5,10.0,76,3.3276670674003506
T5,15.0,78,5.496395643747008
T5,20.0,77,5.480044516182991
T6,5.0,80,2.4594252723571746
T6,10.0,76,4.7922855451322235
T6,15.0,78,6.371684439272757
T6,20.0,77,5.6369698691368715
