subject,block_index,group,mmse,channel,frequency_hz,open_duration_s,analyzed_duration_s,p99_abs_uv,peak_to_peak_uv,local_snr_db
sub-001,0,A,16.0,O1,5.0,3.881000000000001,3.282,125.03699023598116,54.877677214773094,12.090212572655638
sub-001,0,A,16.0,O2,5.0,3.881000000000001,3.282,203.00779595626028,53.85485610209012,-4.343587290785318
sub-001,1,A,16.0,O1,10.0,3.943999999999999,3.342,510.75245446656874,202.1843444171704,8.434864627567563
sub-001,1,A,16.0,O2,10.0,3.943999999999999,3.342,90.19119215764495,120.19428007226242,5.6610057374588605
sub-001,2,A,16.0,O1,15.0,3.933,3.332,385.95497345171475,129.59497843290623,14.494637492746334
sub-001,2,A,16.0,O2,15.0,3.933,3.332,143.50482780054995,201.2386807893451,14.737725279772025
sub-001,3,A,16.0,O1,20.0,4.024000000000001,3.424,217.07756983907592,50.5808294195878,5.228419506942803
sub-001,3,A,16.0,O2,20.0,4.024000000000001,3.424,86.8890620653253,74.36780387476868,6.924403926057394
sub-002,0,A,22.0,O1,5.0,3.009999999999998,2.412,144.62273862236427,68.7654271878694,-6.487745300893629
sub-002,0,A,22.0,O2,5.0,3.009999999999998,2.412,187.48480980396272,70.04520105060776,-0.9013380387285304
sub-002,1,A,22.0,O1,10.0,3.428999999999995,2.83,152.13095132325822,113.81064841621802,16.236897155841817
sub-002,1,A,22.0,O2,10.0,3.428999999999995,2.83,184.7138042976981,128.32030717950116,18.372099611464737
sub-002,2,A,22.0,O1,15.0,3.0630000000000024,2.464,83.013673529374,57.71484937165913,-5.439438104742481
sub-002,2,A,22.0,O2,15.0,3.0630000000000024,2.464,248.9531212615967,77.21521588375691,12.79324193446573
sub-002,3,A,22.0,O1,20.0,3.2660000000000053,2.666,56.03967110684046,50.113078481272645,7.588832088812053
sub-002,3,A,22.0,O2,20.0,3.2660000000000053,2.666,235.19939486654178,63.44055084178324,16.995226352868595
sub-002,4,A,22.0,O1,5.0,3.1130000000000138,2.514,82.59991561889649,61.87294468126795,13.527900749290204
sub-002,4,A,22.0,O2,5.0,3.1130000000000138,2.514,218.72303976761668,50.44713572451945,15.249478452488638
sub-004,0,A,20.0,O1,5.0,3.463000000000001,2.862,133.44058262674432,174.65048930519504,7.231373824393468
sub-004,0,A,20.0,O2,5.0,3.463000000000001,2.862,182.04768835870843,133.5680462686639,9.084916642732654
sub-004,1,A,20.0,O1,10.0,2.908999999999999,2.308,30.763717403411874,49.809820476331225,-4.556426508901625
sub-004,1,A,20.0,O2,10.0,2.908999999999999,2.308,48.69778102272436,35.397818515175274,7.042438388073821
sub-004,2,A,20.0,O1,15.0,2.9140000000000015,2.316,43.66102893227027,70.29707446851228,21.235225806725396
sub-004,2,A,20.0,O2,15.0,2.9140000000000015,2.316,59.23705206820839,40.29606086329409,19.946189514883216
sub-004,3,A,20.0,O1,20.0,3.3599999999999994,2.762,48.83532287196111,60.618834646124505,16.97266475720775
sub-004,3,A,20.0,O2,20.0,3.3599999999999994,2.762,71.39905758907923,49.05427069413034,14.546040105318447
sub-005,0,A,22.0,O1,10.0,3.272000000000001,2.672,56.14360136232879,102.451677297291,16.838446186170838
sub-005,0,A,22.0,O2,10.0,3.272000000000001,2.672,71.34816520088599,101.61389142588565,16.581151811248706
sub-005,1,A,22.0,O1,15.0,3.5519999999999996,2.952,57.8240711312545,95.57462707318756,8.960937783838084
sub-005,1,A,22.0,O2,15.0,3.5519999999999996,2.952,71.55633853611192,101.00740252043072,-6.542575234020243
sub-005,2,A,22.0,O1,20.0,3.0420000000000016,2.44,63.381733432568986,113.91858060736405,19.73761888270066
sub-005,2,A,22.0,O2,20.0,3.0420000000000016,2.44,49.813007959566626,94.77795179266678,13.399032170353093
sub-005,4,A,22.0,O1,5.0,2.8880000000000052,2.29,58.75492948682684,95.81619985480056,14.087287690351832
sub-005,4,A,22.0,O2,5.0,2.8880000000000052,2.29,79.74896603232935,98.74587972540603,13.704757740290765
sub-006,0,A,14.0,O1,5.0,5.175000000000001,4.574,432.1746257982756,439.72037285252617,1.1877479296338698
sub-006,0,A,14.0,O2,5.0,5.175000000000001,4.574,115.88620997378698,177.13302170602898,2.1794024079695236
sub-006,1,A,14.0,O1,10.0,3.5649999999999977,2.964,145.97362921664592,89.2167055230392,9.566291012403163
sub-006,1,A,14.0,O2,10.0,3.5649999999999977,2.964,78.91009540557862,84.46238306949014,4.839507824274928
sub-006,2,A,14.0,O1,15.0,3.5589999999999975,2.958,89.0880988110994,75.18503430015164,11.06577044456757
sub-006,2,A,14.0,O2,15.0,3.5589999999999975,2.958,121.8473457175807,71.03207051126583,6.5685222829035705
sub-006,3,A,14.0,O1,20.0,3.8939999999999912,3.292,75.82416999967472,90.89227480637402,11.148754088431886
sub-006,3,A,14.0,O2,20.0,3.8939999999999912,3.292,134.38296564754685,87.63362884521483,10.648422573794798
sub-006,5,A,14.0,O1,5.0,3.3200000000000074,2.72,72.0737573724044,94.911596197831,6.157745923926496
sub-006,5,A,14.0,O2,5.0,3.3200000000000074,2.72,81.86822178489287,89.59704027677843,3.8767372102163735
sub-007,0,A,20.0,O1,5.0,4.869,4.268,189.44704909261904,178.09414803354366,3.514631793514542
sub-007,0,A,20.0,O2,5.0,4.869,4.268,93.73545223010217,193.04070412485223,3.67141175100548
sub-007,1,A,20.0,O1,10.0,4.369999999999997,3.77,52.287623170551505,59.23108683134381,7.238528024245518
sub-007,1,A,20.0,O2,10.0,4.369999999999997,3.77,149.4763430786133,56.21400582162957,5.133002891354442
sub-007,2,A,20.0,O1,15.0,3.7749999999999986,3.176,38.14185873759415,62.89575867903859,10.577668128129432
sub-007,2,A,20.0,O2,15.0,3.7749999999999986,3.176,159.94875235507357,62.5719562329744,12.005985294374142
sub-007,3,A,20.0,O1,20.0,4.0930000000000035,3.492,66.24819902620814,63.30695177379409,10.787709669375442
sub-007,3,A,20.0,O2,20.0,4.0930000000000035,3.492,118.43646750450132,64.75637732054057,11.982180924829613
sub-008,0,A,16.0,O1,5.0,3.032,2.432,156.3026850298831,113.35834864566202,6.584695047396484
sub-008,0,A,16.0,O2,5.0,3.032,2.432,223.7222450055574,68.07154906423465,7.517509110876719
sub-008,1,A,16.0,O1,10.0,3.727000000000004,3.128,98.79039782825268,80.39165466710143,13.522564312358206
sub-008,1,A,16.0,O2,10.0,3.727000000000004,3.128,305.7668310687417,100.59104849162857,12.871366913089599
sub-008,2,A,16.0,O1,15.0,3.326999999999998,2.728,136.96021208160795,59.416119023373255,14.626856063851934
sub-008,2,A,16.0,O2,15.0,3.326999999999998,2.728,256.69618465222806,61.73418426513668,12.613201110373275
sub-008,3,A,16.0,O1,20.0,3.858000000000004,3.256,133.2235303918939,74.01829829968906,15.803702679222184
sub-008,3,A,16.0,O2,20.0,3.858000000000004,3.256,309.8332885481182,73.63279934933306,13.06430961152939
sub-009,0,A,23.0,O1,5.0,2.899000000000001,2.298,56.525281163265824,102.45168244211298,8.837365555849136
sub-009,0,A,23.0,O2,5.0,2.899000000000001,2.298,73.39842608803195,94.15604666659708,12.519537914415755
sub-009,1,A,23.0,O1,10.0,4.709000000000003,4.108,65.95204174468391,95.92412898415013,15.264144198933343
sub-009,1,A,23.0,O2,10.0,4.709000000000003,4.108,67.93759925290156,77.17413294942756,11.967636871049196
sub-009,2,A,23.0,O1,15.0,3.5389999999999944,2.938,108.11594469572368,103.54131989730031,7.326198450882896
sub-009,2,A,23.0,O2,15.0,3.5389999999999944,2.938,93.49567614103617,108.45496664549175,7.7189905269187875
sub-009,3,A,23.0,O1,20.0,3.1539999999999964,2.554,155.62355603669818,288.1578848989386,15.054545800954442
sub-009,3,A,23.0,O2,20.0,3.1539999999999964,2.554,167.3501051089638,293.1794548034668,12.090485059824275
sub-010,0,A,20.0,O1,5.0,4.695999999999998,4.096,128.07761216163632,85.22820788935611,10.64435314816464
sub-010,0,A,20.0,O2,5.0,4.695999999999998,4.096,222.00251988511334,131.733142702203,8.720003614359742
sub-010,1,A,20.0,O1,10.0,3.3599999999999994,2.76,101.73031379498934,79.18893593236021,9.646597410782796
sub-010,1,A,20.0,O2,10.0,3.3599999999999994,2.76,167.6153882839805,65.88198711997582,4.223272648062405
sub-010,2,A,20.0,O1,15.0,3.3759999999999977,2.776,129.87252895756768,88.74897023251181,14.132674467798553
sub-010,2,A,20.0,O2,15.0,3.3759999999999977,2.776,139.16015325445875,82.81249738994396,8.484008161196368
sub-010,3,A,20.0,O1,20.0,4.070999999999998,3.472,56.91406143590025,113.52794908222398,9.119299203850634
sub-010,3,A,20.0,O2,20.0,4.070999999999998,3.472,129.57545003389063,89.34004703320953,-0.21320155868914387
sub-010,4,A,20.0,O1,5.0,3.903000000000006,3.302,135.30787362550433,81.60465074840344,-3.1348502059273593
sub-010,4,A,20.0,O2,5.0,3.903000000000006,3.302,130.6255121231079,66.9664915486386,4.338307773234376
sub-012,0,A,18.0,O1,5.0,2.931,2.332,447.3473455077723,192.75801267121966,0.9473587015799939
sub-012,0,A,18.0,O2,5.0,2.931,2.332,180.55355574206297,112.14020199524727,-2.1163832107597362
sub-012,1,A,18.0,O1,10.0,3.4800000000000004,2.878,202.77497318769753,132.07750701904294,3.0571908135758457
sub-012,1,A,18.0,O2,10.0,3.4800000000000004,2.878,109.3414900408293,109.32360102000985,6.388816351636436
sub-012,2,A,18.0,O1,15.0,3.439,2.84,132.865892571901,131.43503465150528,12.685827114555693
sub-012,2,A,18.0,O2,15.0,3.439,2.84,82.36024185130468,115.62498373734324,14.822419608939192
sub-012,3,A,18.0,O1,20.0,2.5999999999999943,2.0,157.87988198932848,29.75431392067358,6.3021211070671
sub-012,3,A,18.0,O2,20.0,2.5999999999999943,2.0,46.433336892880895,43.10752708033512,12.225903122672417
sub-012,4,A,18.0,O1,5.0,3.555000000000007,2.956,384.2001213525471,343.79110215839586,10.85358559604648
sub-012,4,A,18.0,O2,5.0,3.555000000000007,2.956,257.757962140535,120.1994262494539,14.406146370281776
sub-013,0,A,20.0,O1,5.0,3.4810000000000016,2.882,95.55303689555117,96.63342490949128,3.6857669610816552
sub-013,0,A,20.0,O2,5.0,3.4810000000000016,2.882,105.60238518965868,65.00822438691793,-1.5968512577128282
sub-013,1,A,20.0,O1,10.0,3.121000000000002,2.52,74.04687478918783,83.59888438174599,14.326419160476947
sub-013,1,A,20.0,O2,10.0,3.121000000000002,2.52,36.10525951887433,82.28824088447972,13.424289139833565
sub-013,2,A,20.0,O1,15.0,3.096999999999994,2.496,94.00523825093319,105.18606637653552,4.633303456281113
sub-013,2,A,20.0,O2,15.0,3.096999999999994,2.496,142.77194195195247,154.17865632709703,6.45991404062613
sub-013,3,A,20.0,O1,20.0,3.2409999999999997,2.642,62.4383157027395,42.84025533575761,1.4127095707726283
sub-013,3,A,20.0,O2,20.0,3.2409999999999997,2.642,114.91056715312756,49.28555599011873,6.445502590846887
sub-013,4,A,20.0,O1,5.0,2.7689999999999912,2.168,56.530011125363814,66.9613457729942,6.588840927665114
sub-013,4,A,20.0,O2,5.0,2.7689999999999912,2.168,38.550164331636964,72.30674231679816,14.021408261542057
sub-014,0,A,14.0,O1,5.0,2.8309999999999995,2.23,104.7563671312834,59.333879069278105,8.534958919409014
sub-014,0,A,14.0,O2,5.0,2.8309999999999995,2.23,98.38259929355821,56.393913419623125,9.735806154148122
sub-014,2,A,14.0,O1,15.0,3.1089999999999947,2.51,37.15614214144257,58.321336244281966,3.1722448784179735
sub-014,2,A,14.0,O2,15.0,3.1089999999999947,2.51,132.14698858662655,61.79584163113643,-4.663298663758348
sub-014,3,A,14.0,O1,20.0,3.0080000000000098,2.41,61.93421346965589,40.60443777787059,3.469206709806155
sub-014,3,A,14.0,O2,20.0,3.0080000000000098,2.41,143.3320199143259,66.21093152698715,-3.19567196003133
sub-014,4,A,14.0,O1,10.0,2.600999999999999,2.0,33.1332731066252,39.21155467786287,11.827062346987223
sub-014,4,A,14.0,O2,10.0,2.600999999999999,2.0,129.24994652798298,41.75575818513571,13.15747454246896
sub-015,0,A,18.0,O1,20.0,3.6740000000000004,3.074,236.47697179091597,117.07442554674655,9.512925854367841
sub-015,0,A,18.0,O2,20.0,3.6740000000000004,3.074,456.2207758451762,117.81969758083946,10.977434526967716
sub-015,1,A,18.0,O1,5.0,3.561,2.96,73.31619623886913,75.31866796393143,4.614128969251784
sub-015,1,A,18.0,O2,5.0,3.561,2.96,451.99827713213466,102.21008260626535,-15.252509247210702
sub-016,0,A,14.0,O1,5.0,2.8970000000000002,2.296,70.33722100408453,88.57421854922646,-18.742567420445823
sub-016,0,A,14.0,O2,5.0,2.8970000000000002,2.296,46.98092535646337,89.47881548028244,-0.11896164339967275
sub-016,1,A,14.0,O1,10.0,3.799000000000003,3.2,77.10150488000167,112.60793003283048,6.870846532169611
sub-016,1,A,14.0,O2,10.0,3.799000000000003,3.2,98.64554564350527,78.46936762960334,9.474871706357392
sub-016,2,A,14.0,O1,15.0,3.614999999999995,3.014,134.4105684822484,97.41467897515547,8.158245320544342
sub-016,2,A,14.0,O2,15.0,3.614999999999995,3.014,82.5695905585038,87.83408697027909,11.84611898029658
sub-016,3,A,14.0,O1,20.0,3.556999999999988,2.956,147.6746493229113,122.35814385665091,10.03143916001703
sub-016,3,A,14.0,O2,20.0,3.556999999999988,2.956,56.35505428213824,101.70126945094059,-4.984589056860005
sub-016,4,A,14.0,O1,5.0,3.719999999999999,3.12,67.11764510907624,67.12582332209534,3.9718943126877795
sub-016,4,A,14.0,O2,5.0,3.719999999999999,3.12,89.14462933088606,76.32093188637184,3.581335817545096
sub-017,0,A,6.0,O1,5.0,3.096,2.496,145.96473964289618,106.3425210651598,8.27723750430265
sub-017,0,A,6.0,O2,5.0,3.096,2.496,57.38450761895431,109.05118681255138,12.438302178552236
sub-017,1,A,6.0,O1,10.0,2.753,2.152,111.66478227314197,104.45107354615863,11.754429282731703
sub-017,1,A,6.0,O2,10.0,2.753,2.152,74.6042332398264,111.93975794942756,13.931126796711306
sub-017,2,A,6.0,O1,15.0,2.948999999999998,2.348,86.73986987063756,94.05324057528847,14.342840088420681
sub-017,2,A,6.0,O2,15.0,2.948999999999998,2.348,38.870222501252826,80.76171764574552,12.580472678961439
sub-017,3,A,6.0,O1,20.0,3.472999999999999,2.872,114.43488172229966,83.98438594215796,-1.6408911314119679
sub-017,3,A,6.0,O2,20.0,3.472999999999999,2.872,52.45193632527407,90.49649514650044,5.666671054347063
sub-017,4,A,6.0,O1,5.0,2.799999999999997,2.2,139.02179416656494,97.9851998780903,-26.737580199796227
sub-017,4,A,6.0,O2,5.0,2.799999999999997,2.2,77.51582798204922,101.82976481789035,1.8492166142421667
sub-018,0,A,23.0,O1,5.0,3.4879999999999995,2.888,78.05154390033923,75.89945858403254,6.9532215568333875
sub-018,0,A,23.0,O2,5.0,3.4879999999999995,2.888,689.0256985423439,172.7590464541787,4.638071247076839
sub-018,1,A,23.0,O1,10.0,3.239999999999995,2.64,141.54830779828524,83.79420220224478,11.444235211032057
sub-018,1,A,23.0,O2,10.0,3.239999999999995,2.64,951.7268602903266,54.72850420600495,13.272356002629193
sub-018,2,A,23.0,O1,15.0,3.8640000000000043,3.264,271.2165916844418,209.52919709055044,6.740075980634879
sub-018,2,A,23.0,O2,15.0,3.8640000000000043,3.264,576.2951072070472,256.455593510678,6.477134058582279
sub-018,3,A,23.0,O1,20.0,2.969999999999999,2.37,117.9177644870156,100.22101020812988,1.374490617021487
sub-018,3,A,23.0,O2,20.0,2.969999999999999,2.37,77.84888150666889,57.06208670766731,7.254975738520953
sub-019,0,A,14.0,O1,5.0,4.184000000000001,3.584,133.46005214841745,61.065992455733465,5.746689697654327
sub-019,0,A,14.0,O2,5.0,4.184000000000001,3.584,3004.952631680338,30.59724355998798,-2.9099806741813716
sub-020,0,A,4.0,O1,5.0,2.848,2.248,63.8938111902538,57.86389511509945,-2.0516449754969592
sub-020,0,A,4.0,O2,5.0,2.848,2.248,156.3330591718774,75.07196576971755,10.869718600318752
sub-020,1,A,4.0,O1,10.0,3.294999999999998,2.694,24.233654383609164,58.9638130288375,4.636282268597792
sub-020,1,A,4.0,O2,10.0,3.294999999999998,2.694,233.047491622724,46.76706294009559,6.63236917393518
sub-020,2,A,4.0,O1,15.0,2.8190000000000026,2.22,48.468128703267965,72.32729636995414,12.008567209987763
sub-020,2,A,4.0,O2,15.0,2.8190000000000026,2.22,335.66118434755435,101.63445854187007,19.386052144210108
sub-020,4,A,4.0,O1,5.0,2.992999999999995,2.392,49.55000184711658,82.29336658277008,3.0695679458236884
sub-020,4,A,4.0,O2,5.0,2.992999999999995,2.392,50.18887791884571,80.63321058373702,7.725085620432561
sub-021,0,A,22.0,O1,5.0,3.2390000000000008,2.638,118.53207244270722,79.66694360030327,0.26250103536634334
sub-021,0,A,22.0,O2,5.0,3.2390000000000008,2.638,105.4774828639783,75.41632180464892,1.8405893589170752
sub-021,1,A,22.0,O1,10.0,3.386000000000003,2.788,79.98077036907794,97.20394315217669,1.688727752139485
sub-021,1,A,22.0,O2,10.0,3.386000000000003,2.788,105.11733475132992,100.41631844169211,5.923150195266715
sub-021,2,A,22.0,O1,15.0,2.771000000000001,2.17,81.22553037944596,71.41754765259586,2.660254903301386
sub-021,2,A,22.0,O2,15.0,2.771000000000001,2.17,81.77549069053248,77.03535192891177,7.115640510542055
sub-021,3,A,22.0,O1,20.0,3.647999999999996,3.048,74.07730122817189,60.33613947818153,10.392252908777287
sub-021,3,A,22.0,O2,20.0,3.647999999999996,3.048,60.580281667207416,75.25184822082522,5.009618453606713
sub-021,4,A,22.0,O1,5.0,3.4009999999999962,2.802,67.16693597090875,76.2489715375398,5.576998926990178
sub-021,4,A,22.0,O2,5.0,3.4009999999999962,2.802,69.19202302631581,96.78247672633117,-0.15219586674811642
sub-022,0,A,20.0,O1,5.0,2.752,2.152,64.86686666388259,84.92494964599608,4.086559262426
sub-022,0,A,20.0,O2,5.0,2.752,2.152,64.18714573508814,86.56969492059004,-2.2836678073636913
sub-022,3,A,20.0,O1,20.0,2.6140000000000043,2.016,34.663607089394,69.61861740915398,11.516938903638943
sub-022,3,A,20.0,O2,20.0,2.6140000000000043,2.016,60.89634327135587,58.42924820749383,13.441590102391965
sub-022,4,A,20.0,O1,10.0,2.8000000000000114,2.2,37.42700958051179,87.85976992155376,14.602050845707153
sub-022,4,A,20.0,O2,10.0,2.8000000000000114,2.2,67.93291634007501,77.70353518034281,14.718490149620676
sub-023,0,A,16.0,O1,5.0,5.958,5.36,86.01459074120773,119.90131252690364,6.670704314824253
sub-023,0,A,16.0,O2,5.0,5.958,5.36,140.02435960016751,83.37274179960558,6.3904872789656855
sub-023,2,A,16.0,O1,15.0,3.2220000000000013,2.624,119.28787541289083,140.40397548675534,12.365963110557283
sub-023,2,A,16.0,O2,15.0,3.2220000000000013,2.624,98.58665658248101,111.08655226858038,24.407636287848746
sub-024,0,A,20.0,O1,5.0,3.398999999999999,2.8,96.66462637449564,63.805509968807826,-8.294940352042882
sub-024,0,A,20.0,O2,5.0,3.398999999999999,2.8,81.15275210731907,100.07195362291839,-2.219750507280744
sub-024,1,A,20.0,O1,10.0,3.727999999999998,3.128,107.31408980419761,89.04193938405889,16.561298389591133
sub-024,1,A,20.0,O2,10.0,3.727999999999998,3.128,53.00097653238394,113.14246498911004,13.076655484437556
sub-024,2,A,20.0,O1,15.0,4.302999999999997,3.704,130.45034037238673,80.50472590797827,14.119307103751558
sub-024,2,A,20.0,O2,15.0,4.302999999999997,3.704,66.11918750361392,81.12149921216464,13.499193157096594
sub-024,3,A,20.0,O1,20.0,3.909000000000006,3.31,119.90798880225734,82.02096118425067,6.194685887791216
sub-024,3,A,20.0,O2,20.0,3.909000000000006,3.31,71.86111402135147,69.13033869391992,4.500421726766199
sub-025,0,A,20.0,O1,5.0,4.072000000000001,3.474,81.3733593589381,67.86595143769921,4.073304882442204
sub-025,0,A,20.0,O2,5.0,4.072000000000001,3.474,152.48559414110684,95.80075916491059,3.974543506055539
sub-025,1,A,20.0,O1,10.0,3.8320000000000007,3.232,127.10834795299326,134.39042146582355,-2.5814615894891406
sub-025,1,A,20.0,O2,10.0,3.8320000000000007,3.232,215.79897979435165,140.23951329683004,-12.574867052731292
sub-025,2,A,20.0,O1,15.0,3.615000000000002,3.016,85.65033457404691,82.70969762300193,13.11401703851705
sub-025,2,A,20.0,O2,15.0,3.615000000000002,3.016,80.39134549391898,90.68152869375129,10.37260818019114
sub-025,3,A,20.0,O1,20.0,3.638999999999996,3.038,217.5885080257215,90.98992588645532,4.224767841159999
sub-025,3,A,20.0,O2,20.0,3.638999999999996,3.038,110.54800025136846,92.06927751239976,10.557763452756747
sub-026,0,A,18.0,O1,5.0,4.711,4.112,77.36353743452776,95.18400568711128,6.690711463235049
sub-026,0,A,18.0,O2,5.0,4.711,4.112,66.58177221197832,83.14144945144652,5.76872764015539
sub-026,1,A,18.0,O1,10.0,3.446000000000005,2.846,77.27600490770841,120.89843785135368,10.145098288960334
sub-026,1,A,18.0,O2,10.0,3.446000000000005,2.846,71.06948419520728,106.35792867760908,9.0075114824293
sub-026,2,A,18.0,O1,15.0,3.631999999999998,3.032,78.69165880052664,93.99670897032084,3.973383392422261
sub-026,2,A,18.0,O2,15.0,3.631999999999998,3.032,74.83141156246785,103.5207630960565,7.798793002002499
sub-026,3,A,18.0,O1,20.0,3.8739999999999952,3.274,58.216694175318636,103.4847825702868,11.543576574735088
sub-026,3,A,18.0,O2,20.0,3.8739999999999952,3.274,74.36204331648972,92.66035772624771,13.135472093174219
sub-027,0,A,16.0,O1,5.0,4.326,3.728,67.69499849018297,64.68441079792223,5.651547208505839
sub-027,0,A,16.0,O2,5.0,4.326,3.728,130.69786959196387,59.31331504018683,2.878352037039959
sub-027,1,A,16.0,O1,10.0,2.901,2.3,50.92439199146471,53.07359976517527,8.015484432953988
sub-027,1,A,16.0,O2,10.0,2.901,2.3,137.78000346836288,75.9508565099616,7.998146368110931
sub-027,2,A,16.0,O1,15.0,3.5219999999999985,2.922,52.97491489460595,40.29604746166028,5.972118281857198
sub-027,2,A,16.0,O2,15.0,3.5219999999999985,2.922,129.179678766351,51.11533360732231,6.24198957256427
sub-027,3,A,16.0,O1,20.0,3.5919999999999987,2.994,49.07051847759046,58.87643249411334,12.107230085091638
sub-027,3,A,16.0,O2,20.0,3.5919999999999987,2.994,129.82154421153817,55.895362703423764,-2.1714335478685287
sub-027,4,A,16.0,O1,15.0,3.8730000000000047,3.272,25.128494764629163,51.783503682989796,13.834118409861208
sub-027,4,A,16.0,O2,15.0,3.8730000000000047,3.272,140.22846928646695,67.40851974487302,13.408027086145985
sub-028,0,A,20.0,O1,5.0,3.325,2.724,265.7282419771897,252.26663569400185,-21.668548634474426
sub-028,0,A,20.0,O2,5.0,3.325,2.724,401.51238975022966,268.7293937080785,-2.0371522262694395
sub-028,1,A,20.0,O1,10.0,3.6530000000000022,3.054,416.6206551280775,377.1175836261949,7.912577006883072
sub-028,1,A,20.0,O2,10.0,3.6530000000000022,3.054,529.7051241663883,382.7456180170962,6.652131629252045
sub-028,2,A,20.0,O1,15.0,3.439,2.84,423.1638413489492,186.94488987169768,7.19016604269048
sub-028,2,A,20.0,O2,15.0,3.439,2.84,440.6096151612934,186.90377717269092,-0.9819009243176431
sub-028,3,A,20.0,O1,20.0,3.0400000000000063,2.44,189.555549401735,172.15254181309754,-2.5176233039308675
sub-028,3,A,20.0,O2,20.0,3.0400000000000063,2.44,169.72265248298646,196.57688160946492,0.8523741587207833
sub-029,0,A,16.0,O1,5.0,3.9350000000000023,3.334,324.8500147849635,89.82318597090875,-3.723781566575577
sub-029,0,A,16.0,O2,5.0,3.9350000000000023,3.334,398.4503420137103,81.08037873318314,-8.702323658170695
sub-029,1,A,16.0,O1,10.0,3.703000000000003,3.104,189.5608486752761,95.72882993597736,8.914890861843363
sub-029,1,A,16.0,O2,10.0,3.703000000000003,3.104,295.7265048719707,79.64124167592902,2.0083265975201776
sub-029,2,A,16.0,O1,15.0,3.3840000000000003,2.784,57.09990744942105,91.26747251811778,8.195438783459883
sub-029,2,A,16.0,O2,15.0,3.3840000000000003,2.784,184.95295615246414,85.67536655225251,2.566048165888713
sub-029,3,A,16.0,O1,20.0,3.375,2.776,49.115846664027146,91.26746348330849,6.283501829608595
sub-029,3,A,16.0,O2,20.0,3.375,2.776,107.88239590293479,97.50204524240996,17.638442078972002
sub-030,0,A,20.0,O1,5.0,2.886,2.288,48.125361398395725,84.23622753745632,-3.873822474817387
sub-030,0,A,20.0,O2,5.0,2.886,2.288,76.56548108552626,86.30756237632347,-1.4091942939339042
sub-030,1,A,20.0,O1,10.0,3.3640000000000008,2.764,48.64134465067012,90.3782954968904,2.0408360869754563
sub-030,1,A,20.0,O2,10.0,3.3640000000000008,2.764,72.5162346769634,85.1048355102539,9.208660932507689
sub-030,2,A,20.0,O1,15.0,3.901999999999994,3.302,43.035563694803336,104.57955523541098,5.737743313697537
sub-030,2,A,20.0,O2,15.0,3.901999999999994,3.302,81.75883810143722,106.15747996380453,10.789118791747978
sub-030,3,A,20.0,O1,20.0,4.426000000000002,3.828,130.44931255742122,85.73706466273258,1.3807107067969016
sub-030,3,A,20.0,O2,20.0,4.426000000000002,3.828,56.14267825076453,104.72346722452261,2.3408257514963395
sub-031,0,A,22.0,O1,5.0,3.3759999999999994,2.776,45.609214031821764,64.47881763859799,4.883006679182309
sub-031,0,A,22.0,O2,5.0,3.3759999999999994,2.776,39.123708825362336,85.1665163542095,10.646205152030188
sub-031,1,A,22.0,O1,10.0,3.3590000000000018,2.758,43.99917787351107,87.57709834450169,8.402271383775497
sub-031,1,A,22.0,O2,10.0,3.3590000000000018,2.758,50.68400504463598,103.8548522748445,12.814323196093536
sub-031,2,A,22.0,O1,15.0,3.3429999999999964,2.742,40.80180561166059,62.700454310367,9.303654762521811
sub-031,2,A,22.0,O2,15.0,3.3429999999999964,2.742,29.997944721422666,70.08635089271944,7.377932659427846
sub-031,3,A,22.0,O1,20.0,3.3220000000000027,2.724,42.7589869454033,100.84805508663777,16.139901965161638
sub-031,3,A,22.0,O2,20.0,3.3220000000000027,2.724,63.777489433288615,119.68542997460615,23.234126017595678
sub-032,0,A,20.0,O1,5.0,4.112,3.512,54.437705953497655,68.6728998485364,5.876242771565172
sub-032,0,A,20.0,O2,5.0,4.112,3.512,35.506780579215615,53.66467455813757,3.30917976294917
sub-032,1,A,20.0,O1,10.0,3.2319999999999993,2.63,44.35186462101182,63.029394350553794,-0.012789039234072073
sub-032,1,A,20.0,O2,10.0,3.2319999999999993,2.63,34.79687239897876,46.206822294937936,3.5611004332659895
sub-032,2,A,20.0,O1,15.0,4.808,4.208,20.78505087400737,31.75369885093287,4.705693882202348
sub-032,2,A,20.0,O2,15.0,4.808,4.208,35.20235074996948,34.23108366916054,4.176487669891612
sub-032,3,A,20.0,O1,20.0,4.1370000000000005,3.536,30.00097477862709,43.37992878964072,6.5312744446772895
sub-032,3,A,20.0,O2,20.0,4.1370000000000005,3.536,17.441044973574183,37.30468406175312,7.495446828609725
sub-033,0,A,20.0,O1,5.0,3.3939999999999984,2.792,72.98854177374588,68.86307605944181,-5.320179737018086
sub-033,0,A,20.0,O2,5.0,3.3939999999999984,2.792,240.90357806557103,111.7084727036325,-4.636551932540879
sub-033,2,A,20.0,O1,15.0,3.5430000000000064,2.942,39.96556798031456,71.96238035904733,4.414700904822546
sub-033,2,A,20.0,O2,15.0,3.5430000000000064,2.942,202.944593349256,67.20291669745195,8.581400493052804
sub-034,0,A,18.0,O1,5.0,5.495000000000001,4.894,64.12088671834844,140.5273346148039,5.5026389444067565
sub-034,0,A,18.0,O2,5.0,5.495000000000001,4.894,92.83080003437243,115.40912708483243,8.66987750609891
sub-034,1,A,18.0,O1,10.0,4.68,4.08,20.515725687679485,47.63055025903802,15.769253642749279
sub-034,1,A,18.0,O2,10.0,4.68,4.08,116.68004860325861,41.2314953051115,10.47932734611412
sub-034,2,A,18.0,O1,15.0,4.591999999999999,3.992,68.01217410438936,69.279389431602,3.948034986748743
sub-034,2,A,18.0,O2,15.0,4.591999999999999,3.992,116.940266077142,103.38197587038333,6.526456832726206
sub-034,3,A,18.0,O1,20.0,3.1599999999999966,2.56,101.44160826281498,62.402342444972,4.303241499438856
sub-034,3,A,18.0,O2,20.0,3.1599999999999966,2.56,63.6490553287456,62.94716262817386,8.187172021489111
sub-035,0,A,22.0,O1,5.0,3.426000000000002,2.826,149.6852353186356,86.47717666625978,6.60711636159278
sub-035,0,A,22.0,O2,5.0,3.426000000000002,2.826,149.19057950471574,77.88341803299754,0.9620138244539354
sub-035,1,A,22.0,O1,10.0,3.5589999999999975,2.96,44.51716797477318,72.81044663881005,11.232527369851349
sub-035,1,A,22.0,O2,10.0,3.5589999999999975,2.96,104.68205307709542,68.88877730620536,7.950825470784286
sub-035,2,A,22.0,O1,15.0,3.678999999999995,3.078,64.71338853936442,60.05857367264594,13.051007121115566
sub-035,2,A,22.0,O2,15.0,3.678999999999995,3.078,315.4945503495867,63.78494604010329,9.938368475100878
sub-035,3,A,22.0,O1,20.0,3.293999999999997,2.696,75.4642261505127,91.37540295249538,9.62209746303855
sub-035,3,A,22.0,O2,20.0,3.293999999999997,2.696,95.34090627770676,98.10852171245374,4.641398788048219
sub-035,4,A,22.0,O1,5.0,4.072999999999993,3.474,60.188098048159915,94.45929712998232,-0.2602781655041126
sub-035,4,A,22.0,O2,5.0,4.072999999999993,3.474,62.64699488589636,93.0972557067871,-2.518908125092501
sub-036,0,A,9.0,O1,5.0,5.880000000000001,5.282,90.30015953465508,67.27487905401931,1.6512398742640146
sub-036,0,A,9.0,O2,5.0,5.880000000000001,5.282,23.352179416857258,63.09107790495219,6.093949266156963
sub-036,1,A,9.0,O1,10.0,5.640999999999998,5.04,125.75241519626817,71.8544416929546,11.334244159321209
sub-036,1,A,9.0,O2,10.0,5.640999999999998,5.04,48.34205849496941,89.95168349617406,9.089375181570752
sub-036,2,A,9.0,O1,15.0,5.238999999999997,4.64,102.09092795673172,70.64658895291781,5.267971660875492
sub-036,2,A,9.0,O2,15.0,5.238999999999997,4.64,44.42284830620414,84.55489003030875,11.130565750430762
sub-036,3,A,9.0,O1,20.0,5.471000000000004,4.87,100.63064679346583,76.43913951673005,5.2981211110570925
sub-036,3,A,9.0,O2,20.0,5.471000000000004,4.87,28.84282414888077,111.73416218004728,4.8480609164679365
sub-037,0,C,30.0,O1,5.0,2.7140000000000004,2.114,168.7715869542173,71.71566501416662,5.770148332944379
sub-037,0,C,30.0,O2,5.0,2.7140000000000004,2.114,60.7557559043483,79.05016587909898,5.3934867758477765
sub-037,1,C,30.0,O1,10.0,2.789999999999999,2.192,65.24516860560367,94.57749959042195,12.707642985148711
sub-037,1,C,30.0,O2,10.0,2.789999999999999,2.192,69.9288106416401,79.22491575542247,11.170742226988706
sub-037,2,C,30.0,O1,15.0,2.854999999999997,2.254,187.72779584884643,86.31270950718927,11.686258181261138
sub-037,2,C,30.0,O2,15.0,2.854999999999997,2.254,71.59683458027087,67.41878730372379,12.83283280250169
sub-037,3,C,30.0,O1,20.0,3.5600000000000023,2.96,161.99506862991734,65.90254678224264,-14.880023149176424
sub-037,3,C,30.0,O2,20.0,3.5600000000000023,2.96,41.76649872629266,59.52919091676412,-13.369448560077739
sub-038,0,C,30.0,O1,5.0,3.093,2.492,91.22043595627733,71.80818256578948,-1.5848534493241702
sub-038,0,C,30.0,O2,5.0,3.093,2.492,127.21885257771137,163.65645418669052,-11.822908750663274
sub-038,1,C,30.0,O1,10.0,3.6739999999999995,3.072,150.03981841237925,105.14494042647512,5.679146427727446
sub-038,1,C,30.0,O2,10.0,3.6739999999999995,3.072,161.80174120852823,90.49650453266347,6.303383741458971
sub-038,2,C,30.0,O1,15.0,3.1439999999999984,2.544,161.71041605096116,73.55057083932975,10.298286770678999
sub-038,2,C,30.0,O2,15.0,3.1439999999999984,2.544,127.93861179351808,77.84742455733449,4.782149489974667
sub-038,3,C,30.0,O1,20.0,4.146000000000001,3.546,170.50884197034335,84.54975469488846,11.373097305480256
sub-038,3,C,30.0,O2,20.0,4.146000000000001,3.546,88.41365033601456,65.17783757259967,7.867587314989606
sub-039,0,C,30.0,O1,5.0,2.9770000000000003,2.376,54.60901767529938,32.94614008853309,12.853741777451987
sub-039,0,C,30.0,O2,5.0,2.9770000000000003,2.376,39.28524701770983,33.223675376490576,14.14557492301163
sub-039,1,C,30.0,O1,10.0,3.325000000000003,2.724,46.0757572921954,66.09271762245578,3.7632506660151406
sub-039,1,C,30.0,O2,10.0,3.325000000000003,2.724,61.166885076823995,54.62582276996813,3.691368824705499
sub-039,2,C,30.0,O1,15.0,4.9040000000000035,4.304,33.01479682119261,61.40007787001759,13.421095712990677
sub-039,2,C,30.0,O2,15.0,4.9040000000000035,4.304,76.06260087063436,60.11513378745632,15.839446829529146
sub-039,3,C,30.0,O1,20.0,3.733000000000004,3.132,41.28160648345945,59.097445538169445,6.0704072184307964
sub-039,3,C,30.0,O2,20.0,3.733000000000004,3.132,51.77939321618328,66.08243279708063,6.393003704094943
sub-039,6,C,30.0,O1,5.0,2.944000000000017,2.344,67.64437906365649,59.04605283235252,8.314158140552578
sub-039,6,C,30.0,O2,5.0,2.944000000000017,2.344,125.33105290663875,55.057562476710295,0.7183390584410969
sub-039,7,C,30.0,O1,10.0,2.799999999999983,2.2,75.98826040167565,86.61076114052217,7.198486021496473
sub-039,7,C,30.0,O2,10.0,2.799999999999983,2.2,114.26935935572563,90.11102616159528,7.188150257844612
sub-040,0,C,30.0,O1,5.0,3.6700000000000004,3.07,134.7636703476153,63.27610778808593,7.968729720074339
sub-040,0,C,30.0,O2,5.0,3.6700000000000004,3.07,181.91323731071074,69.33079739620811,13.98351193268374
sub-040,1,C,30.0,O1,10.0,3.6950000000000003,3.096,362.437238733392,667.6191771155909,2.3166362211371085
sub-040,1,C,30.0,O2,10.0,3.6950000000000003,3.096,161.8248329393487,285.39780496296123,-7.101071352796425
sub-040,2,C,30.0,O1,15.0,3.936,3.336,180.0389611093621,121.17084754140757,6.0320452318392235
sub-040,2,C,30.0,O2,15.0,3.936,3.336,144.258429585758,118.58038701509169,5.7285206254532826
sub-040,3,C,30.0,O1,20.0,3.6799999999999997,3.08,209.3292552867688,129.97532593576534,-10.049341650161022
sub-040,3,C,30.0,O2,20.0,3.6799999999999997,3.08,121.0699540446934,156.9284544493023,-6.822873618019763
sub-041,0,C,30.0,O1,5.0,3.228999999999999,2.628,778.3392650905408,48.57113368887645,5.474643874557867
sub-041,0,C,30.0,O2,5.0,3.228999999999999,2.628,46.836239769082276,63.39431755166305,3.7669992176629523
sub-041,1,C,30.0,O1,10.0,3.386000000000003,2.786,773.4536747902317,95.12232599760348,11.806285995350462
sub-041,1,C,30.0,O2,10.0,3.386000000000003,2.786,100.7471153018349,74.60937500000001,13.54080754730675
sub-041,2,C,30.0,O1,15.0,3.7590000000000074,3.16,785.3801322475233,101.4494326742071,8.966480788438565
sub-041,2,C,30.0,O2,15.0,3.7590000000000074,3.16,43.8971031590512,70.28165004127904,11.880879153721999
sub-041,3,C,30.0,O1,20.0,3.7990000000000066,3.2,558.6835071744417,56.72796821594233,14.589303564056591
sub-041,3,C,30.0,O2,20.0,3.7990000000000066,3.2,93.24782825971903,56.820507551494394,14.459744288258827
sub-042,0,C,30.0,O1,5.0,3.0879999999999974,2.488,33.570617211994346,62.16590934050709,9.6406800554204
sub-042,0,C,30.0,O2,5.0,3.0879999999999974,2.488,749.6156889027043,99.50138071963659,10.191457011385443
sub-042,1,C,30.0,O1,10.0,3.3060000000000045,2.706,34.75102323833264,48.787000555741145,2.8986320887440638
sub-042,1,C,30.0,O2,10.0,3.3060000000000045,2.706,172.3770586475573,66.7660416050961,-8.637460373879799
sub-042,2,C,30.0,O1,15.0,3.094999999999999,2.494,32.81784567180432,43.34909268429403,-3.974409926338992
sub-042,2,C,30.0,O2,15.0,3.094999999999999,2.494,210.0763795230263,142.61924763729698,5.0621371841791
sub-042,3,C,30.0,O1,20.0,3.3189999999999884,2.718,32.390416066270134,40.32689169206117,4.123039445867741
sub-042,3,C,30.0,O2,20.0,3.3189999999999884,2.718,44.129623422622686,52.19468904796399,9.402747521806688
sub-042,4,C,30.0,O1,5.0,3.102000000000004,2.504,64.03011094143517,63.81064756293044,-5.439352319209371
sub-042,4,C,30.0,O2,5.0,3.102000000000004,2.504,842.8058061288532,66.33429536066554,8.666786939977994
sub-043,2,C,30.0,O1,15.0,2.825000000000003,2.226,132.63321413542093,55.520148528249635,10.936634779944235
sub-043,2,C,30.0,O2,15.0,2.825000000000003,2.226,97.09745538008829,55.689766733269956,6.316724341727355
sub-043,3,C,30.0,O1,20.0,3.4210000000000065,2.82,156.07124450583208,86.25103769804302,23.321405466357167
sub-043,3,C,30.0,O2,20.0,3.4210000000000065,2.82,146.80119314821144,90.03393233449833,19.93691742978735
sub-044,0,C,30.0,O1,5.0,3.721,3.122,114.28761933979237,61.94489772696242,5.793352814044471
sub-044,0,C,30.0,O2,5.0,3.721,3.122,647.3396383586683,100.12335265310185,6.1304929221742555
sub-044,1,C,30.0,O1,10.0,3.968,3.368,65.66503671520638,88.89288259807385,6.553633413309927
sub-044,1,C,30.0,O2,10.0,3.968,3.368,348.02980945587154,174.7121701491507,5.320689508157782
sub-044,2,C,30.0,O1,15.0,3.4239999999999995,2.824,57.21597571398086,89.11389611896718,6.155508546988498
sub-044,2,C,30.0,O2,15.0,3.4239999999999995,2.824,721.0332558672052,429.10672780087117,-1.7032867442235775
sub-044,3,C,30.0,O1,20.0,3.6329999999999956,3.032,66.72080048510895,106.50184199684549,8.24945687885117
sub-044,3,C,30.0,O2,20.0,3.6329999999999956,3.032,434.6975117131283,208.87130315680255,8.163167829019061
sub-044,4,C,30.0,O1,5.0,2.9989999999999952,2.4,67.99968712405156,90.27549472608064,0.1977427341345125
sub-044,4,C,30.0,O2,5.0,2.9989999999999952,2.4,1390.890663182108,261.7547297226754,-1.753206213082895
sub-045,0,C,30.0,O1,5.0,3.5119999999999996,2.912,106.36669745194291,174.9486276726974,-5.396222118876068
sub-045,0,C,30.0,O2,5.0,3.5119999999999996,2.912,351.7187724866364,424.37296777022516,-14.804914875548656
sub-045,1,C,30.0,O1,10.0,4.343,3.742,70.24361781070104,106.07521739758934,-1.3834124373306997
sub-045,1,C,30.0,O2,10.0,4.343,3.742,161.77270658392655,235.4594783782958,4.684224496029505
sub-045,2,C,30.0,O1,15.0,3.303999999999995,2.704,237.22947925768398,103.42308967991882,12.093203456021396
sub-045,2,C,30.0,O2,15.0,3.303999999999995,2.704,188.46966029920074,182.24710083007812,7.463605835377436
sub-045,6,C,30.0,O1,10.0,2.6880000000000024,2.088,145.01560641840882,113.02423627753008,2.102132044732078
sub-045,6,C,30.0,O2,10.0,2.6880000000000024,2.088,171.8754552419561,143.51870948389956,-0.6858964471105247
sub-046,0,C,30.0,O1,5.0,3.2730000000000032,2.672,68.29280763927265,64.18072449533564,11.277625300212568
sub-046,0,C,30.0,O2,5.0,3.2730000000000032,2.672,130.73935791316785,72.38383423654658,12.876334097692666
sub-046,1,C,30.0,O1,10.0,3.3999999999999986,2.8,25.859677221398584,55.9261855075234,7.483887505443278
sub-046,1,C,30.0,O2,10.0,3.3999999999999986,2.8,32.66986808494518,63.80036745573345,11.419609542050317
sub-046,2,C,30.0,O1,15.0,3.4939999999999998,2.896,89.88100679021133,56.1626120241065,9.819815981134614
sub-046,2,C,30.0,O2,15.0,3.4939999999999998,2.896,62.39298878795223,48.27302511114823,11.317650682797694
sub-046,3,C,30.0,O1,20.0,4.319999999999993,3.72,70.16868710969626,82.848472093281,10.761439132351803
sub-046,3,C,30.0,O2,20.0,4.319999999999993,3.72,72.07288416686814,109.7193670774761,11.598418496428188
sub-046,4,C,30.0,O1,5.0,3.615000000000009,3.016,42.72203333804482,70.76993781641912,6.918183339224177
sub-046,4,C,30.0,O2,5.0,3.615000000000009,3.016,44.319078036860446,94.34107810572573,7.135125354059953
sub-047,0,C,30.0,O1,5.0,2.8000000000000007,2.2,24.425421857331926,45.16858422128776,7.599600966681809
sub-047,0,C,30.0,O2,5.0,2.8000000000000007,2.2,85.21894816448814,67.11553985194158,-4.841975238429875
sub-047,1,C,30.0,O1,10.0,3.6470000000000056,3.046,38.89812998119148,75.98169828716077,7.670626215738626
sub-047,1,C,30.0,O2,10.0,3.6470000000000056,3.046,147.87725220529657,61.7547335373728,6.808078497712105
sub-047,2,C,30.0,O1,15.0,3.7989999999999995,3.198,71.76633174695466,86.33325697246349,13.074075107914949
sub-047,2,C,30.0,O2,15.0,3.7989999999999995,3.198,199.7827910912664,86.775291041324,9.368556901091733
sub-047,3,C,30.0,O1,20.0,3.6799999999999926,3.08,79.21807979985284,97.34786363651877,14.912759106247854
sub-047,3,C,30.0,O2,20.0,3.6799999999999926,3.08,288.2114493196888,84.46751604582136,11.538634560190669
sub-047,4,C,30.0,O1,10.0,3.364999999999995,2.764,99.01448926022185,85.18710457651237,-0.5623770825489487
sub-047,4,C,30.0,O2,10.0,3.364999999999995,2.764,268.78741604202673,90.31147163792662,-4.901596868027099
sub-048,0,C,30.0,O1,5.0,3.2230000000000008,2.624,90.20071526577598,95.26624679565427,0.06582985346553757
sub-048,0,C,30.0,O2,5.0,3.2230000000000008,2.624,177.35860623811422,87.96771782322936,-2.6355046064898726
sub-048,2,C,30.0,O1,15.0,3.8400000000000034,3.24,63.33541929596347,52.95023898074503,8.762411820246031
sub-048,2,C,30.0,O2,15.0,3.8400000000000034,3.24,97.16626639516727,63.76952994497197,8.365631535973577
sub-048,3,C,30.0,O1,20.0,3.6239999999999952,3.024,83.97388618870792,72.0600229564466,8.561906656807315
sub-048,3,C,30.0,O2,20.0,3.6239999999999952,3.024,93.38748693365801,66.56557414406224,9.107797542725681
sub-048,4,C,30.0,O1,5.0,3.0559999999999974,2.456,45.677425727844266,52.87314023469622,6.191549438362686
sub-048,4,C,30.0,O2,5.0,3.0559999999999974,2.456,70.09235944245991,51.54193451530055,4.532400291375619
sub-049,0,C,30.0,O1,5.0,3.049999999999997,2.448,51.570054983841736,89.66385389629161,-2.72438020518726
sub-049,0,C,30.0,O2,5.0,3.049999999999997,2.448,133.67007586830542,106.0084338941072,-6.783764806078877
sub-049,1,C,30.0,O1,10.0,3.228999999999999,2.628,62.21062500050191,84.31845574629932,3.5102663486378987
sub-049,1,C,30.0,O2,10.0,3.228999999999999,2.628,57.915086698030166,78.0427633586683,12.589731375813471
sub-049,2,C,30.0,O1,15.0,3.1680000000000064,2.568,87.08125790445426,105.12439025075811,19.92223072499013
sub-049,2,C,30.0,O2,15.0,3.1680000000000064,2.568,84.76398014570536,96.1811230308131,14.662449083461851
sub-049,3,C,30.0,O1,20.0,3.081000000000003,2.48,84.03366674523603,97.6665304083573,22.264993891610935
sub-049,3,C,30.0,O2,20.0,3.081000000000003,2.48,95.14078232815389,83.46525192260741,18.282240122879372
sub-049,4,C,30.0,O1,5.0,3.206000000000003,2.608,39.90218999963058,87.70045802467746,2.879039486095105
sub-049,4,C,30.0,O2,5.0,3.206000000000003,2.608,66.91493766282737,71.00122742903858,0.21332305010452027
sub-050,0,C,30.0,O1,5.0,3.7270000000000003,3.128,81.00252108322944,122.70764160156251,2.7070528187879472
sub-050,0,C,30.0,O2,5.0,3.7270000000000003,3.128,122.00992057499133,113.55880114906702,4.803529619968558
sub-050,1,C,30.0,O1,10.0,3.421000000000003,2.82,54.7052862026817,97.21936657554227,0.41126447730899357
sub-050,1,C,30.0,O2,10.0,3.421000000000003,2.82,137.6434000517193,104.14782072368423,13.752942634274131
sub-050,2,C,30.0,O1,15.0,3.2719999999999985,2.672,58.063580302188306,113.18359043723656,13.257281517453112
sub-050,2,C,30.0,O2,15.0,3.2719999999999985,2.672,115.46720991636577,95.19942404094496,9.308729212467075
sub-050,3,C,30.0,O1,20.0,3.784000000000006,3.184,82.37787367569771,111.02487604241624,-3.204141802749931
sub-050,3,C,30.0,O2,20.0,3.784000000000006,3.184,126.69187617050972,111.66735839843739,1.2973151007785706
sub-050,4,C,30.0,O1,5.0,3.9200000000000017,3.32,45.47908181240684,32.64287777950893,8.866508068663077
sub-050,4,C,30.0,O2,5.0,3.9200000000000017,3.32,31.700301063939172,32.17516527677839,9.763040588676748
sub-051,0,C,30.0,O1,5.0,2.960000000000001,2.36,25.48981723785401,55.29399816613452,-4.032527331889054
sub-051,0,C,30.0,O2,5.0,2.960000000000001,2.36,100.62653980154741,56.4812937786705,-0.2687920583295438
sub-051,1,C,30.0,O1,10.0,2.936,2.336,82.28057718276973,73.79728538111638,10.559212890124519
sub-051,1,C,30.0,O2,10.0,2.936,2.336,54.90727595479862,68.63691776677182,17.197880131527832
sub-051,2,C,30.0,O1,15.0,3.237000000000002,2.636,82.26335792767368,83.71710195039446,10.296816617712967
sub-051,2,C,30.0,O2,15.0,3.237000000000002,2.636,113.9767565000057,88.39430849175704,9.407096279747867
sub-051,3,C,30.0,O1,20.0,2.9040000000000106,2.304,73.33356871956272,90.50677550466438,8.628690691494105
sub-051,3,C,30.0,O2,20.0,2.9040000000000106,2.304,146.2092418530113,101.40316877867048,4.779284728836944
sub-051,4,C,30.0,O1,5.0,2.9200000000000017,2.32,72.7551841856304,84.43153290999562,-17.378959152832753
sub-051,4,C,30.0,O2,5.0,2.9200000000000017,2.32,120.25081656255219,87.17618826815959,-6.904493365943916
sub-052,0,C,30.0,O1,5.0,2.79,2.192,40.54147666629987,64.40171412417762,7.557168959702835
sub-052,0,C,30.0,O2,5.0,2.79,2.192,62.09420729436373,65.31660466445118,2.4307315626407755
sub-052,1,C,30.0,O1,10.0,3.120000000000001,2.52,131.37021771882715,84.05633053026705,9.108112577490017
sub-052,1,C,30.0,O2,10.0,3.120000000000001,2.52,36.947525610672784,82.24198552181842,12.10822288246362
sub-052,2,C,30.0,O1,15.0,3.391999999999996,2.79,47.46812266098816,63.903152465820256,9.16930001911556
sub-052,2,C,30.0,O2,15.0,3.391999999999996,2.79,57.874790350261485,59.88384176555431,8.304476325957845
sub-052,3,C,30.0,O1,20.0,3.696000000000005,3.098,28.44736261468184,63.25554441150865,5.4919697376627195
sub-052,3,C,30.0,O2,20.0,3.696000000000005,3.098,86.4981484503495,66.51418565448965,3.626536753504715
sub-052,4,C,30.0,O1,10.0,2.9949999999999903,2.394,41.87541385048312,56.23972200092517,7.828955492887713
sub-052,4,C,30.0,O2,10.0,2.9949999999999903,2.394,115.97163162632994,64.7101135253906,4.407992961320668
sub-053,0,C,30.0,O1,5.0,2.76,2.16,86.40033312897931,47.08573030170642,5.136112331641511
sub-053,0,C,30.0,O2,5.0,2.76,2.16,39.666524936776405,49.57853161661249,-0.8095456372389245
sub-053,1,C,30.0,O1,10.0,3.0,2.4,124.10171839362692,46.19141317668712,2.348693719424709
sub-053,1,C,30.0,O2,10.0,3.0,2.4,146.900892761632,73.21647905048573,9.439460513594899
sub-053,2,C,30.0,O1,15.0,3.2929999999999993,2.692,88.58038271351862,41.00020498978462,10.004877540911565
sub-053,2,C,30.0,O2,15.0,3.2929999999999993,2.692,63.901354428341506,49.29583373822665,11.445559598099361
sub-053,3,C,30.0,O1,20.0,3.397999999999996,2.8,66.74249229983276,42.03844627581144,4.490266923714491
sub-053,3,C,30.0,O2,20.0,3.397999999999996,2.8,81.85824259230965,42.03844381633557,2.4299386756822403
sub-053,4,C,30.0,O1,5.0,3.1709999999999923,2.572,62.66395435082286,45.47183615282962,14.84122408460115
sub-053,4,C,30.0,O2,5.0,3.1709999999999923,2.572,53.57395706678693,51.63445281982421,7.535859913747078
sub-054,0,C,30.0,O1,5.0,3.3760000000000003,2.776,113.32550281022718,90.64555790549828,3.5228740602616986
sub-054,0,C,30.0,O2,5.0,3.3760000000000003,2.776,100.20800427687794,162.48457246077686,3.32502383013995
sub-054,1,C,30.0,O1,10.0,3.3840000000000003,2.782,41.25976712076282,75.07195522910668,-0.32132990556113283
sub-054,1,C,30.0,O2,10.0,3.3840000000000003,2.782,263.6471754776803,68.67286541587431,-5.6170333474737895
sub-054,2,C,30.0,O1,15.0,2.934999999999995,2.334,42.805203279194075,39.540495219983534,11.871477727878352
sub-054,2,C,30.0,O2,15.0,2.934999999999995,2.334,55.751329078674296,81.72799820648997,5.935072159866807
sub-054,3,C,30.0,O1,20.0,3.2549999999999955,2.654,59.03587129291735,56.63547746758713,14.634767253683707
sub-054,3,C,30.0,O2,20.0,3.2549999999999955,2.654,23.187293484336458,53.4436651029085,13.82447285014646
sub-054,5,C,30.0,O1,5.0,2.801000000000002,2.202,36.24588579880563,68.98128458073265,6.547644275693372
sub-054,5,C,30.0,O2,5.0,2.801000000000002,2.202,54.1529547540765,86.46175605372378,5.39479226039208
sub-054,6,C,30.0,O1,10.0,3.4369999999999976,2.836,46.31249742708706,81.60463785497765,10.251789999254513
sub-054,6,C,30.0,O2,10.0,3.4369999999999976,2.836,216.16185338873606,162.34064875150978,5.422232432862181
sub-054,7,C,30.0,O1,20.0,2.9609999999999843,2.362,38.410769412392085,56.22943481646086,12.536129954779112
sub-054,7,C,30.0,O2,20.0,2.9609999999999843,2.362,80.21381277787059,101.09991816470495,13.767662524004617
sub-055,0,C,30.0,O1,5.0,3.365000000000002,2.766,203.07492771349456,182.45784997940058,-1.4302420737168429
sub-055,0,C,30.0,O2,5.0,3.365000000000002,2.766,735.3860940993459,195.75959855631768,1.5703782462642146
sub-055,1,C,30.0,O1,10.0,3.341000000000001,2.74,121.91143609699448,100.28782041449293,12.03823962997831
sub-055,1,C,30.0,O2,10.0,3.341000000000001,2.74,649.4203247371472,117.69633985820573,11.244479003125916
sub-055,2,C,30.0,O1,15.0,3.711999999999996,3.112,654.7385856226872,132.58634597376772,11.194639443287887
sub-055,2,C,30.0,O2,15.0,3.711999999999996,3.112,514.2464269813738,173.15994794745197,9.66660442524571
sub-055,3,C,30.0,O1,20.0,2.872,2.272,348.62972037164786,130.77715321591035,20.698936261799155
sub-055,3,C,30.0,O2,20.0,2.872,2.272,583.6177923051935,100.98677665308902,17.36263670772188
sub-055,4,C,30.0,O1,5.0,3.890999999999991,3.29,99.13526879360802,137.84950622759368,-5.5083290719570135
sub-055,4,C,30.0,O2,5.0,3.890999999999991,3.29,804.3855771516498,197.28098447699296,-3.3769606367223814
sub-056,0,C,30.0,O1,5.0,3.527000000000001,2.928,62.728976879119884,70.29194360030326,13.318708622391107
sub-056,0,C,30.0,O2,5.0,3.527000000000001,2.928,100.45265640861109,79.86739560177453,4.52280460482234
sub-056,1,C,30.0,O1,10.0,3.6000000000000014,3.0,71.75411106310392,59.65768643429403,12.624389749480988
sub-056,1,C,30.0,O2,10.0,3.6000000000000014,3.0,74.71304554587915,52.80633655347322,14.20210071783887
sub-056,2,C,30.0,O1,15.0,3.463000000000001,2.862,76.62777539303428,63.56394105208549,13.542469021492021
sub-056,2,C,30.0,O2,15.0,3.463000000000001,2.862,127.67115502608449,55.34025342840898,11.517987694412914
sub-056,3,C,30.0,O1,20.0,3.2390000000000043,2.64,71.62196616122597,36.91406531082954,9.480949195701912
sub-056,3,C,30.0,O2,20.0,3.2390000000000043,2.64,100.67850370909038,67.23889923723121,7.046603236629146
sub-056,4,C,30.0,O1,5.0,3.326999999999998,2.726,69.33984285856549,42.75802100332158,5.588630306498032
sub-056,4,C,30.0,O2,5.0,3.326999999999998,2.726,66.6039271103708,43.421054036993716,6.387339787156881
sub-057,0,C,30.0,O1,10.0,3.7940000000000005,3.194,58.58326426455848,51.46483938317549,9.40979772507255
sub-057,0,C,30.0,O2,10.0,3.7940000000000005,3.194,112.9329746647885,65.56330861543354,12.186611510137793
sub-057,1,C,30.0,O1,15.0,3.8799999999999955,3.28,79.51012262043201,67.14124358327766,8.875088402313295
sub-057,1,C,30.0,O2,15.0,3.8799999999999955,3.28,111.61286605031864,77.43625962106803,8.281553324350634
sub-057,2,C,30.0,O1,20.0,3.51100000000001,2.912,80.88172949991728,59.868416033293094,8.49166935818699
sub-057,2,C,30.0,O2,20.0,3.51100000000001,2.912,73.50097221324317,68.18461925105045,9.844028363408944
sub-058,0,C,30.0,O1,10.0,3.078999999999999,2.48,227.33422959779432,122.78473402324477,3.8707071937511013
sub-058,0,C,30.0,O2,10.0,3.078999999999999,2.48,75.76804412038683,89.13959252206901,0.9571421088289994
sub-058,1,C,30.0,O1,15.0,3.030999999999999,2.43,41.241776315789224,63.748972039474275,-1.670943644066227
sub-058,1,C,30.0,O2,15.0,3.030999999999999,2.43,105.97450657894719,106.58408717105235,8.734935019539883
sub-058,2,C,30.0,O1,20.0,3.352000000000004,2.752,83.98437499999999,124.09025654039894,3.1501905481505172
sub-058,2,C,30.0,O2,20.0,3.352000000000004,2.752,147.52390008223688,142.20804555792552,-5.619035441749794
sub-059,0,C,30.0,O1,5.0,3.127,2.528,32.410924855282396,76.37231927168996,11.572447434214837
sub-059,0,C,30.0,O2,5.0,3.127,2.528,205.69248480596033,112.46916620354901,10.685806233931025
sub-059,1,C,30.0,O1,10.0,3.9029999999999987,3.302,41.86111821626362,88.46113641638505,13.324554733670968
sub-059,1,C,30.0,O2,10.0,3.9029999999999987,3.302,211.74188207325184,127.18956066432754,8.639697274679238
sub-059,2,C,30.0,O1,15.0,3.253999999999998,2.652,66.95620556881552,66.76604145451599,16.455237276880695
sub-059,2,C,30.0,O2,15.0,3.253999999999998,2.652,220.2816627339313,90.61986150239645,16.3756254478613
sub-059,3,C,30.0,O1,20.0,4.079999999999991,3.48,44.317793693542455,84.61657393606085,11.718373213572917
sub-059,3,C,30.0,O2,20.0,4.079999999999991,3.48,220.91992082796585,113.50739980998793,11.99189152065987
sub-060,1,C,30.0,O1,10.0,3.4800000000000004,2.88,48.66642574511075,50.519115146837734,14.589358667382932
sub-060,1,C,30.0,O2,10.0,3.4800000000000004,2.88,59.71699778506625,46.59230744211296,20.05303334496286
sub-060,2,C,30.0,O1,15.0,3.2709999999999937,2.67,33.036900572525816,72.34785672238,4.249541773059055
sub-060,2,C,30.0,O2,15.0,3.2709999999999937,2.67,27.659846917202632,59.40070092050653,11.626613965303639
sub-060,3,C,30.0,O1,20.0,3.071000000000005,2.472,40.1983981182701,52.66756138048675,11.800961311798785
sub-060,3,C,30.0,O2,20.0,3.071000000000005,2.472,24.642525005340588,46.700236772236046,11.636384780058899
sub-061,0,C,30.0,O1,5.0,3.902000000000001,3.302,64.78977885999177,56.75369784706517,8.299975011580033
sub-061,0,C,30.0,O2,5.0,3.902000000000001,3.302,39.75379936318648,61.18420620968468,0.5888890127148528
sub-061,1,C,30.0,O1,10.0,3.0459999999999994,2.446,41.09364882218209,89.48910271494012,18.27861548412376
sub-061,1,C,30.0,O2,10.0,3.0459999999999994,2.446,99.87940966254786,150.95598727778383,14.525443680549513
sub-061,2,C,30.0,O1,15.0,3.6779999999999973,3.078,66.99948191191012,48.96175976803428,15.887210020079044
sub-061,2,C,30.0,O2,15.0,3.6779999999999973,3.078,124.2980041664524,91.9253716719778,12.363887647057844
sub-061,3,C,30.0,O1,20.0,3.239999999999995,2.64,47.58552153813212,46.289059036656425,7.854870954400063
sub-061,3,C,30.0,O2,20.0,3.239999999999995,2.64,85.89370284005214,90.4450976221185,7.561696307985736
sub-062,0,C,30.0,O1,5.0,3.6320000000000014,3.032,114.96400160538525,154.9804408424779,9.287978057718844
sub-062,0,C,30.0,O2,5.0,3.6320000000000014,3.032,614.3775791368986,146.3558877643786,11.565934433054451
sub-062,1,C,30.0,O1,10.0,3.6529999999999987,3.052,69.2729740644756,70.15316471300626,4.263651355146037
sub-062,1,C,30.0,O2,10.0,3.6529999999999987,3.052,601.5072479248047,83.8712746469597,4.2116452425511985
sub-062,2,C,30.0,O1,15.0,3.7820000000000036,3.18,68.69202503405116,70.63117359813891,13.050547046681602
sub-062,2,C,30.0,O2,15.0,3.7820000000000036,3.18,493.2476532936096,52.08676038290331,14.29621482816853
sub-062,3,C,30.0,O1,20.0,3.527000000000001,2.928,79.04882255930649,86.16364303388093,2.4432829460518417
sub-062,3,C,30.0,O2,20.0,3.527000000000001,2.928,510.61393313558466,75.42149368085363,-3.9526587311747012
sub-063,0,C,30.0,O1,5.0,3.6399999999999997,3.04,33.38013150265343,63.11163450542243,10.471413123229334
sub-063,0,C,30.0,O2,5.0,3.6399999999999997,3.04,56.06034669574938,63.6770197215833,2.827713689089303
sub-063,1,C,30.0,O1,10.0,3.3859999999999992,2.786,95.23910658183843,148.8435436048006,19.62572916076808
sub-063,1,C,30.0,O2,10.0,3.3859999999999992,2.786,77.77589433368883,158.56805399844524,15.118754790602392
sub-063,2,C,30.0,O1,15.0,4.012999999999998,3.414,448.74019846464455,433.537178340711,10.251335393765908
sub-063,2,C,30.0,O2,15.0,4.012999999999998,3.414,456.5221803364001,409.8992428026701,6.397897291825246
sub-063,3,C,30.0,O1,20.0,3.3830000000000098,2.784,61.195575129860266,105.56126474079333,8.877438619087975
sub-063,3,C,30.0,O2,20.0,3.3830000000000098,2.784,82.65872257132274,103.28947800084163,7.431342171768938
sub-064,0,C,30.0,O1,5.0,3.6149999999999984,3.014,51.00647535826032,72.86184391222503,0.3119968170240868
sub-064,0,C,30.0,O2,5.0,3.6149999999999984,3.014,45.20394070876272,80.7976965653269,2.1183724758282967
sub-065,0,C,30.0,O1,5.0,3.92,3.32,44.106597031041204,63.1373238814505,11.464871494251627
sub-065,0,C,30.0,O2,5.0,3.92,3.32,45.142475756595005,45.076070383975356,11.260182983101997
sub-066,0,F,20.0,O1,5.0,3.3259999999999996,2.728,160.7389066073769,83.12602896439397,10.865974411137373
sub-066,0,F,20.0,O2,5.0,3.3259999999999996,2.728,68.17223213396576,127.55446604678508,10.753490524264219
sub-066,1,F,20.0,O1,10.0,4.058,3.458,148.1264406224301,77.4259550696925,9.444228104834117
sub-066,1,F,20.0,O2,10.0,4.058,3.458,288.1256098777369,81.4196105254324,8.288131473959698
sub-066,2,F,20.0,O1,15.0,3.4100000000000037,2.808,170.35945239518819,99.90746809306899,1.8953269781134225
sub-066,2,F,20.0,O2,15.0,3.4100000000000037,2.808,307.30781983626514,97.36842085185805,1.738594048989999
sub-066,3,F,20.0,O1,20.0,3.503,2.902,124.20590669230408,43.82711525967248,11.250110341440017
sub-066,3,F,20.0,O2,20.0,3.503,2.902,282.43728795804475,43.534130886981366,9.166973725998119
sub-066,4,F,20.0,O1,15.0,3.1509999999999962,2.55,205.73003626823427,98.26272846523082,7.008945311786702
sub-066,4,F,20.0,O2,15.0,3.1509999999999962,2.55,205.60206483238622,95.0092479304263,9.926380139782777
sub-067,0,F,24.0,O1,5.0,3.8880000000000017,3.288,247.11640649092823,142.5112979725788,6.597891302435144
sub-067,0,F,24.0,O2,5.0,3.8880000000000017,3.288,92.27096993546735,134.7759094238281,5.485344510577457
sub-067,1,F,24.0,O1,10.0,3.5289999999999964,2.93,139.69901141518034,91.06702784488076,13.055373258790674
sub-067,1,F,24.0,O2,10.0,3.5289999999999964,2.93,66.03453604447213,82.45785000449733,10.877605037986333
sub-067,2,F,24.0,O1,15.0,3.3999999999999986,2.8,100.89483036643583,36.45660892285797,6.563522504488767
sub-067,2,F,24.0,O2,15.0,3.3999999999999986,2.8,157.40700931749848,40.881975274337,3.54791730432505
sub-067,3,F,24.0,O1,20.0,3.5990000000000038,2.998,102.70671717593545,64.0573579386661,15.110056135322928
sub-067,3,F,24.0,O2,20.0,3.5990000000000038,2.998,437.27857553983984,27.096979216525355,12.03104352265569
sub-067,4,F,24.0,O1,10.0,3.214999999999989,2.616,30.932159959893518,48.658505590338464,7.740139987266418
sub-067,4,F,24.0,O2,10.0,3.214999999999989,2.616,259.85263890718164,94.1303491090473,2.2002861245317002
sub-068,0,F,25.0,O1,5.0,4.289999999999999,3.69,158.60730193288703,114.0676249453896,-0.6689067562602756
sub-068,0,F,25.0,O2,5.0,4.289999999999999,3.69,172.92514658074626,112.7980942977102,-2.24236722781239
sub-068,1,F,25.0,O1,10.0,3.9750000000000014,3.374,207.65685185482616,128.5002028816625,-2.8367187152089226
sub-068,1,F,25.0,O2,10.0,3.9750000000000014,3.374,196.17721058092613,120.80077402215248,4.035076137382852
sub-068,2,F,25.0,O1,15.0,3.9029999999999987,3.302,81.46072468004729,139.8848461351897,2.5624530094256253
sub-068,2,F,25.0,O2,15.0,3.9029999999999987,3.302,90.09815386721961,135.93747269479852,0.3443912186107546
sub-068,3,F,25.0,O1,20.0,4.167999999999999,3.568,48.866474922581745,83.69652246174061,2.195215582924182
sub-068,3,F,25.0,O2,20.0,4.167999999999999,3.568,45.749784497712774,76.21813402677844,6.669473383257936
sub-068,4,F,25.0,O1,5.0,3.5349999999999966,2.936,43.55077120128433,91.97162347090877,1.7903994264992529
sub-068,4,F,25.0,O2,5.0,3.5349999999999966,2.936,68.29537647648861,91.95107726046912,2.185874564872197
sub-069,0,F,22.0,O1,5.0,3.064,2.464,106.62494087771367,103.37170181776338,4.704474859530896
sub-069,0,F,22.0,O2,5.0,3.064,2.464,217.4212894486126,98.52484642831904,7.660655934994878
sub-069,1,F,22.0,O1,10.0,3.506999999999998,2.906,137.65994478727643,137.3766454897429,10.64381783749618
sub-069,1,F,22.0,O2,10.0,3.506999999999998,2.906,52.987668585526315,115.25491855019018,5.832017144871793
sub-069,2,F,22.0,O1,15.0,4.678999999999995,4.08,104.67423345666181,119.79337160210864,8.792193881253409
sub-069,2,F,22.0,O2,15.0,4.678999999999995,4.08,71.92115494276337,154.16321965267778,7.237285460170158
sub-069,3,F,22.0,O1,20.0,3.4869999999999948,2.886,157.27744041994995,192.6860590483013,-4.318926355546821
sub-069,3,F,22.0,O2,20.0,3.4869999999999948,2.886,176.65376983843345,195.6260173195287,-1.1868717355554994
sub-069,4,F,22.0,O1,5.0,3.616000000000014,3.018,96.0372056418971,71.50492617958467,17.415141975393926
sub-069,4,F,22.0,O2,5.0,3.616000000000014,3.018,212.3706832885742,118.32340240478516,14.194471637016894
sub-070,0,F,22.0,O1,5.0,3.799999999999999,3.2,232.13060516357422,54.8365531720613,7.67609872626168
sub-070,0,F,22.0,O2,5.0,3.799999999999999,3.2,26.24496007718538,53.387126119513276,11.622844202430416
sub-070,1,F,22.0,O1,10.0,2.84,2.24,229.72593071385432,51.85545901248331,10.493465064888511
sub-070,1,F,22.0,O2,10.0,2.84,2.24,33.91704489758139,56.69201650117577,11.758050549481052
sub-070,2,F,22.0,O1,15.0,3.878999999999998,3.278,159.02220300875211,57.97697127492807,15.436935675831599
sub-070,2,F,22.0,O2,15.0,3.878999999999998,3.278,103.83840249312547,48.39124438637181,9.35374893119175
sub-070,3,F,22.0,O1,20.0,3.48599999999999,2.888,182.4554894276669,48.1291049656115,-3.191100469418735
sub-070,3,F,22.0,O2,20.0,3.48599999999999,2.888,101.0512887899499,45.631167160837265,5.163276270272848
sub-070,4,F,22.0,O1,5.0,3.885000000000005,3.286,198.77836960340798,71.13486561022309,5.678968670791496
sub-070,4,F,22.0,O2,5.0,3.885000000000005,3.286,106.24856446918687,63.38918424907483,2.300981093890313
sub-071,0,F,20.0,O1,5.0,3.224,2.624,41.613020167099876,68.03557004426655,10.271822443660334
sub-071,0,F,20.0,O2,5.0,3.224,2.624,25.91725206073962,56.80510008962528,8.340570757029761
sub-071,1,F,20.0,O1,10.0,3.3550000000000004,2.756,41.91344083886401,49.347235629433136,9.652102514836216
sub-071,1,F,20.0,O2,10.0,3.3550000000000004,2.756,104.32847910027758,55.94674421611583,9.804599579816601
sub-071,2,F,20.0,O1,15.0,3.4949999999999974,2.894,101.59898391723631,63.969978131745954,12.1448213657057
sub-071,2,F,20.0,O2,15.0,3.4949999999999974,2.894,73.46041988975122,49.75328023810133,3.182342922877952
sub-071,3,F,20.0,O1,20.0,3.7039999999999935,3.104,86.75055982828141,68.51871831793535,10.711883167233452
sub-071,3,F,20.0,O2,20.0,3.7039999999999935,3.104,96.08068770258049,83.45497211657076,9.498846748798101
sub-071,4,F,20.0,O1,5.0,3.3329999999999984,2.734,110.32092579490259,58.19284398932205,1.939933680099192
sub-071,4,F,20.0,O2,5.0,3.3329999999999984,2.734,114.73365635922077,67.08469389614307,2.7630261823873887
sub-072,0,F,18.0,O1,5.0,3.84,3.24,46.27193906683674,42.72717305233604,3.8813125168641633
sub-072,0,F,18.0,O2,5.0,3.84,3.24,61.53592272607904,36.99629773591696,8.361794335856407
sub-072,1,F,18.0,O1,10.0,3.184000000000001,2.584,82.91323715360538,42.50102740839907,10.373293238071192
sub-072,1,F,18.0,O2,10.0,3.184000000000001,2.584,110.15465759026375,43.50329005090814,8.147721186668594
sub-072,2,F,18.0,O1,15.0,3.4549999999999983,2.856,45.34487270555999,44.19716182507966,7.048725344756983
sub-072,2,F,18.0,O2,15.0,3.4549999999999983,2.856,140.67988264184248,39.78206398612577,3.648105633722908
sub-072,3,F,18.0,O1,20.0,3.527000000000001,2.928,29.722138185250127,43.64205636476216,7.4990020799906665
sub-072,3,F,18.0,O2,20.0,3.527000000000001,2.928,134.39612209269876,34.35443456549396,8.416410837864646
sub-072,4,F,18.0,O1,5.0,3.541000000000011,2.942,23.659539774844518,35.92722717084382,-3.5658564899837932
sub-072,4,F,18.0,O2,5.0,3.541000000000011,2.942,54.05787529694405,31.645763397216832,4.315473819102314
sub-073,0,F,22.0,O1,5.0,3.251999999999999,2.652,289.62143623828877,129.708051079198,9.981799645429577
sub-073,0,F,22.0,O2,5.0,3.251999999999999,2.652,391.44991456834896,110.57770819413028,10.753294433557603
sub-073,1,F,22.0,O1,10.0,3.4269999999999996,2.826,98.52959899500793,93.12293865806177,-8.207962910058926
sub-073,1,F,22.0,O2,10.0,3.4269999999999996,2.826,206.49752793161485,91.20579162396882,3.0709346220868823
sub-073,2,F,22.0,O1,15.0,3.3370000000000033,2.736,149.44658935396296,93.80138989498741,6.038667331033961
sub-073,2,F,22.0,O2,15.0,3.3370000000000033,2.736,60.40182873223951,94.1303384680497,7.572209741133614
sub-073,3,F,22.0,O1,20.0,3.0889999999999986,2.49,38.765005059493205,40.5376252124184,9.328231879896633
sub-073,3,F,22.0,O2,20.0,3.0889999999999986,2.49,85.68647090711092,49.64020342575876,10.951130878466245
sub-073,4,F,22.0,O1,5.0,3.6200000000000045,3.022,72.17259915251482,156.98498282934486,7.6703106568215595
sub-073,4,F,22.0,O2,5.0,3.6200000000000045,3.022,192.91786635549443,144.3873342087394,9.868974663068505
sub-074,0,F,20.0,O1,5.0,4.28,3.68,73.62782002838033,62.623345876994875,5.5752765739820065
sub-074,0,F,20.0,O2,5.0,4.28,3.68,85.28602342153849,46.79789538132512,9.66712564524127
sub-074,1,F,20.0,O1,10.0,3.6670000000000016,3.066,54.41735445524519,74.47059390419406,10.812075438826048
sub-074,1,F,20.0,O2,10.0,3.6670000000000016,3.066,128.40707376580494,65.90255998310289,12.179101376525935
sub-074,2,F,20.0,O1,15.0,3.264000000000003,2.664,27.880599121294548,48.62252207806239,7.680854304100815
sub-074,2,F,20.0,O2,15.0,3.264000000000003,2.664,22.21443342008089,40.90769175479284,9.938067825259997
sub-074,3,F,20.0,O1,20.0,3.144999999999996,2.546,41.008227053190524,61.564560036910194,0.4956213585967758
sub-074,3,F,20.0,O2,20.0,3.144999999999996,2.546,21.43976002743368,44.34621931377207,7.6047002994042066
sub-074,5,F,20.0,O1,15.0,3.3989999999999867,2.8,40.33892269937616,46.222242405540065,8.18595508633842
sub-074,5,F,20.0,O2,15.0,3.3989999999999867,2.8,49.46767266725239,46.88014045514556,18.793539307672372
sub-075,0,F,22.0,O1,5.0,5.512000000000002,4.912,92.96335293368287,91.41653603001642,6.100879561594738
sub-075,0,F,22.0,O2,5.0,5.512000000000002,4.912,87.18827010957818,97.24506378173827,6.719688548646653
sub-075,1,F,22.0,O1,10.0,4.847999999999999,4.248,564.5923172097457,560.2744077883269,7.086092305986675
sub-075,1,F,22.0,O2,10.0,4.847999999999999,4.248,708.8843447052805,716.539826995448,4.455081965749454
sub-075,2,F,22.0,O1,15.0,3.5529999999999973,2.952,151.75652458793238,185.89124122418852,3.1638430493715477
sub-075,2,F,22.0,O2,15.0,3.5529999999999973,2.952,172.65238977733412,140.8357265873959,4.696168183252258
sub-075,3,F,22.0,O1,20.0,3.4239999999999924,2.824,74.82482899314479,116.51417782432151,4.268410965880848
sub-075,3,F,22.0,O2,20.0,3.4239999999999924,2.824,71.39150246871147,114.96196385433802,0.09904474331898172
sub-075,4,F,22.0,O1,5.0,3.6230000000000047,3.022,73.1856474336825,140.1264301601209,9.399486002375477
sub-075,4,F,22.0,O2,5.0,3.6230000000000047,3.022,117.62129695290011,124.86635996166025,10.096600353307927
sub-075,5,F,22.0,O1,10.0,3.539999999999992,2.94,54.01598360965123,86.20476361324911,7.2615040634821355
sub-075,5,F,22.0,O2,10.0,3.539999999999992,2.94,74.94309798190466,92.05385689986379,7.302923379205465
sub-076,0,F,24.0,O1,5.0,3.4000000000000004,2.8,141.42705238442673,219.84476681759486,7.237215865743995
sub-076,0,F,24.0,O2,5.0,3.4000000000000004,2.8,270.6755029547842,243.5752279382003,8.220904458370038
sub-076,1,F,24.0,O1,10.0,3.4549999999999983,2.854,118.32381019592286,54.697788238525376,14.55407464464579
sub-076,1,F,24.0,O2,10.0,3.4549999999999983,2.854,199.89298309627333,41.97162236665422,19.831768713334643
sub-076,2,F,24.0,O1,15.0,2.8969999999999985,2.296,116.5165005613628,39.18072188527958,23.28511037049193
sub-076,2,F,24.0,O2,15.0,2.8969999999999985,2.296,172.29167325471576,39.11389903018346,21.253489353782978
sub-076,3,F,24.0,O1,20.0,3.13600000000001,2.538,123.39062544170179,34.86328082335622,9.45575139765919
sub-076,3,F,24.0,O2,20.0,3.13600000000001,2.538,123.58038186926589,48.396377111736086,8.582714150306481
sub-078,0,F,22.0,O1,20.0,3.4860000000000007,2.888,182.4554894276669,58.82503283651254,2.1439145287052868
sub-078,0,F,22.0,O2,20.0,3.4860000000000007,2.888,114.07123808559619,59.95579413363807,14.21276086097359
sub-078,1,F,22.0,O1,5.0,3.884999999999998,3.284,198.73272844113797,77.52878148932206,4.455226118134046
sub-078,1,F,22.0,O2,5.0,3.884999999999998,3.284,106.25031200208161,63.38918424907483,0.1470396230403551
sub-079,0,F,18.0,O1,5.0,3.681000000000001,3.082,83.65439244320515,89.65871690448962,4.71569940790716
sub-079,0,F,18.0,O2,5.0,3.681000000000001,3.082,62.28412471570464,80.17577447389299,6.658698437627595
sub-079,1,F,18.0,O1,10.0,3.872,3.272,68.85459250399947,133.850730494449,8.548329856848964
sub-079,1,F,18.0,O2,10.0,3.872,3.272,77.39231650703832,130.72059169568513,9.326830513925156
sub-079,2,F,18.0,O1,15.0,3.2080000000000055,2.608,157.93056176587154,108.68111871418196,2.6422285876592126
sub-079,2,F,18.0,O2,15.0,3.2080000000000055,2.608,79.99758252796376,131.17804015310185,11.022294766417918
sub-079,3,F,18.0,O1,20.0,3.615000000000009,3.016,256.76582979955174,127.20497417449951,9.444410338302777
sub-079,3,F,18.0,O2,20.0,3.615000000000009,3.016,79.14092914782073,120.43070773074503,6.184727553315371
sub-080,0,F,20.0,O1,5.0,5.034000000000001,4.434,125.30448264874912,68.85280280364188,11.51206243094499
sub-080,0,F,20.0,O2,5.0,5.034000000000001,4.434,50.0727793402421,80.43277251093012,9.317557998613303
sub-080,1,F,20.0,O1,10.0,4.271999999999995,3.67,94.050884513855,133.75822383479067,15.482526377359779
sub-080,1,F,20.0,O2,10.0,4.271999999999995,3.67,271.4216693396317,93.11780347322164,14.47875998723375
sub-080,2,F,20.0,O1,15.0,4.857999999999997,4.258,66.01418643349093,73.7356094059191,10.923850042884556
sub-080,2,F,20.0,O2,15.0,4.857999999999997,4.258,166.05633393940167,75.27754848881774,9.624346567988377
sub-080,3,F,20.0,O1,20.0,3.7680000000000007,3.168,51.95507969906456,55.18091874373586,12.97319799411252
sub-080,3,F,20.0,O2,20.0,3.7680000000000007,3.168,168.94834629058838,108.7685025867663,10.327300501310496
sub-081,0,F,18.0,O1,5.0,4.272000000000002,3.672,197.0903541012814,74.91776436253599,0.5303921079229224
sub-081,0,F,18.0,O2,5.0,4.272000000000002,3.672,28.217511689035515,63.132183627078405,4.53296874460266
sub-081,1,F,18.0,O1,10.0,4.055,3.456,162.57308695215926,174.59910222103719,7.544226818340411
sub-081,1,F,18.0,O2,10.0,4.055,3.456,99.03962791041323,146.50492597881112,10.853470617783413
sub-081,2,F,18.0,O1,15.0,3.79999999999999,3.2,95.52959838566026,144.88589447423033,8.696430414281199
sub-081,2,F,18.0,O2,15.0,3.79999999999999,3.2,91.45898105194694,128.6749479896144,10.656401011157337
sub-081,3,F,18.0,O1,20.0,3.456000000000003,2.856,87.36877901579206,164.4685401916504,11.28936790560969
sub-081,3,F,18.0,O2,20.0,3.456000000000003,2.856,133.733244061721,147.409534755506,7.236407513881965
sub-082,0,F,27.0,O1,5.0,3.1210000000000004,2.52,62.491772057382676,131.36307008642896,-0.7097371699901551
sub-082,0,F,27.0,O2,5.0,3.1210000000000004,2.52,130.2594502165443,144.06865571674547,0.27792281979027617
sub-082,1,F,27.0,O1,10.0,3.224,2.624,94.64725053486073,123.98231446115595,10.531620833668269
sub-082,1,F,27.0,O2,10.0,3.224,2.624,121.90418357422479,124.01828926487973,11.375412340052353
sub-082,2,F,27.0,O1,15.0,3.9649999999999963,3.366,71.46237366927298,144.65459301597195,13.875032203529491
sub-082,2,F,27.0,O2,15.0,3.9649999999999963,3.366,141.4641214551424,135.978607780055,8.528678876537546
sub-082,3,F,27.0,O1,20.0,3.807000000000002,3.206,83.54748901517767,143.78597811648723,14.107414629703928
sub-082,3,F,27.0,O2,20.0,3.807000000000002,3.206,115.00205619812012,134.31332226803428,7.0128871653058535
sub-083,0,F,20.0,O1,5.0,5.474000000000001,4.874,63.41200410140187,132.7096963399335,1.604360821333555
sub-083,0,F,20.0,O2,5.0,5.474000000000001,4.874,92.64555254434283,90.75862819270083,5.44437483216436
sub-083,1,F,20.0,O1,10.0,3.169999999999998,2.57,27.966488165604424,58.033508802715104,18.252402392554334
sub-083,1,F,20.0,O2,10.0,3.169999999999998,2.57,70.61903332358912,57.24711809660259,18.032451357186442
sub-083,2,F,20.0,O1,15.0,3.559999999999995,2.96,78.74598683783886,69.01726662485224,1.3079322474980222
sub-083,2,F,20.0,O2,15.0,3.559999999999995,2.96,34.439914368579274,54.56414162485224,5.6387692065852155
sub-083,3,F,20.0,O1,20.0,3.879000000000005,3.28,35.235246789831855,52.45681295896833,8.402607565219094
sub-083,3,F,20.0,O2,20.0,3.879000000000005,3.28,83.35783377396432,50.23643709483898,9.308340035328124
sub-084,1,F,24.0,O1,10.0,3.9830000000000005,3.382,55.46463173314143,104.05015558945504,13.489980565181849
sub-084,1,F,24.0,O2,10.0,3.9830000000000005,3.382,144.78668828763458,113.60504572015058,11.41445587221401
sub-084,2,F,24.0,O1,15.0,3.7099999999999937,3.11,48.494241887142806,91.21092705977591,10.035845560700277
sub-084,2,F,24.0,O2,15.0,3.7099999999999937,3.11,128.98282746967516,89.81804857755962,12.788707062740134
sub-084,3,F,24.0,O1,20.0,3.1469999999999914,2.546,53.65233009739925,79.31743380897925,9.221276264400334
sub-084,3,F,24.0,O2,20.0,3.1469999999999914,2.546,111.4561997263055,92.3057104411878,4.529521564806315
sub-085,0,F,26.0,O1,5.0,3.2149999999999963,2.614,44.084090134470095,88.51253584811562,-3.1780912735872935
sub-085,0,F,26.0,O2,5.0,3.2149999999999963,2.614,65.59117469386052,86.75986089204487,-2.388796301981183
sub-085,1,F,26.0,O1,10.0,4.574999999999996,3.976,64.01684823889481,95.25081757495278,2.578564188382888
sub-085,1,F,26.0,O2,10.0,4.574999999999996,3.976,143.9204754688865,142.20290595606755,3.4476403691097826
sub-085,2,F,26.0,O1,15.0,3.632000000000005,3.032,50.79589464789943,95.52322166844418,2.8907585733462553
sub-085,2,F,26.0,O2,15.0,3.632000000000005,3.032,88.47758689679586,114.85915916844417,-4.143877869210685
sub-085,3,F,26.0,O1,20.0,3.903000000000006,3.304,80.40398072794864,119.53125105406109,9.548393807270179
sub-085,3,F,26.0,O2,20.0,3.903000000000006,3.304,143.31418479568077,130.8645088296187,10.899386408784382
sub-086,0,F,26.0,O1,5.0,7.312999999999999,6.712,124.30278597379984,135.7113460741545,2.9276490960497275
sub-086,0,F,26.0,O2,5.0,7.312999999999999,6.712,232.10962895845108,167.5318641662597,1.1714529611297075
sub-086,1,F,26.0,O1,10.0,5.536000000000001,4.936,67.71998368915759,90.36286103098013,3.4979792124610922
sub-086,1,F,26.0,O2,10.0,5.536000000000001,4.936,165.41750496111416,93.47759286980879,1.7348927693874885
sub-087,0,F,24.0,O1,5.0,3.9459999999999997,3.346,146.65295928151983,96.95209633676629,-1.4775429889812777
sub-087,0,F,24.0,O2,5.0,3.9459999999999997,3.346,107.06990036813835,102.86286840940777,-0.3047733210873481
sub-087,1,F,24.0,O1,10.0,3.9589999999999996,3.358,132.4726468698602,96.29420170031098,19.693174230345306
sub-087,1,F,24.0,O2,10.0,3.9589999999999996,3.358,127.64391104447213,97.96977675588506,15.142490495199876
sub-087,2,F,24.0,O1,15.0,3.4720000000000013,2.872,170.54713299399927,129.24548139070205,16.157877389393065
sub-087,2,F,24.0,O2,15.0,3.4720000000000013,2.872,168.80345394736838,123.79728939658716,13.343062429207539
sub-087,3,F,24.0,O1,20.0,3.4000000000000057,2.8,128.62895805860822,110.6136946427195,14.368998526798645
sub-087,3,F,24.0,O2,20.0,3.4000000000000057,2.8,141.36580033352502,100.27754853901111,8.92733346995666
sub-088,0,F,24.0,O1,5.0,3.408999999999999,2.808,46.46791985662358,105.94674115431933,0.506456763807822
sub-088,0,F,24.0,O2,5.0,3.408999999999999,2.808,48.12571542639481,72.45578685559725,1.4180382533854048
sub-088,1,F,24.0,O1,10.0,3.3840000000000003,2.784,57.67480436325071,116.33942513716848,14.542830794699316
sub-088,1,F,24.0,O2,10.0,3.3840000000000003,2.784,56.1271013681512,102.66754632247122,16.12615739395216
sub-088,2,F,24.0,O1,15.0,3.1129999999999995,2.514,58.88342785885461,109.1642598603901,7.278209397036055
sub-088,2,F,24.0,O2,15.0,3.1129999999999995,2.514,98.20250311198987,111.2201781523855,7.854331843178716
sub-088,3,F,24.0,O1,20.0,3.4399999999999977,2.84,67.93636324631538,113.72326740465665,9.08712903598488
sub-088,3,F,24.0,O2,20.0,3.4399999999999977,2.84,84.76798732155245,111.28186115465665,10.098529740197781
