subject,group,mmse,frequency_hz,local_snr_db,analyzed_duration_s
sub-001,A,16.0,5.0,3.87331264093516,3.282
sub-001,A,16.0,10.0,7.047935182513212,3.342
sub-001,A,16.0,15.0,14.616181386259179,3.332
sub-001,A,16.0,20.0,6.076411716500099,3.424
sub-002,A,22.0,5.0,5.34707396553917,2.463
sub-002,A,22.0,10.0,17.304498383653275,2.83
sub-002,A,22.0,15.0,3.676901914861624,2.464
sub-002,A,22.0,20.0,12.292029220840323,2.666
sub-004,A,20.0,5.0,8.158145233563062,2.862
sub-004,A,20.0,10.0,1.243005939586098,2.308
sub-004,A,20.0,15.0,20.590707660804306,2.316
sub-004,A,20.0,20.0,15.759352431263098,2.762
sub-005,A,22.0,5.0,13.896022715321298,2.29
sub-005,A,22.0,10.0,16.709798998709772,2.672
sub-005,A,22.0,15.0,1.2091812749089201,2.952
sub-005,A,22.0,20.0,16.568325526526877,2.44
sub-006,A,14.0,5.0,3.3504083679365655,3.6470000000000002
sub-006,A,14.0,10.0,7.202899418339046,2.964
sub-006,A,14.0,15.0,8.81714636373557,2.958
sub-006,A,14.0,20.0,10.898588331113341,3.292
sub-007,A,20.0,5.0,3.593021772260011,4.268
sub-007,A,20.0,10.0,6.18576545779998,3.77
sub-007,A,20.0,15.0,11.291826711251787,3.176
sub-007,A,20.0,20.0,11.384945297102528,3.492
sub-008,A,16.0,5.0,7.0511020791366015,2.432
sub-008,A,16.0,10.0,13.196965612723902,3.128
sub-008,A,16.0,15.0,13.620028587112603,2.728
sub-008,A,16.0,20.0,14.434006145375786,3.256
sub-009,A,23.0,5.0,10.678451735132445,2.298
sub-009,A,23.0,10.0,13.61589053499127,4.108
sub-009,A,23.0,15.0,7.522594488900841,2.938
sub-009,A,23.0,20.0,13.572515430389359,2.554
sub-010,A,20.0,5.0,5.14195358245785,3.699
sub-010,A,20.0,10.0,6.934935029422601,2.76
sub-010,A,20.0,15.0,11.308341314497461,2.776
sub-010,A,20.0,20.0,4.453048822580745,3.472
sub-012,A,18.0,5.0,6.022676864287129,2.644
sub-012,A,18.0,10.0,4.7230035826061405,2.878
sub-012,A,18.0,15.0,13.754123361747443,2.84
sub-012,A,18.0,20.0,9.264012114869757,2.0
sub-013,A,20.0,5.0,5.674791223143999,2.5250000000000004
sub-013,A,20.0,10.0,13.875354150155257,2.52
sub-013,A,20.0,15.0,5.546608748453622,2.496
sub-013,A,20.0,20.0,3.929106080809758,2.642
sub-014,A,14.0,5.0,9.135382536778568,2.23
sub-014,A,14.0,10.0,12.49226844472809,2.0
sub-014,A,14.0,15.0,-0.7455268926701872,2.51
sub-014,A,14.0,20.0,0.13676737488741253,2.41
sub-015,A,18.0,5.0,-5.319190138979459,2.96
sub-015,A,18.0,20.0,10.245180190667778,3.074
sub-016,A,14.0,5.0,-2.827074733403155,2.708
sub-016,A,14.0,10.0,8.172859119263501,3.2
sub-016,A,14.0,15.0,10.002182150420461,3.014
sub-016,A,14.0,20.0,2.523425051578512,2.956
sub-017,A,6.0,5.0,-1.043205975674793,2.348
sub-017,A,6.0,10.0,12.842778039721505,2.152
sub-017,A,6.0,15.0,13.46165638369106,2.348
sub-017,A,6.0,20.0,2.0128899614675477,2.872
sub-018,A,23.0,5.0,5.795646401955113,2.888
sub-018,A,23.0,10.0,12.358295606830625,2.64
sub-018,A,23.0,15.0,6.608605019608579,3.264
sub-018,A,23.0,20.0,4.31473317777122,2.37
sub-019,A,14.0,5.0,1.4183545117364778,3.584
sub-020,A,4.0,5.0,4.903181797769511,2.3200000000000003
sub-020,A,4.0,10.0,5.634325721266485,2.694
sub-020,A,4.0,15.0,15.697309677098936,2.22
sub-021,A,22.0,5.0,1.8819733636313698,2.7199999999999998
sub-021,A,22.0,10.0,3.8059389737031,2.788
sub-021,A,22.0,15.0,4.88794770692172,2.17
sub-021,A,22.0,20.0,7.700935681192,3.048
sub-022,A,20.0,5.0,0.9014457275311545,2.152
sub-022,A,20.0,10.0,14.660270497663914,2.2
sub-022,A,20.0,20.0,12.479264503015454,2.016
sub-023,A,16.0,5.0,6.5305957968949695,5.36
sub-023,A,16.0,15.0,18.386799699203014,2.624
sub-024,A,20.0,5.0,-5.257345429661813,2.8
sub-024,A,20.0,10.0,14.818976937014344,3.128
sub-024,A,20.0,15.0,13.809250130424076,3.704
sub-024,A,20.0,20.0,5.347553807278707,3.31
sub-025,A,20.0,5.0,4.023924194248871,3.474
sub-025,A,20.0,10.0,-7.578164321110217,3.232
sub-025,A,20.0,15.0,11.743312609354096,3.016
sub-025,A,20.0,20.0,7.391265646958374,3.038
sub-026,A,18.0,5.0,6.2297195516952195,4.112
sub-026,A,18.0,10.0,9.576304885694817,2.846
sub-026,A,18.0,15.0,5.886088197212381,3.032
sub-026,A,18.0,20.0,12.339524333954653,3.274
sub-027,A,16.0,5.0,4.2649496227729,3.728
sub-027,A,16.0,10.0,8.00681540053246,2.3
sub-027,A,16.0,15.0,9.864063337607165,3.097
sub-027,A,16.0,20.0,4.967898268611554,2.994
sub-028,A,20.0,5.0,-11.852850430371934,2.724
sub-028,A,20.0,10.0,7.282354318067558,3.054
sub-028,A,20.0,15.0,3.1041325591864184,2.84
sub-028,A,20.0,20.0,-0.8326245726050421,2.44
sub-029,A,16.0,5.0,-6.2130526123731356,3.334
sub-029,A,16.0,10.0,5.46160872968177,3.104
sub-029,A,16.0,15.0,5.380743474674298,2.784
sub-029,A,16.0,20.0,11.960971954290299,2.776
sub-030,A,20.0,5.0,-2.6415083843756455,2.288
sub-030,A,20.0,10.0,5.624748509741573,2.764
sub-030,A,20.0,15.0,8.263431052722758,3.302
sub-030,A,20.0,20.0,1.8607682291466205,3.828
sub-031,A,22.0,5.0,7.764605915606248,2.776
sub-031,A,22.0,10.0,10.608297289934516,2.758
sub-031,A,22.0,15.0,8.340793710974829,2.742
sub-031,A,22.0,20.0,19.687013991378656,2.724
sub-032,A,20.0,5.0,4.592711267257171,3.512
sub-032,A,20.0,10.0,1.7741556970159587,2.63
sub-032,A,20.0,15.0,4.44109077604698,4.208
sub-032,A,20.0,20.0,7.013360636643507,3.536
sub-033,A,20.0,5.0,-4.978365834779483,2.792
sub-033,A,20.0,15.0,6.498050698937675,2.942
sub-034,A,18.0,5.0,7.086258225252833,4.894
sub-034,A,18.0,10.0,13.1242904944317,4.08
sub-034,A,18.0,15.0,5.237245909737474,3.992
sub-034,A,18.0,20.0,6.245206760463984,2.56
sub-035,A,22.0,5.0,1.1974859738625256,3.1500000000000004
sub-035,A,22.0,10.0,9.591676420317818,2.96
sub-035,A,22.0,15.0,11.494687798108222,3.078
sub-035,A,22.0,20.0,7.1317481255433846,2.696
sub-036,A,9.0,5.0,3.872594570210489,5.282
sub-036,A,9.0,10.0,10.21180967044598,5.04
sub-036,A,9.0,15.0,8.199268705653127,4.64
sub-036,A,9.0,20.0,5.0730910137625145,4.87
sub-037,C,30.0,5.0,5.5818175543960775,2.114
sub-037,C,30.0,10.0,11.939192606068708,2.192
sub-037,C,30.0,15.0,12.259545491881415,2.254
sub-037,C,30.0,20.0,-14.124735854627081,2.96
sub-038,C,30.0,5.0,-6.703881099993722,2.492
sub-038,C,30.0,10.0,5.991265084593208,3.072
sub-038,C,30.0,15.0,7.540218130326833,2.544
sub-038,C,30.0,20.0,9.620342310234932,3.546
sub-039,C,30.0,5.0,9.007953474864323,2.36
sub-039,C,30.0,10.0,5.460313942515431,2.462
sub-039,C,30.0,15.0,14.630271271259911,4.304
sub-039,C,30.0,20.0,6.2317054612628695,3.132
sub-040,C,30.0,5.0,10.97612082637904,3.07
sub-040,C,30.0,10.0,-2.3922175658296583,3.096
sub-040,C,30.0,15.0,5.880282928646253,3.336
sub-040,C,30.0,20.0,-8.436107634090392,3.08
sub-041,C,30.0,5.0,4.62082154611041,2.628
sub-041,C,30.0,10.0,12.673546771328606,2.786
sub-041,C,30.0,15.0,10.423679971080283,3.16
sub-041,C,30.0,20.0,14.524523926157709,3.2
sub-042,C,30.0,5.0,5.764892921893617,2.496
sub-042,C,30.0,10.0,-2.8694141425678676,2.706
sub-042,C,30.0,15.0,0.5438636289200542,2.494
sub-042,C,30.0,20.0,6.762893483837215,2.718
sub-043,C,30.0,15.0,8.626679560835795,2.226
sub-043,C,30.0,20.0,21.62916144807226,2.82
sub-044,C,30.0,5.0,2.592095564317586,2.761
sub-044,C,30.0,10.0,5.937161460733854,3.368
sub-044,C,30.0,15.0,2.2261109013824605,2.824
sub-044,C,30.0,20.0,8.206312353935115,3.032
sub-045,C,30.0,5.0,-10.100568497212361,2.912
sub-045,C,30.0,10.0,1.1792619140800897,2.915
sub-045,C,30.0,15.0,9.778404645699416,2.704
sub-046,C,30.0,5.0,9.55181702279734,2.8440000000000003
sub-046,C,30.0,10.0,9.451748523746797,2.8
sub-046,C,30.0,15.0,10.568733331966154,2.896
sub-046,C,30.0,20.0,11.179928814389996,3.72
sub-047,C,30.0,5.0,1.3788128641259672,2.2
sub-047,C,30.0,10.0,2.253682690718671,2.905
sub-047,C,30.0,15.0,11.22131600450334,3.198
sub-047,C,30.0,20.0,13.225696833219262,3.08
sub-048,C,30.0,5.0,2.0385687441784923,2.54
sub-048,C,30.0,15.0,8.564021678109803,3.24
sub-048,C,30.0,20.0,8.834852099766497,3.024
sub-049,C,30.0,5.0,-1.603945618766628,2.528
sub-049,C,30.0,10.0,8.049998862225685,2.628
sub-049,C,30.0,15.0,17.29233990422599,2.568
sub-049,C,30.0,20.0,20.273617007245154,2.48
sub-050,C,30.0,5.0,6.535032774024083,3.224
sub-050,C,30.0,10.0,7.082103555791562,2.82
sub-050,C,30.0,15.0,11.283005364960093,2.672
sub-050,C,30.0,20.0,-0.9534133509856801,3.184
sub-051,C,30.0,5.0,-7.146192977248816,2.34
sub-051,C,30.0,10.0,13.878546510826176,2.336
sub-051,C,30.0,15.0,9.851956448730416,2.636
sub-051,C,30.0,20.0,6.703987710165524,2.304
sub-052,C,30.0,5.0,4.993950261171806,2.192
sub-052,C,30.0,10.0,8.363320978540504,2.457
sub-052,C,30.0,15.0,8.736888172536702,2.79
sub-052,C,30.0,20.0,4.559253245583717,3.098
sub-053,C,30.0,5.0,6.675912673187703,2.366
sub-053,C,30.0,10.0,5.894077116509804,2.4
sub-053,C,30.0,15.0,10.725218569505463,2.692
sub-053,C,30.0,20.0,3.4601027996983653,2.8
sub-054,C,30.0,5.0,4.697583606621775,2.489
sub-054,C,30.0,10.0,2.433914794770443,2.809
sub-054,C,30.0,15.0,8.90327494387258,2.334
sub-054,C,30.0,20.0,13.690758145653474,2.508
sub-055,C,30.0,5.0,-2.1862883840330056,3.028
sub-055,C,30.0,10.0,11.641359316552112,2.74
sub-055,C,30.0,15.0,10.4306219342668,3.112
sub-055,C,30.0,20.0,19.03078648476052,2.272
sub-056,C,30.0,5.0,7.45437083021709,2.827
sub-056,C,30.0,10.0,13.413245233659929,3.0
sub-056,C,30.0,15.0,12.530228357952467,2.862
sub-056,C,30.0,20.0,8.263776216165528,2.64
sub-057,C,30.0,10.0,10.798204617605172,3.194
sub-057,C,30.0,15.0,8.578320863331964,3.28
sub-057,C,30.0,20.0,9.167848860797967,2.912
sub-058,C,30.0,10.0,2.4139246512900505,2.48
sub-058,C,30.0,15.0,3.5319956877368277,2.43
sub-058,C,30.0,20.0,-1.2344224467996385,2.752
sub-059,C,30.0,5.0,11.129126834072931,2.528
sub-059,C,30.0,10.0,10.982126004175104,3.302
sub-059,C,30.0,15.0,16.415431362370995,2.652
sub-059,C,30.0,20.0,11.855132367116394,3.48
sub-060,C,30.0,10.0,17.321196006172897,2.88
sub-060,C,30.0,15.0,7.938077869181347,2.67
sub-060,C,30.0,20.0,11.718673045928842,2.472
sub-061,C,30.0,5.0,4.444432012147443,3.302
sub-061,C,30.0,10.0,16.402029582336635,2.446
sub-061,C,30.0,15.0,14.125548833568445,3.078
sub-061,C,30.0,20.0,7.7082836311928995,2.64
sub-062,C,30.0,5.0,10.426956245386648,3.032
sub-062,C,30.0,10.0,4.237648298848618,3.052
sub-062,C,30.0,15.0,13.673380937425065,3.18
sub-062,C,30.0,20.0,-0.7546878925614298,2.928
sub-063,C,30.0,5.0,6.649563406159318,3.04
sub-063,C,30.0,10.0,17.372241975685235,2.786
sub-063,C,30.0,15.0,8.324616342795577,3.414
sub-063,C,30.0,20.0,8.154390395428457,2.784
sub-064,C,30.0,5.0,1.2151846464261917,3.014
sub-065,C,30.0,5.0,11.362527238676812,3.32
sub-066,F,20.0,5.0,10.809732467700796,2.728
sub-066,F,20.0,10.0,8.866179789396908,3.458
sub-066,F,20.0,15.0,5.1423116196682255,2.679
sub-066,F,20.0,20.0,10.208542033719068,2.902
sub-067,F,24.0,5.0,6.041617906506301,3.288
sub-067,F,24.0,10.0,8.468351102143782,2.773
sub-067,F,24.0,15.0,5.055719904406908,2.8
sub-067,F,24.0,20.0,13.570549828989309,2.998
sub-068,F,25.0,5.0,0.2662500018246961,3.3129999999999997
sub-068,F,25.0,10.0,0.5991787110869646,3.374
sub-068,F,25.0,15.0,1.45342211401819,3.302
sub-068,F,25.0,20.0,4.432344483091059,3.568
sub-069,F,22.0,5.0,10.993686101734149,2.7409999999999997
sub-069,F,22.0,10.0,8.237917491183985,2.906
sub-069,F,22.0,15.0,8.014739670711784,4.08
sub-069,F,22.0,20.0,-2.75289904555116,2.886
sub-070,F,22.0,5.0,6.819723173343476,3.2430000000000003
sub-070,F,22.0,10.0,11.125757807184781,2.24
sub-070,F,22.0,15.0,12.395342303511676,3.278
sub-070,F,22.0,20.0,0.9860879004270566,2.888
sub-071,F,20.0,5.0,5.828838265794169,2.6790000000000003
sub-071,F,20.0,10.0,9.72835104732641,2.756
sub-071,F,20.0,15.0,7.663582144291826,2.894
sub-071,F,20.0,20.0,10.105364958015777,3.104
sub-072,F,18.0,5.0,3.2481810454597726,3.091
sub-072,F,18.0,10.0,9.260507212369893,2.584
sub-072,F,18.0,15.0,5.348415489239946,2.856
sub-072,F,18.0,20.0,7.957706458927657,2.928
sub-073,F,22.0,5.0,9.568594849719311,2.8369999999999997
sub-073,F,22.0,10.0,-2.5685141439860217,2.826
sub-073,F,22.0,15.0,6.805438536083788,2.736
sub-073,F,22.0,20.0,10.13968137918144,2.49
sub-074,F,20.0,5.0,7.621201109611638,3.68
sub-074,F,20.0,10.0,11.495588407675992,3.066
sub-074,F,20.0,15.0,11.149604130842901,2.732
sub-074,F,20.0,20.0,4.050160829000491,2.546
sub-075,F,22.0,5.0,8.0791636164812,3.9669999999999996
sub-075,F,22.0,10.0,6.526400428605932,3.5940000000000003
sub-075,F,22.0,15.0,3.930005616311903,2.952
sub-075,F,22.0,20.0,2.1837278545999146,2.824
sub-076,F,24.0,5.0,7.729060162057016,2.8
sub-076,F,24.0,10.0,17.192921678990217,2.854
sub-076,F,24.0,15.0,22.269299862137455,2.296
sub-076,F,24.0,20.0,9.019232773982836,2.538
sub-078,F,22.0,5.0,2.3011328705872005,3.284
sub-078,F,22.0,20.0,8.178337694839438,2.888
sub-079,F,18.0,5.0,5.687198922767378,3.082
sub-079,F,18.0,10.0,8.93758018538706,3.272
sub-079,F,18.0,15.0,6.832261677038566,2.608
sub-079,F,18.0,20.0,7.814568945809074,3.016
sub-080,F,20.0,5.0,10.414810214779147,4.434
sub-080,F,20.0,10.0,14.980643182296763,3.67
sub-080,F,20.0,15.0,10.274098305436468,4.258
sub-080,F,20.0,20.0,11.650249247711507,3.168
sub-081,F,18.0,5.0,2.531680426262791,3.672
sub-081,F,18.0,10.0,9.198848718061912,3.456
sub-081,F,18.0,15.0,9.676415712719269,3.2
sub-081,F,18.0,20.0,9.262887709745828,2.856
sub-082,F,27.0,5.0,-0.21590717509993948,2.52
sub-082,F,27.0,10.0,10.95351658686031,2.624
sub-082,F,27.0,15.0,11.201855540033518,3.366
sub-082,F,27.0,20.0,10.56015089750489,3.206
sub-083,F,20.0,5.0,3.5243678267489575,4.874
sub-083,F,20.0,10.0,18.142426874870388,2.57
sub-083,F,20.0,15.0,3.473350727041619,2.96
sub-083,F,20.0,20.0,8.855473800273609,3.28
sub-084,F,24.0,10.0,12.45221821869793,3.382
sub-084,F,24.0,15.0,11.412276311720206,3.11
sub-084,F,24.0,20.0,6.875398914603325,2.546
sub-085,F,26.0,5.0,-2.783443787784238,2.614
sub-085,F,26.0,10.0,3.0131022787463353,3.976
sub-085,F,26.0,15.0,-0.6265596479322146,3.032
sub-085,F,26.0,20.0,10.22389010802728,3.304
sub-086,F,26.0,5.0,2.0495510285897174,6.712
sub-086,F,26.0,10.0,2.6164359909242902,4.936
sub-087,F,24.0,5.0,-0.8911581550343128,3.346
sub-087,F,24.0,10.0,17.417832362772593,3.358
sub-087,F,24.0,15.0,14.750469909300302,2.872
sub-087,F,24.0,20.0,11.648165998377653,2.8
sub-088,F,24.0,5.0,0.9622475085966133,2.808
sub-088,F,24.0,10.0,15.334494094325738,2.784
sub-088,F,24.0,15.0,7.566270620107385,2.514
sub-088,F,24.0,20.0,9.592829388091332,2.84
