subject,observed_personalized_advantage_ms,base_prediction_ms,pretreatment_ridge_prediction_ms,absolute_error_base_ms,absolute_error_model_ms
1,-8.535000000000025,-10.604418604651162,-7.356361048379828,2.069418604651137,1.1786389516201972
2,-2.4500000000000455,-10.745930232558138,-10.455752935332791,8.295930232558092,8.005752935332747
3,-23.029999999999973,-10.26732558139535,-7.047526006644574,12.762674418604623,15.9824739933554
4,-32.33999999999992,-10.050813953488374,-10.422590050209807,22.289186046511546,21.917409949790112
5,6.454999999999984,-10.953023255813951,-8.744717552870942,17.408023255813937,15.199717552870926
6,22.94,-11.33639534883721,-10.47702441898984,34.276395348837205,33.41702441898984
7,-20.904999999999973,-10.316744186046511,-10.9518823038783,10.58825581395346,9.953117696121671
8,-24.414999999999964,-10.235116279069768,-11.490568005540617,14.179883720930196,12.924431994459349
9,-17.170000000000073,-10.403604651162787,-10.717308892760569,6.766395348837284,6.452691107239504
10,-18.159999999999968,-10.380581395348838,-9.531024288204938,7.779418604651131,8.62897571179503
11,-11.225000000000025,-10.541860465116278,-7.946599216219031,0.683139534883745,3.2784007837809916
12,-18.31,-10.377093023255814,-11.57494902193816,7.932906976744189,6.735050978061842
13,-16.29499999999996,-10.423953488372094,-12.717754612887685,5.871046511627865,3.577245387112276
14,-10.485000000000014,-10.55906976744186,-11.216430839825096,0.0740697674418466,0.7314308398250837
15,-3.204999999999984,-10.728372093023255,-10.630205302282146,7.523372093023271,7.425205302282162
16,-5.215000000000032,-10.681627906976743,-10.084877915079955,5.466627906976711,4.869877915079924
17,-55.71499999999992,-9.507209302325585,-10.38723094597121,46.207790697674334,45.32776905402871
18,4.8799999999999955,-10.91639534883721,-12.19510553059854,15.796395348837205,17.075105530598535
19,-6.7900000000000205,-10.645,-12.295793922443607,3.854999999999979,5.505793922443587
20,-24.32000000000005,-10.237325581395346,-11.14335109677906,14.082674418604704,13.17664890322099
21,-47.639999999999986,-9.695,-8.87805367670245,37.944999999999986,38.761946323297536
22,-19.42500000000001,-10.351162790697671,-11.651449132607604,9.073837209302338,7.773550867392407
23,-13.045000000000016,-10.49953488372093,-10.12135753844138,2.545465116279086,2.923642461558636
24,0.160000000000025,-10.806627906976743,-9.505825795103062,10.96662790697677,9.665825795103087
25,-16.575000000000045,-10.417441860465114,-12.129735992313098,6.157558139534931,4.445264007686948
26,7.524999999999977,-10.977906976744183,-10.89607001300832,18.502906976744164,18.421070013008297
27,2.900000000000091,-10.870348837209304,-11.275104728451335,13.770348837209395,14.175104728451428
28,-36.60500000000002,-9.951627906976745,-9.60544452808582,26.653372093023275,26.9995554719142
29,-24.00999999999999,-10.24453488372093,-9.360618874973447,13.765465116279062,14.649381125026544
30,-0.9550000000000408,-10.780697674418604,-12.04876101346081,9.825697674418562,11.09376101346077
31,-38.81,-9.900348837209302,-8.964382647273213,28.909651162790706,29.84561735272679
32,-1.6199999999999477,-10.765232558139536,-13.04977099526156,9.145232558139588,11.429770995261611
33,-11.939999999999998,-10.525232558139534,-11.335016236279714,1.414767441860464,0.6049837637202842
34,-0.5300000000000296,-10.790581395348836,-8.375086337576347,10.260581395348806,7.845086337576317
35,21.514999999999983,-11.303255813953488,-10.331757705064298,32.81825581395347,31.846757705064284
36,5.264999999999986,-10.9253488372093,-10.735201074234968,16.190348837209285,16.00020107423495
37,-17.88499999999999,-10.386976744186049,-7.69822850746785,7.498023255813944,10.186771492532142
38,1.1450000000000389,-10.82953488372093,-10.603384154902496,11.974534883720969,11.748384154902537
39,-15.865000000000007,-10.433953488372092,-11.024006943290107,5.431046511627917,4.8409930567099
40,-41.62999999999988,-9.834767441860468,-8.933283502879862,31.795232558139418,32.69671649712002
41,42.07499999999993,-11.781395348837208,-13.407381756262664,53.85639534883714,55.4823817562626
42,5.059999999999945,-10.920581395348837,-10.963727863967692,15.98058139534878,16.023727863967636
43,9.360000000000014,-11.020581395348836,-13.881930544621408,20.380581395348848,23.24193054462142
44,-8.705000000000041,-10.600465116279068,-10.96613024528141,1.895465116279027,2.261130245281368
