relative_path,size_bytes,sha256
configs/dryad_r2b_protocol_frozen_v1.json,1500,9a240746654075e9fc614ca7de48631d2e1cc6b0845c54842f6237fbac971f9f
configs/dryad_biosemi64_adjacency_v1.csv,3196,862c6b0d0cd773ba464de519ff8233c3c75b1dad4c619047d59e53c7d4320178
configs/dryad_biosemi64_adjacency_v1.json,678,c545535334af9e8c7a471a35fc52db857851b9d10da9e7d61cf442ad1ca52e37
scripts/develop_dryad_r2b_spatial_qc.py,18578,8eb1385366effb53a2a99f6796549dd38ac701d931c5a258d86f7eb19a45a66a
scripts/develop_dryad_r2b_technical_subject.py,11234,55d25437f299a2973849253ad1a8748744aae31ea7ea3cc4ba4f82c9322564f8
scripts/run_dryad_r2b_validation_subject.py,6269,1560cefb8e969bbe5d88f42b297fe53d0b32fbc719317e36c48a450e9bfd4f6e
scripts/evaluate_dryad_r2b_technical_gate.py,5319,4650e5fbc91db1f0d0cbb36176fba1868d1718c3e9f573d2ec1cf661ce1249e7
scripts/stream_remote_zip.py,11565,9188c96ab1ad0be561efa3c48f125b971b11bd3cf5deffe7f1fae1f6c64bd552
scripts/summarize_dryad_r2b_development.py,8093,b9dbd3a9e4527bd3cc1e21607938df790a4ea8fb4e677bccabc93c34c9cbf8ce
tests/test_develop_dryad_r2b_spatial_qc.py,8964,816a65997db693897c5f4b14f1d054f2c441b4d7fd93a09c19c75fd8d500c4cb
tests/test_develop_dryad_r2b_technical_subject.py,3300,dfc9270a8f3ca5db8c6ce4295e7e87a7880fe6c7010f257535ccf3481324345a
tests/test_run_dryad_r2b_validation_subject.py,2545,d170def6bfceb16a12f7a6d556c668b022aa9ce76e1be680fe53146bacdf8c07
tests/test_evaluate_dryad_r2b_technical_gate.py,1852,2213d208c56c72d61354d7b18f2733bf4c8a7520e1f362c81cda1d313944dd47
tests/test_summarize_dryad_r2b_development.py,1661,6781ceaa6800efc1fba05f98f5384cc8927c57d9ff06ab36372aaaa7198dcfee
outputs/qc/dryad_raw_stream/R2b_development_audit_v1/development_audit_summary.json,703,ac621ab2a7263732492953140651fd583cf853e9b5f8ac20b73be89b647e64ba
outputs/qc/dryad_raw_stream/R2b_development_audit_v1/participant_technical_summary.csv,715,d2c17ae449530ca73ed5904a040fd565b0a0ea0acfcede02ab73fa2b9747ef49
outputs/qc/dryad_raw_stream/R2b_development_audit_v1/flagged_channel_details.csv,3506,a91bb147e36abdd70ed4d2fe000276e396b07413fc688a559b753fd9f5e8c3bc
outputs/qc/dryad_raw_stream/R2b_development_audit_v1/technical_flag_reason_counts.csv,107,3918b723e36e0ec2e6c2302e7e4d2c44eb118b4d075bca10c02ebb3ab70a9498
outputs/qc/dryad_raw_stream/R2b_development_audit_v1/threshold_sensitivity.csv,1454,dbc4b4ccbc46852975f8a945ef15125bf04885cef3aabdab6452cba6ae5870f7
