trial_index,condition,response_class,rt_ms,target_frequency_hz,max_channel_peak_to_peak_uv,median_channel_peak_to_peak_uv,roi_rms_uv,roi_peak_to_peak_uv,roi_local_log_snr_db,usable,rejection_reason
1,f_theta,incorrect,448.2421875,5.01,34.38583753733716,12.94457253727583,1.7083249867185233,8.602065207463003,-1.3657574008222382,True,
2,f_theta,correct,527.34375,5.01,39.79167568240526,13.988814959127186,1.6604464944313335,8.910767756225,-3.523545987895598,True,
3,f_theta,correct,688.4765625,5.01,129.17912873459042,29.454711143940607,1.6189719912397846,7.762049287300494,7.27642169943466,True,
4,f_theta,correct,464.35546875,5.01,144.1798954480992,33.76858216950257,1.6103273940811818,9.714546879435463,4.025927326642193,True,
5,f_theta,correct,436.5234375,5.01,29.122587046159907,15.364766489004097,1.7620794200798868,10.213917424352296,3.9980106126898445,True,
6,f_theta,correct,527.83203125,5.01,36.602118698775044,15.604686365833649,1.816223275560212,10.104424097760836,-9.311213662267045,True,
7,f_theta,correct,484.86328125,5.01,34.91932040184592,15.483998106100952,2.0803395106716156,10.934404791591337,4.650727653233633,True,
8,f_theta,correct,477.05078125,5.01,29.010124567096383,14.597118768820051,1.6678773335818422,8.448074118892457,-2.349314072729848,True,
9,f_theta,correct,591.796875,5.01,44.515605461404874,15.92592919925971,1.8473168300010403,10.472426660685745,2.821932520492898,True,
10,f_theta,correct,407.2265625,5.01,42.170437965821435,18.39426305543729,2.3355572440295527,12.435538830356553,-0.8581996832496968,True,
11,f_theta,correct,430.6640625,5.01,33.77528103763177,14.087484749760428,1.7533462305218201,9.522049783900645,-8.782202130813396,True,
12,f_theta,correct,583.49609375,5.01,31.020228399555926,14.158291702571582,1.7131732124471637,9.165221179371688,4.3645441125273905,True,
13,f_theta,correct,511.71875,5.01,29.044312343831187,16.580839007831372,1.7762955176501767,10.131202280137753,1.042196014375906,True,
14,f_theta,correct,456.54296875,5.01,44.16317292604652,18.53764479878336,2.1760123543635035,12.557548310172958,-2.2339716914347196,True,
15,f_theta,correct,510.7421875,5.01,36.24631562594567,16.046728015251155,1.7825087279245453,11.070206777049163,-1.0338576180971897,True,
16,f_theta,correct,445.80078125,5.01,28.814598960517912,15.910136323171773,2.3320189437306587,12.747352404881529,5.738387803948832,True,
17,f_theta,correct,610.3515625,5.01,31.69331121587174,13.672104104652917,1.7654492019582242,8.669246949916207,-1.6288135002677473,True,
18,f_theta,correct,430.6640625,5.01,69.79229593019716,20.18948079486936,2.17318918207972,11.843755789400657,-1.8273834051478501,True,
19,f_theta,correct,444.3359375,5.01,108.02479908181537,30.098570922591488,2.5999571620432844,15.248744762619815,-5.036815496952428,True,
20,f_theta,correct,482.91015625,5.01,127.48765634789012,33.0667465238929,2.238829261720283,13.63905681562333,-0.5121485044099899,True,
21,f_theta,correct,487.3046875,5.01,42.62029166349407,15.149714062175864,1.632271028071165,9.300764207092827,0.6736878071986273,True,
22,f_theta,correct,541.50390625,5.01,50.020131168525026,18.47672661268409,2.2446529672897095,12.90275690241149,-6.2491814805370085,True,
23,f_theta,correct,521.484375,5.01,42.58683756621888,16.884517387223976,2.0027972985780633,10.151876758977789,5.6106219998253035,True,
24,f_theta,correct,471.19140625,5.01,125.50941414903721,29.116451679047604,1.6853261616816142,8.022875688155704,1.762395636919594,True,
25,f_theta,correct,442.87109375,5.01,35.28637876653029,15.020599631224044,1.7788823292982008,9.281490147687194,3.501150528730696,True,
26,f_theta,correct,497.0703125,5.01,38.19388478527982,15.824409343510176,2.0844155531509267,11.266688390472991,-1.4590529952888933,True,
27,f_theta,correct,472.16796875,5.01,40.03428299334357,14.861695549887433,1.630241104126872,9.215030497657485,7.685614811573362,True,
28,f_theta,correct,482.421875,5.01,124.19637168271089,29.970889170436422,2.2375510163038004,12.664460421461115,-0.5361942508517902,True,
29,f_theta,incorrect,630.37109375,5.01,120.4679826884086,32.5665241431136,1.74117778032275,9.818985842972781,5.191467142412432,True,
30,f_theta,correct,417.48046875,5.01,122.30446645979384,30.55863676188391,1.8351295619376553,8.885872698966987,-3.36955492814325,True,
31,f_theta,correct,454.58984375,5.01,103.49180687407988,31.629349485779876,2.596267538535757,14.908516311623217,5.716995646871849,True,
32,f_theta,correct,546.875,5.01,51.563828762935586,16.477835369404747,1.8263739384549433,9.237282661871179,-6.569626572452652,True,
33,2_hz,correct,557.6171875,2.0,101.8427844730115,26.831418180850516,2.2661277654127456,14.02440845754087,2.334945680182759,True,
34,2_hz,correct,483.88671875,2.0,136.31617665416206,31.342125210862605,1.986084433766051,9.004118700154557,12.822015179816216,True,
35,2_hz,correct,529.78515625,2.0,116.04596486971673,28.509671733211327,1.965393839513904,10.813876056153743,-2.9676946120845464,True,
36,2_hz,correct,576.66015625,2.0,92.61876054492437,25.646626439807534,2.3052279164832186,11.277697032655544,0.6529031263981028,True,
37,2_hz,correct,564.94140625,2.0,115.78757920946028,29.861534142074547,2.5066114785083244,13.125536490037272,16.30417803301704,True,
38,2_hz,correct,567.87109375,2.0,121.46838304617498,28.80942356923487,1.9915165661755208,10.228909424011219,5.992278938804646,True,
39,2_hz,correct,482.421875,2.0,27.635414812107715,13.032242797390198,1.7140403605551755,9.727627774358183,-9.804244044958374,True,
40,2_hz,correct,495.1171875,2.0,35.83004707844963,15.936159687082029,2.0776260677997493,9.756662231864127,3.845063464822844,True,
41,2_hz,correct,604.00390625,2.0,86.41791745112872,26.07700450467155,2.060683447039298,10.914568313461318,9.535766182937397,True,
42,2_hz,correct,450.1953125,2.0,50.03290840493688,19.93807024930846,2.4538272196672875,12.777806167464032,1.298091080111536,True,
43,2_hz,correct,575.1953125,2.0,47.93224410496879,15.63296861553154,2.0455570316664597,9.781108326407002,-0.9167239560925162,True,
44,2_hz,correct,413.57421875,2.0,47.803815094887426,15.546805784035504,1.9785498692946901,10.349601188470503,-5.405689250073394,True,
45,2_hz,correct,645.01953125,2.0,107.22248251118299,26.820631856490277,2.410965829169441,13.752032868183228,-2.1660007257254557,True,
46,2_hz,correct,513.18359375,2.0,59.484403494101144,21.521733325290167,2.2569718397758582,14.029871532323032,-7.045246577496207,True,
47,2_hz,correct,529.78515625,2.0,76.97023864643799,23.37218993404323,2.004066320014374,12.208362146219958,-3.252363526659789,True,
48,2_hz,correct,672.36328125,2.0,34.01117179911425,15.25254430079386,1.7767420970960404,9.010527359824017,6.672399513531964,True,
49,2_hz,correct,508.30078125,2.0,130.80132415717884,32.1343931088428,1.9096637835119763,8.624499421573221,1.2052436812360414,True,
50,2_hz,correct,478.515625,2.0,39.59501935899027,16.057931240749237,1.9571550822931167,9.589959834714259,-1.8525242199876322,True,
51,2_hz,correct,490.234375,2.0,31.39384355382719,13.591437717244464,1.8784980251189949,8.593536456055483,-2.1118695982555353,True,
52,2_hz,correct,451.66015625,2.0,115.1845931611594,27.834145131502957,1.966605154689075,10.36870912137643,-2.9716251795092457,True,
53,2_hz,correct,513.671875,2.0,37.968199182813194,15.230866372618468,1.7467922822026136,10.395507626194988,-4.096527509371252,True,
54,2_hz,correct,601.07421875,2.0,34.52136729765081,14.987870975636003,2.0973348148636224,11.911390167478993,5.916107902653929,True,
55,2_hz,correct,500.9765625,2.0,45.027542458291265,15.228814773095813,2.0066214131209907,11.207832320549027,3.000233990751178,True,
56,2_hz,correct,690.91796875,2.0,51.155299063021346,16.959504366674707,1.4439347904385038,8.48712317862611,-6.140130519886792,True,
57,2_hz,correct,460.9375,2.0,46.18500007024532,18.468639666122204,2.321484363669114,13.801353886677068,5.965425926118057,True,
58,2_hz,correct,472.16796875,2.0,92.79840157821363,27.162451187938185,2.222079395658752,11.37305754311547,4.955741734881348,True,
59,2_hz,correct,459.47265625,2.0,90.76275241222366,23.51511509284478,2.3178399628393644,12.237932667316443,7.201689929159038,True,
60,2_hz,correct,626.46484375,2.0,54.62790171156486,18.02248195318279,2.3872867015293333,13.433530417061714,4.957218204291548,True,
61,2_hz,correct,481.93359375,2.0,102.04824695545533,30.65282223025901,2.5636049116495676,15.503718301824824,-8.510445115425059,True,
62,2_hz,omission,,2.0,40.98486285697887,17.49965791294533,1.9602113510433836,9.994062437626646,-15.220879685688883,True,
63,2_hz,correct,430.6640625,2.0,136.90915349801836,34.19514758459435,1.7161985634016508,9.0682410137576,5.0422322589737405,True,
64,2_hz,correct,355.46875,2.0,98.22022028491557,26.68768184408011,1.927294654685734,9.49569683064161,-1.4970980922421095,True,
65,f_theta_plus,correct,571.77734375,6.6633000000000004,107.53361088497786,26.0695950541666,1.8142696836886152,12.009093687705732,6.40045143586224,True,
66,f_theta_plus,correct,483.88671875,6.6633000000000004,112.26102316302322,27.22777710949915,1.5792009175546409,8.745088033274957,-3.422935132373914,True,
67,f_theta_plus,correct,572.75390625,6.6633000000000004,147.99966222859055,33.20391267660601,1.8213526963430018,8.487394099111938,1.0690784970476155,True,
68,f_theta_plus,correct,513.18359375,6.6633000000000004,117.3721360350759,27.284197928776678,1.8720843545818304,10.093880332144945,-3.483907926712954,True,
69,f_theta_plus,correct,546.875,6.6633000000000004,27.656754480938275,14.686894217233352,2.0667500105334624,10.19108302469844,3.9560930436167183,True,
70,f_theta_plus,correct,435.05859375,6.6633000000000004,34.52105764964628,15.783701250698492,1.881530575826768,9.586560100822059,-5.2872039435203995,True,
71,f_theta_plus,incorrect,457.51953125,6.6633000000000004,126.0893474497611,29.295002180268973,1.841902933254766,9.951810374822077,-7.382654031846164,True,
72,f_theta_plus,correct,573.73046875,6.6633000000000004,136.6667730520071,34.25395199686116,1.8176038300467574,9.12889911491751,4.133565355156596,True,
73,f_theta_plus,correct,400.390625,6.6633000000000004,30.973895577431218,16.312139594072796,1.8509388959969226,9.534310166000587,-0.4384148149065519,True,
74,f_theta_plus,correct,604.4921875,6.6633000000000004,34.8142079991056,16.17760688529544,2.0554810049644265,12.535746809118834,-0.06663012296699422,True,
75,f_theta_plus,correct,659.66796875,6.6633000000000004,170.45145917184868,36.56893714855792,2.238010817637772,12.02152299661594,-3.536988596641627,True,
76,f_theta_plus,correct,492.67578125,6.6633000000000004,101.72064356263027,27.34712319626001,2.3760055151769195,12.515525601974328,2.4144617275511946,True,
77,f_theta_plus,correct,452.1484375,6.6633000000000004,54.06983601846764,19.679165370236007,2.3771579007872274,12.592996137632392,-3.1046507190131734,True,
78,f_theta_plus,correct,443.359375,6.6633000000000004,36.00392583003057,15.414993070380827,2.003460181697516,11.235187995165882,-12.752740309777405,True,
79,f_theta_plus,correct,546.38671875,6.6633000000000004,64.39214177679956,22.612191745016567,2.076946290013915,11.732913721342376,2.1533692957095267,True,
80,f_theta_plus,correct,494.62890625,6.6633000000000004,56.06620041387597,18.079709986789076,1.9876788738221636,11.149767410075277,8.239310798160915,True,
81,f_theta_plus,correct,437.01171875,6.6633000000000004,65.93096671229979,19.418552744662517,2.142772776937905,11.30272870905624,2.6834243032439224,True,
82,f_theta_plus,correct,652.34375,6.6633000000000004,45.615584099717594,16.14468544772934,2.0309139357407657,10.603622789184229,4.05252535278733,True,
83,f_theta_plus,correct,581.0546875,6.6633000000000004,96.00840188563755,30.181013323731037,2.4272286835095906,15.976524632246942,8.819315308276428,True,
84,f_theta_plus,correct,491.2109375,6.6633000000000004,46.98780602658252,18.915072143947313,2.4324176588233875,15.477523912323647,-7.82906943119404,True,
85,f_theta_plus,correct,612.3046875,6.6633000000000004,65.8073461234452,24.59465184186655,2.5298765295088494,13.851734884147128,5.077863877630894,True,
86,f_theta_plus,correct,461.42578125,6.6633000000000004,119.40077658618905,30.86800238296692,2.346215691004498,14.45536108729985,4.083767988336682,True,
87,f_theta_plus,correct,388.671875,6.6633000000000004,41.886538078304284,14.246370278051783,2.0384954778702444,10.230351338802755,-3.743380541946796,True,
88,f_theta_plus,correct,413.57421875,6.6633000000000004,39.375092484461106,15.126759406635546,1.9783790938104386,9.038174095726974,-14.975592067793393,True,
89,f_theta_plus,correct,340.33203125,6.6633000000000004,46.337325588895595,13.699319097547225,1.7478574699249265,9.601566972870366,-16.407516173375004,True,
90,f_theta_plus,correct,481.4453125,6.6633000000000004,120.21607052046883,35.81178783358648,2.515017973460366,15.261724009742334,-0.500572998443405,True,
91,f_theta_plus,correct,494.140625,6.6633000000000004,39.25044184463519,15.69040662320785,2.1876087014319436,10.453166894169225,1.538653728252779,True,
92,f_theta_plus,correct,399.4140625,6.6633000000000004,65.66032762383033,17.382903927788494,1.6639143165630772,8.135810526251182,-6.898736330806518,True,
93,f_theta_plus,correct,458.49609375,6.6633000000000004,46.68964304614953,16.15941353535318,2.0169671106670624,10.631620896414692,1.2020688549020064,True,
94,f_theta_plus,correct,524.4140625,6.6633000000000004,79.32457385356743,23.208641394312423,2.2379406480314774,11.039850364561465,3.4025123794729266,True,
95,f_theta_plus,correct,576.66015625,6.6633000000000004,46.00102711240109,18.304311066187818,2.4355866620339977,12.448752062393837,2.718160285900752,True,
96,f_theta_plus,correct,472.65625,6.6633000000000004,74.88663570050487,24.436882942260482,2.229057330236862,12.905794607637105,12.024935762578245,True,
97,non_rhythmic,correct,441.40625,6.6633000000000004,128.98077134017686,31.546557876574838,2.1310790328497933,9.629623700692576,-4.388864652900554,True,
98,non_rhythmic,correct,500.0,6.6633000000000004,128.20683872763743,33.278407565960705,1.9032480802080711,9.809784304581154,7.271964293124784,True,
99,non_rhythmic,correct,416.50390625,6.6633000000000004,113.91147294572053,29.264637772892574,2.088481315921812,12.32916812981443,-7.605738777065544,True,
100,non_rhythmic,correct,511.71875,6.6633000000000004,127.84261642912202,31.78341642495058,2.1398465137794216,12.14907622164463,-3.9173905248976926,True,
101,non_rhythmic,correct,394.04296875,6.6633000000000004,124.05249696273273,28.004368734763936,1.8268336877717144,10.000927403135027,-9.578152507926207,True,
102,non_rhythmic,correct,464.84375,6.6633000000000004,35.6299454156192,15.794726530687452,1.8010771069182252,8.669328985170704,-4.441081072414038,True,
103,non_rhythmic,correct,411.62109375,6.6633000000000004,73.6412867454536,21.5721378966144,1.83744188840823,8.83261924855714,-5.877343211924146,True,
104,non_rhythmic,correct,478.515625,6.6633000000000004,121.22150495886203,25.86727299084909,1.6727517021137102,8.719332830287719,-0.7836698131941875,True,
105,non_rhythmic,correct,439.94140625,6.6633000000000004,118.73297989848865,27.84594926463091,2.095681076145467,12.19569808179968,-0.029919003890031867,True,
106,non_rhythmic,correct,596.19140625,6.6633000000000004,106.86036746777026,27.204100490220547,2.4272826759471338,11.868811227544297,-1.029873240419097,True,
107,non_rhythmic,incorrect,484.375,6.6633000000000004,69.47689582308669,24.88511284274502,2.3190729978683153,14.824144689410897,3.746063349838847,True,
108,non_rhythmic,correct,454.58984375,6.6633000000000004,129.193800004322,29.31490883932082,1.9412674132533618,11.291356198647016,-6.713039128020814,True,
109,non_rhythmic,correct,495.60546875,6.6633000000000004,64.40785467083951,22.044220314966747,2.0564424867688507,10.48238322039983,-4.210777518777032,True,
110,non_rhythmic,correct,510.25390625,6.6633000000000004,51.24829540368188,16.20862450580762,2.042698889747428,11.476152953357321,0.15392712489087865,True,
111,non_rhythmic,correct,520.99609375,6.6633000000000004,82.03718632831747,23.01556740733136,1.9975891968270474,10.760548188513042,0.16988697170054184,True,
112,non_rhythmic,correct,509.27734375,6.6633000000000004,41.37638472715851,12.9714866346112,1.9218027907078843,10.035177803830228,9.561858901896695,True,
113,non_rhythmic,correct,495.1171875,6.6633000000000004,42.214456252654834,12.353969553784989,1.7727450831155807,9.31887549506328,3.2275232777969443,True,
114,non_rhythmic,correct,667.48046875,6.6633000000000004,41.73808879128873,14.56693715087291,1.7657120900004164,10.665947052945198,4.4394434419604085,True,
115,non_rhythmic,correct,440.91796875,6.6633000000000004,90.95371471858837,26.65081482449485,2.4062866070879396,11.22340146658986,-3.9815946724360036,True,
116,non_rhythmic,correct,490.72265625,6.6633000000000004,57.46915654495578,22.327191774564,2.384635911460345,14.974825436762648,3.252877094411542,True,
117,non_rhythmic,correct,487.79296875,6.6633000000000004,48.041682559414184,15.207653095098113,2.2563860350315132,13.880470318767813,0.4381981147421138,True,
118,non_rhythmic,correct,523.92578125,6.6633000000000004,48.877832531862495,18.796337711957115,2.3982884663028448,14.779245161432604,6.063699748393427,True,
119,non_rhythmic,correct,492.1875,6.6633000000000004,95.1007948065384,20.327177901654714,1.968315066712288,11.070591207532523,-4.644191223758742,True,
120,non_rhythmic,correct,420.41015625,6.6633000000000004,38.07714192834304,17.723190082380377,2.366964577572654,12.228639970789935,-2.3354815377784055,True,
121,non_rhythmic,correct,424.31640625,6.6633000000000004,120.64941920157963,30.394829943651487,2.097026358080321,11.010025661374222,-20.159463259271266,True,
122,non_rhythmic,correct,496.09375,6.6633000000000004,59.15955151988387,19.460769605985156,2.1544027612757937,12.869944832099636,1.466412629930574,True,
123,non_rhythmic,correct,427.734375,6.6633000000000004,95.57541156480019,28.32868218386945,1.912229277881934,11.533099541310325,14.412923461143354,True,
124,non_rhythmic,correct,416.50390625,6.6633000000000004,78.13953355469388,22.168636892117803,1.8671239812819214,10.740499495968963,-4.456941719090791,True,
125,non_rhythmic,correct,436.03515625,6.6633000000000004,79.68063093463711,22.98828245810806,1.7586452053828978,8.82002311882346,2.3278688332453474,True,
126,non_rhythmic,correct,500.48828125,6.6633000000000004,67.3902066971711,19.804185745662064,1.7487359167597998,10.467375714517619,3.595877847916544,True,
127,non_rhythmic,correct,445.80078125,6.6633000000000004,54.57829061891097,16.974565245130808,2.221823740998062,13.06640954329654,-1.8824892526460626,True,
128,non_rhythmic,correct,459.9609375,6.6633000000000004,102.52900882486318,27.869376852334756,1.9591922378552962,10.03545918342038,0.838292370394007,True,
129,f_theta,correct,610.3515625,5.01,137.38277289656577,30.661036821698943,1.821172971105428,7.867832341882293,-6.046984217408875,True,
130,f_theta,correct,475.09765625,5.01,152.57729309067335,34.21176387668791,1.747882029189007,10.918079983223251,2.7600829988367397,True,
131,f_theta,correct,377.44140625,5.01,36.25294148015144,17.08677352084395,1.8855393751641512,10.856212678392566,-3.713260972673548,True,
132,f_theta,correct,457.51953125,5.01,131.49072258193286,32.284775837259616,1.6814260837700439,7.717422522106959,-3.522737867407155,True,
133,f_theta,correct,413.57421875,5.01,29.558840993510735,14.432149564203943,1.8500617228711647,9.696584651573275,-13.50519343969884,True,
134,f_theta,correct,396.484375,5.01,25.895543403430555,15.11547644026605,1.8798463214045278,12.338042679952018,-0.6110544519911524,True,
135,f_theta,correct,559.5703125,5.01,27.510662442645483,12.874135799191677,1.6413684950479475,8.368685434840632,-1.266113076171724,True,
136,f_theta,correct,505.859375,5.01,124.00495449406668,27.426885958616612,1.919827620650529,9.775134558343726,-1.3397817190896335,True,
137,f_theta,correct,528.80859375,5.01,25.451828206224786,15.0917820719664,1.9370908290288054,10.29474387464997,-4.346978706340302,True,
138,f_theta,correct,543.9453125,5.01,26.54851463348782,15.011588528940024,2.2330954879866,15.696846182399918,-0.9206959737388386,True,
139,f_theta,correct,443.359375,5.01,24.724319175575207,13.584135218420458,1.6237384790093223,8.123881275835668,-12.49543035967947,True,
140,f_theta,correct,546.875,5.01,28.150524430768062,16.17752433682692,1.6513537225503139,8.918606661632987,-4.367476545398463,True,
141,f_theta,correct,371.58203125,5.01,28.48234232373175,17.104540372921235,1.9697800623890063,12.293997454108503,-6.528243784479418,True,
142,f_theta,correct,469.7265625,5.01,31.34599539391732,14.355555959681405,1.5887121241195958,8.352480215222073,-4.405257445349558,True,
143,f_theta,correct,417.96875,5.01,36.933091398694394,21.18546119267107,2.9738846738510194,17.001944387859176,0.4394315915552661,True,
144,f_theta,correct,447.75390625,5.01,23.71751467546327,13.322233724217668,1.6428744833595184,8.410117564345079,-6.891174035974647,True,
145,f_theta,correct,544.921875,5.01,132.66126620361092,32.58356056793501,1.8105087805002646,8.832794299690654,4.743365810335378,True,
146,f_theta,correct,674.31640625,5.01,26.46945589999447,15.509094348257527,1.8951552402115939,10.890169353506653,4.20941409368096,True,
147,f_theta,correct,488.28125,5.01,126.4396182196119,28.861749169760735,1.4517442106139014,7.531698901854643,0.35324407580900785,True,
148,f_theta,correct,395.99609375,5.01,122.72317349497754,26.72976199073397,1.738719792457632,7.918742687983105,-7.183380834791102,True,
149,f_theta,correct,614.74609375,5.01,24.11173241157861,13.063929932524001,1.5502646035015533,8.00478566503919,-9.589247400141375,True,
150,f_theta,correct,423.33984375,5.01,113.10472272440231,27.919926503567517,1.6874948961521719,7.99454523825377,2.189717510254658,True,
151,f_theta,correct,497.0703125,5.01,41.4617399200201,15.393716710340513,1.8675721969957222,9.718527694752762,-2.5793212429556283,True,
152,f_theta,correct,524.4140625,5.01,22.961810082431043,13.457579473764673,1.6446022431346785,8.578355974972599,2.501569075401824,True,
153,f_theta,correct,448.2421875,5.01,31.848133658405303,13.855752191855668,2.0745570301218907,9.402331254804231,-0.6320634555942929,True,
154,f_theta,correct,443.84765625,5.01,70.89889320457837,22.626864388160172,2.2089972869808387,11.666551978311418,8.999948849814428,True,
155,f_theta,correct,498.046875,5.01,44.59076607180202,17.18879209256488,1.896234410878393,9.41196180088614,-2.751790196642042,True,
156,f_theta,correct,489.74609375,5.01,31.500761454156837,14.508576425740632,1.8617261012257105,9.601530045602537,4.328073057468049,True,
157,f_theta,correct,563.96484375,5.01,33.75052938871711,15.87152802863548,2.091646177064795,10.654244358039811,-3.80138261348246,True,
158,f_theta,correct,535.64453125,5.01,30.051073819886227,14.796725232427423,1.8827942627984637,9.183851076252337,3.2492790939845406,True,
159,f_theta,correct,404.78515625,5.01,114.79586022287957,24.719133990576303,1.6534845863659056,8.62883758377941,0.2937639618946556,True,
160,f_theta,correct,545.41015625,5.01,117.52045308901543,27.05257964207638,1.8742675256813484,10.524043380154815,4.022561288784902,True,
161,f_theta_plus,correct,544.43359375,6.6633000000000004,137.0755446004203,32.169435744529736,1.724934649591649,9.372852184795644,9.952425828744843,True,
162,f_theta_plus,correct,470.703125,6.6633000000000004,126.84381383799547,28.04518926995618,1.5492858382559849,7.988181018661214,-6.871728717904665,True,
163,f_theta_plus,correct,490.234375,6.6633000000000004,108.60110719701038,26.09601816094991,1.9036516525036042,10.574707388318696,-6.040858282972055,True,
164,f_theta_plus,correct,481.93359375,6.6633000000000004,124.80543415203758,27.527840399685534,2.0070623678920234,10.39042287742118,-4.888331367894753,True,
165,f_theta_plus,correct,393.5546875,6.6633000000000004,114.38830391823527,24.717088255377973,1.6853318923558516,8.855862988395664,-4.550215506540509,True,
166,f_theta_plus,correct,481.4453125,6.6633000000000004,20.379595784570817,14.517138012905079,2.0338684260839863,10.37808941048037,-11.997121407683482,True,
167,f_theta_plus,correct,411.62109375,6.6633000000000004,26.80403392256983,15.400568301174292,1.8832148198287835,9.396740325593562,-9.54195450408752,True,
168,f_theta_plus,correct,472.16796875,6.6633000000000004,132.4865787464796,29.098981213357717,1.7351283504223551,9.649189820375653,1.45882282854619,True,
169,f_theta_plus,correct,411.1328125,6.6633000000000004,35.203172742621156,14.88253955888098,1.9868052571270522,11.152157878784811,-5.006957034762676,True,
170,f_theta_plus,correct,473.14453125,6.6633000000000004,95.83012443246922,27.97654835933426,2.0876026723769288,12.097947479128404,1.2710548851447303,True,
171,f_theta_plus,correct,512.6953125,6.6633000000000004,104.86481058352129,29.329533803708134,2.134375572013768,10.665040009343468,-4.208404755681723,True,
172,f_theta_plus,incorrect,346.6796875,6.6633000000000004,45.62721532970111,17.444542017051624,1.5472006129211284,7.996080567106476,-5.219520618873408,True,
173,f_theta_plus,correct,471.6796875,6.6633000000000004,130.8345993999618,31.832450946707354,1.8044267894096269,9.606520792721707,3.63603588728548,True,
174,f_theta_plus,correct,545.41015625,6.6633000000000004,122.6124268471955,28.960188129420096,1.6469067530142667,9.629208946560993,-6.614701512029133,True,
175,f_theta_plus,correct,637.6953125,6.6633000000000004,122.11375489788713,29.436493513001608,2.232457414146251,11.752123793530634,-7.517843266375365,True,
176,f_theta_plus,correct,471.19140625,6.6633000000000004,117.63064675271795,26.575132261610857,1.5770196903387754,7.016543330327501,3.484036697138098,True,
177,f_theta_plus,correct,461.42578125,6.6633000000000004,20.45858470103957,13.267106723550224,1.67397482979973,8.916364865857041,-0.49693564985803695,True,
178,f_theta_plus,correct,546.38671875,6.6633000000000004,109.41187089763618,27.43232148206717,1.8910367641847206,9.943754607188723,3.036943337357952,True,
179,f_theta_plus,correct,486.81640625,6.6633000000000004,101.91102170788994,26.817040211412223,2.2024376631976605,12.474438606719353,9.807491204124023,True,
180,f_theta_plus,correct,500.9765625,6.6633000000000004,28.587359263850846,14.548902288831407,1.9685383726633403,9.549882948503779,4.050983192744039,True,
181,f_theta_plus,correct,403.80859375,6.6633000000000004,34.25740544401667,14.508199130015598,2.0283120693959846,9.083106092797209,2.3630780001291214,True,
182,f_theta_plus,correct,384.765625,6.6633000000000004,131.87268500684297,29.342961561817344,1.7801274847508506,9.359146648192944,-1.3058630720728401,True,
183,f_theta_plus,correct,522.4609375,6.6633000000000004,30.009690763142466,13.262914309743376,1.821051821030462,8.934387193298871,-8.797161318261209,True,
184,f_theta_plus,correct,487.3046875,6.6633000000000004,26.83929065791918,15.06473049012327,1.9708130627763945,11.844332276746279,-1.3556939450570553,True,
185,f_theta_plus,correct,375.48828125,6.6633000000000004,35.84532230243783,18.649553434784124,2.494469770500551,14.15521069422465,-1.2084029451266045,True,
186,f_theta_plus,correct,458.0078125,6.6633000000000004,119.66643567558498,28.66247135485292,2.037386277404955,10.489448372808758,-1.4913250533777607,True,
187,f_theta_plus,correct,431.15234375,6.6633000000000004,101.33388153379407,24.7345964909696,1.8953843716860945,14.657255447930384,5.726259495885361,True,
188,f_theta_plus,correct,542.48046875,6.6633000000000004,29.466473535635295,16.191284609833176,1.951232788998588,11.563436970078069,-2.1398448350036596,True,
189,f_theta_plus,correct,519.04296875,6.6633000000000004,99.06222813852663,25.251360179816174,1.848701012253096,8.52453753540639,3.711888051338012,True,
190,f_theta_plus,correct,565.91796875,6.6633000000000004,80.83894705536548,22.959279348064747,2.576950054339659,12.312669618272654,0.6310959981054965,True,
191,f_theta_plus,correct,479.00390625,6.6633000000000004,57.609007185580886,20.688260204889005,1.5433133265165646,8.884340212483187,9.016731397506053,True,
192,f_theta_plus,correct,554.19921875,6.6633000000000004,30.203366936772635,13.674351015728535,1.7399666175406907,8.949397802844103,3.5610873843400843,True,
193,2_hz,correct,526.85546875,2.0,150.8036368002828,36.16128827682037,1.9517475539869529,9.336749411886608,5.154221277572879,True,
194,2_hz,correct,814.94140625,2.0,133.51430536167655,31.480879951454284,1.9385119831059139,10.254526640527047,3.4769248343413643,True,
195,2_hz,correct,470.703125,2.0,122.91812320712874,28.814778876551586,1.8746096295183208,10.463953377611055,1.7368061322522408,True,
196,2_hz,correct,594.23828125,2.0,124.06751816530254,30.263303034773656,1.8643606828725574,9.874032591487833,2.835049166305446,True,
197,2_hz,correct,481.93359375,2.0,133.30520147957913,30.338806111560892,1.8506681919794041,9.080684410027919,-0.4430990542887968,True,
198,2_hz,correct,391.6015625,2.0,113.16479365576846,28.79490792769194,2.608842528984249,13.586531550652165,5.196000927015044,True,
199,2_hz,correct,492.1875,2.0,161.33513131681184,36.23568189175168,2.270781710635315,11.874718880931349,12.439419715862583,True,
200,2_hz,correct,475.5859375,2.0,104.99198064853417,27.49355162027941,2.3407964863856945,12.50686318322867,6.596435963426693,True,
201,2_hz,correct,393.06640625,2.0,118.23214991093369,30.609799392977187,2.114866218091181,10.72103510389667,6.365958533422297,True,
202,2_hz,correct,395.5078125,2.0,154.21010694810013,33.15412938515655,1.9952603240523297,9.407600571380872,1.26122841954286,True,
203,2_hz,correct,443.359375,2.0,166.84189248259784,36.79310434676978,2.2254472334181274,10.82502931797558,-9.306681024489372,True,
204,2_hz,correct,511.71875,2.0,88.10812534368634,24.22657475293425,1.847411740825215,9.080176864836975,-4.2901693308379665,True,
205,2_hz,correct,474.609375,2.0,38.82899081472258,20.906635713690427,2.5895190378140804,13.506186861390326,-2.314262700034182,True,
206,2_hz,correct,483.88671875,2.0,84.4326377700748,23.124224010919352,1.6808389504438377,8.849915590546189,4.9211455419868075,True,
207,2_hz,correct,414.0625,2.0,29.643506459521248,14.655987778571408,1.8723319204708349,10.294360717279792,-9.61455310053731,True,
208,2_hz,correct,400.390625,2.0,45.17342933766065,17.594737428210117,1.7683912872213376,10.67179464596618,3.7430807502061407,True,
209,2_hz,correct,361.81640625,2.0,119.06744368722363,30.13257614418808,1.6482532115659618,9.067738994655592,3.2260132342817767,True,
210,2_hz,correct,387.20703125,2.0,106.81590705640721,24.105554285798306,2.054284254427809,10.738652717682548,7.860153203446155,True,
211,2_hz,correct,432.12890625,2.0,116.3457156385521,27.442066192136224,2.1360414109914,11.501591256732873,-3.4521473000644116,True,
212,2_hz,correct,519.53125,2.0,23.868738012591265,13.381321364849958,1.7052153904880394,9.857521077279284,-2.7546510646410125,True,
213,2_hz,correct,425.29296875,2.0,104.6431907241313,28.145395145566646,1.869872493933683,9.60610242630839,1.1599580494641488,True,
214,2_hz,correct,609.375,2.0,28.45093421911046,13.694285060850884,1.614649058697871,9.17699164756743,0.07727888169245256,True,
215,2_hz,correct,459.47265625,2.0,115.5019282743323,28.98436112425492,1.6862892864514485,9.60297088650988,1.384467440429932,True,
216,2_hz,correct,469.23828125,2.0,68.77142728814593,20.553625008397084,2.1327920420659496,12.413637057742774,1.239115314823762,True,
217,2_hz,correct,462.40234375,2.0,112.29211718529348,29.24874399876019,2.3246208784050624,11.432166182984492,15.030320810122547,True,
218,2_hz,correct,447.75390625,2.0,39.06944251062035,16.524706570731972,2.199704000732877,11.734868988434293,3.7687586713084062,True,
219,2_hz,correct,590.8203125,2.0,80.59058092787454,22.578670614057266,2.144147323799764,12.442029941400982,3.2741002920002025,True,
220,2_hz,correct,453.61328125,2.0,156.5940535493926,19.96231526594835,1.7753582650119542,10.861789100451858,0.4552607421048366,True,
221,2_hz,correct,521.484375,2.0,52.53176493197958,17.480865800069974,2.1765294727596185,9.776878659905126,2.706143634488589,True,
222,2_hz,incorrect,390.625,2.0,90.98449278415563,26.191837283964325,2.0578499995273445,12.048654922067508,-5.709347325182598,True,
223,2_hz,correct,529.296875,2.0,68.43782180948156,21.05254636572585,2.092658691705129,11.642173097058027,5.509079106321968,True,
224,2_hz,correct,530.2734375,2.0,105.98767141002028,29.091737222209858,1.760164214925781,8.614989923735429,-2.57120367525214,True,
225,non_rhythmic,correct,513.18359375,6.6633000000000004,132.83595024972786,32.67189061663039,1.7694437818067539,11.246892461493735,-9.91078716591432,True,
226,non_rhythmic,correct,522.4609375,6.6633000000000004,124.31843940432935,31.224321796386015,2.0722075888392597,10.707574591709719,7.462766331168527,True,
227,non_rhythmic,correct,436.03515625,6.6633000000000004,127.81912825702281,29.655708311123014,1.7564342578841368,8.897945698451666,-4.440055719603806,True,
228,non_rhythmic,correct,497.55859375,6.6633000000000004,109.0676561102619,26.64743914131836,1.7381370005799173,10.341667098054529,3.794638836014875,True,
229,non_rhythmic,correct,397.94921875,6.6633000000000004,110.75404544526234,24.730479439044032,2.0655492502837363,10.695155374047514,-3.9487467282796764,True,
230,non_rhythmic,correct,534.66796875,6.6633000000000004,29.101095544840074,15.554162301712198,1.909539439515922,11.520853880604903,-15.242532509396483,True,
231,non_rhythmic,correct,520.5078125,6.6633000000000004,119.77405431295234,27.944709765761594,1.5071197691224496,7.7266134046754145,3.7837730416439976,True,
232,non_rhythmic,correct,491.69921875,6.6633000000000004,123.93243793738075,30.500515817068408,1.8148569357898436,9.353294087344313,-9.529482463759765,True,
233,non_rhythmic,correct,514.16015625,6.6633000000000004,38.03138835439785,17.328560115944732,2.3630255575321475,11.460837958343689,-7.574084624046983,True,
234,non_rhythmic,correct,614.74609375,6.6633000000000004,33.61224626141353,16.096983163851615,2.07050047935891,11.433235137762763,2.2071741382517085,True,
235,non_rhythmic,correct,463.8671875,6.6633000000000004,43.75262017306876,16.809930697559036,1.7678903708662306,10.55548803909039,-0.6012565820752717,True,
236,non_rhythmic,correct,397.4609375,6.6633000000000004,126.64810663956037,33.12676227120733,2.1455371927355182,11.572165701230196,1.2408280212039815,True,
237,non_rhythmic,correct,388.671875,6.6633000000000004,27.97359271409918,14.241517216185095,1.874295377009626,9.793252064681804,-1.2224134122513104,True,
238,non_rhythmic,correct,465.8203125,6.6633000000000004,33.576199616177036,13.620497248498223,1.852408737138017,8.641959214670148,1.0201334065462364,True,
239,non_rhythmic,correct,554.19921875,6.6633000000000004,32.47031106861379,14.736532095539303,1.8396031650047397,11.761710425115318,-6.066576196606795,True,
240,non_rhythmic,correct,469.7265625,6.6633000000000004,31.448912991490158,15.348190644917167,1.954563477887181,11.15537472570849,0.7706588889977506,True,
241,non_rhythmic,correct,421.875,6.6633000000000004,111.00457336162444,26.064516425650055,1.9509610825316537,10.178304181003135,2.5571947531527393,True,
242,non_rhythmic,correct,496.09375,6.6633000000000004,39.89023500339765,14.99731436378783,1.742707473923972,10.38806162809783,0.7945116025529021,True,
243,non_rhythmic,correct,617.1875,6.6633000000000004,35.35249639141212,13.043052165604001,1.5190815617242526,7.491837620340278,-5.281216644103862,True,
244,non_rhythmic,correct,572.75390625,6.6633000000000004,39.05551038058955,15.743804021577555,2.1224451248894445,10.177948082067427,-9.958343020731267,True,
245,non_rhythmic,correct,416.015625,6.6633000000000004,37.54891589393283,16.518766990222822,2.177150029268688,10.582336312195192,1.7951335071262764,True,
246,non_rhythmic,correct,464.84375,6.6633000000000004,110.23781940542464,32.22836820784123,2.1793133622108405,10.832546721387937,3.2500787748756137,True,
247,non_rhythmic,correct,474.12109375,6.6633000000000004,54.67591393975732,13.000089778712393,1.7599183897004627,9.062672626211562,2.393166177120027,True,
248,non_rhythmic,incorrect,404.296875,6.6633000000000004,50.05390485502225,15.836223980640401,2.074338668887047,11.428754338280793,-3.0888649731074325,True,
249,non_rhythmic,correct,489.2578125,6.6633000000000004,101.35026028158187,26.33808191030699,1.8078034356302395,8.606810775469864,-3.5003047972814145,True,
250,non_rhythmic,correct,541.50390625,6.6633000000000004,97.70631860366744,28.498266309123913,1.9111370384985158,10.721319673992761,-1.7348158482107021,True,
251,non_rhythmic,correct,575.68359375,6.6633000000000004,94.2924542396251,25.455385202939606,2.2605146421662794,11.653497083648844,-0.3725370401923471,True,
252,non_rhythmic,correct,466.796875,6.6633000000000004,51.716356296951744,18.312415237770825,2.3896181767880984,16.03389200511223,0.08164088898318057,True,
253,non_rhythmic,correct,506.8359375,6.6633000000000004,84.78557471072475,23.023658966952194,2.2559316286129483,11.126139490616229,2.4422904074471083,True,
254,non_rhythmic,correct,532.71484375,6.6633000000000004,101.64862697457687,29.341930484157757,2.1721655166949385,13.291501484665334,-1.8552571763744368,True,
255,non_rhythmic,correct,504.8828125,6.6633000000000004,107.88615148247115,25.18346777597202,1.6379683662596893,7.7309854022812186,-6.395551791440814,True,
256,non_rhythmic,correct,495.1171875,6.6633000000000004,93.58338199441346,24.99481345338831,1.9466563718908645,12.343938934039798,2.5645176500754645,True,
257,2_hz,correct,588.8671875,2.0,50.266319276668455,17.840113396510468,1.9199958829485113,11.216853396809132,2.1198373223466245,True,
258,2_hz,correct,444.82421875,2.0,155.00088217528227,40.02687128464137,2.2401805587112404,11.2350137802252,-6.789939751243784,True,
259,2_hz,correct,562.01171875,2.0,142.80455950842614,33.54231964456615,2.18859838792702,10.524185427938015,-6.086184035377901,True,
260,2_hz,correct,447.265625,2.0,124.29115077725751,30.58085502436149,1.6556979585670843,9.1383269344059,1.4676659540304278,True,
261,2_hz,correct,464.35546875,2.0,35.08502208794668,16.755276324259718,1.858593284155947,11.10553813127536,1.3601718636007851,True,
262,2_hz,correct,491.69921875,2.0,31.68950502088097,16.22425511648762,2.019110970891139,10.359649399485205,3.709404950817482,True,
263,2_hz,correct,427.24609375,2.0,105.25606336012461,25.447624526391316,1.649403858013399,8.707224779045305,7.468105365575757,True,
264,2_hz,correct,445.80078125,2.0,28.89001501976793,12.896545042061518,1.5279462986149903,7.271126455488437,-7.357147321987486,True,
265,2_hz,correct,342.7734375,2.0,121.32321224802222,29.509965453994404,1.852184258477284,10.61293435662879,3.0620553524579535,True,
266,2_hz,correct,415.52734375,2.0,37.802536864584596,15.728861499555798,1.927612604084912,10.486177415080514,-7.535599883876818,True,
267,2_hz,correct,440.91796875,2.0,24.576194582111103,13.359123182074104,1.7555679932183168,9.223368603720479,-10.53877097293196,True,
268,2_hz,correct,403.80859375,2.0,113.40769905602448,25.597016257223256,1.9100778492067985,11.98187213858004,0.3251672420239415,True,
269,2_hz,correct,556.640625,2.0,126.45062639338704,31.089713858168068,1.8238299195381906,8.874738757865995,-2.1706173424909863,True,
270,2_hz,correct,536.1328125,2.0,121.75795625262617,28.10825447066315,1.85985116049097,11.927433169158215,6.131692782657828,True,
271,2_hz,correct,579.58984375,2.0,107.1067500976076,26.43533232799153,1.7354149160805934,9.303641308356191,0.9417354025388971,True,
272,2_hz,incorrect,476.07421875,2.0,104.51386381045906,24.19477677667909,1.859247714689718,10.066859669661358,6.563819791362267,True,
273,2_hz,correct,391.11328125,2.0,114.60946609759417,25.094957733696596,1.604516355977215,7.729152782822215,1.0571400652799041,True,
274,2_hz,correct,523.4375,2.0,25.910323172242375,13.515068333442507,1.667672712129442,7.878270116796729,-2.3223127276108584,True,
275,2_hz,correct,478.515625,2.0,25.14322396214608,13.794632484824637,1.5874909767842889,8.825456671884236,-7.8789089985742855,True,
276,2_hz,correct,522.94921875,2.0,28.38168952700344,17.05105491539576,2.1858500955845206,11.342235674670938,-2.1955557375086543,True,
277,2_hz,correct,516.6015625,2.0,66.19044602263621,17.525799120691033,1.6434813136388977,9.14782722897895,7.819186446858623,True,
278,2_hz,correct,482.91015625,2.0,37.25840681853482,15.594773623679751,2.209304344773406,10.783493191162357,-9.202226026472376,True,
279,2_hz,correct,541.015625,2.0,26.811605200935013,14.465590253109104,1.8466562085978273,8.199446061768764,7.841429659048695,True,
280,2_hz,correct,429.19921875,2.0,38.05034808561025,16.54414458575629,1.9588878299824484,11.65351043320527,5.971091842670707,True,
281,2_hz,correct,560.546875,2.0,27.246331178055026,12.569307499677969,1.3834615857241304,7.930363137007095,1.6667281318870026,True,
282,2_hz,correct,578.61328125,2.0,29.251665071378113,15.774305584147111,2.3431448324685724,14.403125498378316,3.9578604391937895,True,
283,2_hz,correct,553.22265625,2.0,43.74968520289342,19.60029771907773,2.3834229909760487,12.183022329664006,4.9476829935573265,True,
284,2_hz,correct,500.9765625,2.0,93.08880629431398,26.911972932120328,2.4136508767051255,10.75045564487429,0.017532091685725882,True,
285,2_hz,correct,565.4296875,2.0,45.4721149249514,16.260508878832123,2.0677666760891453,10.770829403729373,-3.367878244273361,True,
286,2_hz,correct,629.39453125,2.0,41.39598200770078,20.539900991358962,2.0105189611071546,11.239585934156807,3.1372659018538456,True,
287,2_hz,correct,397.4609375,2.0,32.97550921843722,17.877031233467047,2.236539848050569,12.421480755713251,-6.750369138959742,True,
288,2_hz,correct,463.37890625,2.0,35.359504011998965,15.287059275743637,1.7009081545112612,8.924306853852645,-2.4494790116513436,True,
289,non_rhythmic,correct,468.26171875,6.6633000000000004,144.27584542015887,34.33731363508316,2.3745109410871073,13.635994813800696,-0.19701606109057065,True,
290,non_rhythmic,correct,456.54296875,6.6633000000000004,39.63515901956559,15.373308761601251,1.9863787058291669,10.016791213021186,0.6438329343748339,True,
291,non_rhythmic,correct,474.12109375,6.6633000000000004,107.62063165837141,23.02120739439993,1.6130058067837643,8.50003571091068,-15.633341331243953,True,
292,non_rhythmic,correct,527.34375,6.6633000000000004,27.71144072531554,12.758393335026524,1.3644101216046267,6.440649366475018,-10.489922238927427,True,
293,non_rhythmic,correct,468.75,6.6633000000000004,28.368839131832218,14.032586234362732,1.778921107974744,8.979248846160502,-7.868968901318675,True,
294,non_rhythmic,correct,511.71875,6.6633000000000004,28.261135590615616,13.979931491271579,1.4351390633845746,8.48114668570691,1.533367991888834,True,
295,non_rhythmic,correct,556.640625,6.6633000000000004,136.87207078779656,33.38817448045018,2.498329306726631,13.122287205219504,4.353965715529961,True,
296,non_rhythmic,correct,420.41015625,6.6633000000000004,25.054143992899547,14.44649885925687,1.6581408637085273,9.499074841336572,1.6245669822319226,True,
297,non_rhythmic,correct,458.49609375,6.6633000000000004,109.31827374084318,26.507509681844738,1.7475874424649223,9.043708407111083,-2.971040697366769,True,
298,non_rhythmic,correct,527.34375,6.6633000000000004,67.3785223614891,23.68436219808802,2.337361344239738,11.917727687377493,2.348124631192768,True,
299,non_rhythmic,correct,497.0703125,6.6633000000000004,31.586033918658718,15.539418219644617,2.312544744920176,12.65169208332587,1.07737408218892,True,
300,non_rhythmic,correct,470.703125,6.6633000000000004,36.439205670298335,16.07561524279297,1.8597699461972355,11.230257191610889,5.6953314874685725,True,
301,non_rhythmic,correct,390.13671875,6.6633000000000004,31.0528956097181,15.05850774962666,1.7797058464885522,9.079299389853489,-1.8402074939719546,True,
302,non_rhythmic,correct,482.421875,6.6633000000000004,26.284897981864955,13.21123102876044,1.5812765174221421,10.637126559995593,5.155776444624603,True,
303,non_rhythmic,correct,464.84375,6.6633000000000004,30.77122319424442,14.357089199383381,1.4663843403827728,9.74600857930242,-5.329855545180958,True,
304,non_rhythmic,correct,475.09765625,6.6633000000000004,125.75089934729937,31.346432016371576,2.030701305852879,11.970487193263368,8.80289182676922,True,
305,non_rhythmic,correct,478.515625,6.6633000000000004,110.458926894609,25.149783841025304,1.67177540690555,8.862484993800681,4.261708091040853,True,
306,non_rhythmic,correct,577.63671875,6.6633000000000004,96.33756956294755,25.364001620667256,2.0002773239365386,10.222720043935084,1.8710312108194462,True,
307,non_rhythmic,correct,558.10546875,6.6633000000000004,87.46349832444105,24.064761609903954,2.434567875401857,12.455187255959792,-0.6573875425203578,True,
308,non_rhythmic,correct,514.6484375,6.6633000000000004,44.263771958146876,18.52540784058597,2.060423676431665,12.174320861354882,-3.96559298675013,True,
309,non_rhythmic,correct,394.04296875,6.6633000000000004,61.59638873402395,20.444139589395228,2.0684499860555303,11.214175931922245,-16.566108987810434,True,
310,non_rhythmic,correct,541.9921875,6.6633000000000004,47.26123523871461,19.28105871990834,2.6376818733918803,13.302665258851965,-1.3562570147588104,True,
311,non_rhythmic,correct,437.01171875,6.6633000000000004,38.63995825392712,14.516795595397946,1.4827623511822892,7.433111353014521,4.494100508960592,True,
312,non_rhythmic,correct,476.5625,6.6633000000000004,112.05482509105634,29.06984668448351,1.9437778439501903,10.947926141858417,3.224706264406067,True,
313,non_rhythmic,incorrect,462.890625,6.6633000000000004,55.85545499557044,19.319272816977183,1.9209885819524626,11.543873115070973,-0.5478626994464653,True,
314,non_rhythmic,correct,562.01171875,6.6633000000000004,32.514092369383064,13.63785805217507,1.9839830640478626,9.460548930533037,-5.256496125298444,True,
315,non_rhythmic,correct,575.68359375,6.6633000000000004,37.85582196954802,15.05618751157938,1.831402601634907,10.390914054368974,2.465763717986677,True,
316,non_rhythmic,correct,537.59765625,6.6633000000000004,56.507831195550466,21.843997896344302,2.0833131377928185,10.333896637259251,7.026198598177476,True,
317,non_rhythmic,correct,496.58203125,6.6633000000000004,34.47199812241445,15.941743652251084,2.083525981661652,10.72392790129794,4.441974106850724,True,
318,non_rhythmic,correct,627.9296875,6.6633000000000004,95.42905217708318,27.05819597277064,2.1480657106981176,14.427772480036245,8.734567745841924,True,
319,non_rhythmic,correct,487.79296875,6.6633000000000004,40.742143005167854,15.082960302903004,1.8197506968346797,10.101639719014607,-4.814723823005217,True,
320,non_rhythmic,correct,526.85546875,6.6633000000000004,44.34872529517004,22.977805346337476,2.3162804114509314,14.013759489890228,-21.616507277731877,True,
321,f_theta,correct,503.90625,5.01,161.23058938462412,38.20436439217414,1.6059179525468414,9.060752026659273,-2.3390179775153523,True,
322,f_theta,correct,467.28515625,5.01,40.48749108052966,19.119879970386727,1.7978849585797498,9.528319043036625,10.406748321820569,True,
323,f_theta,correct,613.28125,5.01,156.3712253849684,34.10327585299256,1.683716627517788,9.349505934065217,1.4667030994790795,True,
324,f_theta,correct,555.17578125,5.01,154.41801035651727,35.835758508115575,1.6261615434846033,8.73284805288369,-1.6657066036821757,True,
325,f_theta,correct,647.94921875,5.01,131.9437610543906,31.624446066002722,1.6733709858834247,8.526154261117052,4.7568169462668894,True,
326,f_theta,correct,523.4375,5.01,59.01253788046051,21.670694880842856,2.065009935422272,14.60538387888736,-0.4445957449771976,True,
327,f_theta,correct,488.28125,5.01,38.62234349784595,15.937111850020536,1.6153209468424286,9.532770055164178,-2.4156999005548148,True,
328,f_theta,correct,498.53515625,5.01,129.4274017012802,31.381348315054996,1.853072177042088,11.228911356334518,-6.7947745403530835,True,
329,f_theta,correct,556.15234375,5.01,43.33624068385838,15.759557490250348,1.8612637972557733,10.625735084089182,-4.5882245275660285,True,
330,f_theta,correct,577.1484375,5.01,52.4861983540369,16.683396725302067,1.9434944768113873,9.558648403879241,-3.481675898082404,True,
331,f_theta,correct,588.8671875,5.01,38.29237902214948,13.905493290366177,1.6839846658221473,9.427773912813642,-1.876666437264046,True,
332,f_theta,incorrect,349.609375,5.01,112.5988441088584,28.89528946663691,2.1878404099141933,11.132852474554,-8.624189469931501,True,
333,f_theta,correct,554.19921875,5.01,72.36225529252803,24.134368610175443,1.6319530094066381,8.390512979971037,-0.13474328389045825,True,
334,f_theta,correct,543.9453125,5.01,117.11073185795905,27.869706136031702,1.9514976181905854,11.270728071842335,-3.8136960837975376,True,
335,f_theta,correct,479.00390625,5.01,85.57950949197274,24.442020678049715,2.163871170857799,11.739591405297695,-3.188579942940048,True,
336,f_theta,correct,537.109375,5.01,54.855744063016076,17.13273010846802,2.0866283628612945,10.048599068392548,0.5599450637609986,True,
337,f_theta,correct,553.7109375,5.01,69.33570162886473,20.12310563803623,1.709402225142361,8.38749077876809,2.9711619358321695,True,
338,f_theta,correct,509.765625,5.01,112.23770497758717,29.98010927273218,1.786330724403652,9.739203692672836,1.4726827817987378,True,
339,f_theta,correct,420.8984375,5.01,123.66840065937092,30.10991322795806,1.8858344060583778,9.363708901878393,-2.4035288275689286,True,
340,f_theta,correct,452.63671875,5.01,123.0490638046641,27.54534668664924,1.8577424644221814,10.003732824832063,-0.9254800192939916,True,
341,f_theta,correct,480.95703125,5.01,109.29664547779485,23.33487282853833,1.6281779509085494,8.906823874014552,2.2265504570407977,True,
342,f_theta,correct,424.8046875,5.01,130.7023547848765,29.294429288691735,1.6377293380018392,8.676247924043935,-1.5700734301275798,True,
343,f_theta,correct,501.46484375,5.01,120.48652843688647,28.21074143889666,1.4623588429879322,8.223016416945706,-5.827298447093731,True,
344,f_theta,correct,501.46484375,5.01,34.403437050073876,16.325527647214656,1.8670830190676317,11.477360395206176,0.8010368477365514,True,
345,f_theta,correct,502.9296875,5.01,41.414941102507825,17.361026991421184,1.7724722915381688,9.048926276547922,1.5247666844164562,True,
346,f_theta,correct,431.640625,5.01,42.17964105464708,13.637715934641358,1.8603181501986534,11.202349928434629,-1.5391663250765966,True,
347,f_theta,correct,453.125,5.01,46.612985082398765,15.798911761420179,1.8345575948706092,8.905019968594928,-1.6090699002133375,True,
348,f_theta,correct,579.58984375,5.01,67.94921579011842,23.190024623974203,2.334683373963706,11.314582817168908,-11.344480332358371,True,
349,f_theta,incorrect,511.71875,5.01,44.38266000799979,19.747034079169644,2.6606368198159727,17.31131141608504,-6.76295861120613,True,
350,f_theta,correct,483.88671875,5.01,85.3879150019646,23.539792318962412,2.0838084479170855,10.915640569635226,-2.4998397852590024,True,
351,f_theta,correct,400.87890625,5.01,68.43985105448363,18.74244458095559,2.6063691830172764,12.802369402844901,0.573435491405955,True,
352,f_theta,correct,479.98046875,5.01,61.34215328728753,26.129807246910463,2.9428718506158984,19.114525581009097,7.782445780006098,False,peak_to_peak_robust
353,f_theta_plus,correct,650.390625,6.6633000000000004,126.64437814481983,30.95609277159462,1.8844115484868593,9.29552326369123,-17.411242267776903,True,
354,f_theta_plus,correct,496.58203125,6.6633000000000004,123.9280802153942,30.87475905220367,2.012970428032105,10.200098504534077,-0.6531355569868674,True,
355,f_theta_plus,correct,426.26953125,6.6633000000000004,126.0413807776412,29.93647153140118,1.7887430270546218,10.136328198907762,9.200761598804714,True,
356,f_theta_plus,correct,502.44140625,6.6633000000000004,145.04971632344848,33.96540296509815,1.9841017066062598,10.043180156017737,-3.8338011631211417,True,
357,f_theta_plus,correct,472.16796875,6.6633000000000004,120.03861439369962,28.131939307808718,1.9921638036495517,12.195877736951195,-6.922112477693937,True,
358,f_theta_plus,correct,465.33203125,6.6633000000000004,126.3676518385215,29.59122361618825,1.8539781288254435,9.83095261840307,-5.63113666415597,True,
359,f_theta_plus,correct,510.25390625,6.6633000000000004,141.34228870572693,33.301853857317965,1.7253087135299254,9.006569572834753,-15.806756170577664,True,
360,f_theta_plus,correct,553.22265625,6.6633000000000004,32.374333121373574,14.18272684763128,1.8263494525059922,8.836718507225902,-3.6240551933787994,True,
361,f_theta_plus,correct,555.6640625,6.6633000000000004,37.99531085315942,19.76786219958506,2.539933021926817,12.390583658068145,-3.7917543687330797,True,
362,f_theta_plus,correct,518.5546875,6.6633000000000004,127.20043278145579,28.40872610365341,2.3174937476373767,12.879116609423214,-2.9307050885527843,True,
363,f_theta_plus,correct,505.37109375,6.6633000000000004,39.42854187301202,17.30224668471196,2.5421053390112602,13.966139900679618,6.294289409022669,True,
364,f_theta_plus,correct,419.921875,6.6633000000000004,65.63907767532075,22.537050648033222,1.9503321684334574,10.749578527309456,-4.029228055525708,True,
365,f_theta_plus,correct,560.546875,6.6633000000000004,91.72999171466748,24.126716750443528,1.7136392799395552,9.535457823849697,1.0123547883947743,True,
366,f_theta_plus,correct,534.66796875,6.6633000000000004,53.73816800547861,16.342804860181126,2.0905218230409113,9.88555636705758,5.600123283127423,True,
367,f_theta_plus,correct,401.3671875,6.6633000000000004,55.38539598717562,18.22906956988453,2.0191999052422203,11.145630578358467,-2.3418977593397967,True,
368,f_theta_plus,correct,522.94921875,6.6633000000000004,57.02987500446474,19.658888823183005,2.723333491716315,13.345716202915611,5.593948417435101,True,
369,f_theta_plus,correct,568.84765625,6.6633000000000004,38.938214938238204,16.992212804617218,2.806255118629789,14.556777478151812,0.47995561673008086,True,
370,f_theta_plus,correct,493.1640625,6.6633000000000004,45.853648744701374,16.518350294377484,2.2159167271168667,13.015339769993275,-6.816382336449306,True,
371,f_theta_plus,correct,630.37109375,6.6633000000000004,69.5912240270435,18.776855436487306,2.8084526949438264,16.68058285442231,2.4338621282803223,True,
372,f_theta_plus,correct,475.09765625,6.6633000000000004,55.725853896387534,17.736672729496064,1.7593349073013944,11.333169416794872,-0.13775716171686925,True,
373,f_theta_plus,correct,419.921875,6.6633000000000004,122.96219825109699,28.620304208622883,1.5558343701916666,8.96778502192059,6.326243403283135,True,
374,f_theta_plus,correct,560.05859375,6.6633000000000004,123.67889085054537,29.546273677125335,1.66003379682593,8.596388479905466,-0.8905610966272547,True,
375,f_theta_plus,correct,475.09765625,6.6633000000000004,129.76385534728223,29.841102824869463,1.9353406752367601,9.737714998778113,7.700197004287144,True,
376,f_theta_plus,correct,430.6640625,6.6633000000000004,45.45651379394496,16.643426255301016,2.0606765355317704,14.824441832736763,0.8208478903543431,True,
377,f_theta_plus,correct,460.44921875,6.6633000000000004,111.71772308693787,26.403933915674813,1.7981635487412162,11.135393208519226,-1.4466244688342176,True,
378,f_theta_plus,correct,534.1796875,6.6633000000000004,30.49795855940655,14.967195769308717,1.8200632336504365,13.375412242666442,6.245803186022289,True,
379,f_theta_plus,correct,456.54296875,6.6633000000000004,33.19342772349165,13.074682293141235,1.422201964758744,7.2766063077769765,-4.734190628633838,True,
380,f_theta_plus,correct,358.88671875,6.6633000000000004,30.88053235841621,13.749615117210588,1.951622735907172,10.085221226846462,7.280525279124385,True,
381,f_theta_plus,correct,405.76171875,6.6633000000000004,44.83722671378662,15.294868767766037,1.727187060832294,9.72948801498695,2.5401829919908767,True,
382,f_theta_plus,correct,529.296875,6.6633000000000004,31.903764965467527,15.872679831690302,1.5623435653714766,9.485506465560473,-5.127416243597498,True,
383,f_theta_plus,correct,492.1875,6.6633000000000004,45.897392390793804,16.06122427801305,1.6641408586015825,9.678354290825126,-7.833323406283034,True,
384,f_theta_plus,correct,549.31640625,6.6633000000000004,44.013465164677925,15.590268953462578,1.9716278530813107,11.480827946918616,-7.756583847362978,True,
