trial_index,condition_code,condition,stimulation_sample,target_code,target_sample,congruency,response_code,response_sample,response_class,expected_correct_code,stimulation_to_target_ms,response_latency_ms,rt_ms,rt_plausible_100_2000_ms,sequence_valid
1,1,f_theta,9308,22,14199,congruent,62.0,15066.0,correct,62,2388.18359375,423.33984375,423.33984375,True,True
2,1,f_theta,17211,32,22102,incongruent,72.0,23105.0,correct,72,2388.18359375,489.74609375,489.74609375,True,True
3,1,f_theta,25141,41,29421,incongruent,81.0,30368.0,correct,81,2089.84375,462.40234375,462.40234375,True,True
4,1,f_theta,32698,11,37588,congruent,51.0,38396.0,correct,51,2387.6953125,394.53125,394.53125,True,True
5,1,f_theta,40626,12,46128,incongruent,52.0,47353.0,correct,52,2686.5234375,598.14453125,598.14453125,True,True
6,1,f_theta,49399,42,55512,congruent,82.0,56159.0,correct,82,2984.86328125,315.91796875,315.91796875,True,True
7,1,f_theta,58391,21,63282,incongruent,61.0,64181.0,correct,61,2388.18359375,438.96484375,438.96484375,True,True
8,1,f_theta,66188,31,70468,congruent,71.0,71368.0,correct,71,2089.84375,439.453125,439.453125,True,True
9,1,f_theta,73414,21,78304,incongruent,61.0,79160.0,correct,61,2387.6953125,417.96875,417.96875,True,True
10,1,f_theta,81470,11,87583,congruent,51.0,88271.0,correct,51,2984.86328125,335.9375,335.9375,True,True
11,1,f_theta,90784,31,96897,congruent,71.0,97613.0,correct,71,2984.86328125,349.609375,349.609375,True,True
12,1,f_theta,100131,41,106244,incongruent,81.0,107047.0,correct,81,2984.86328125,392.08984375,392.08984375,True,True
13,1,f_theta,109140,32,114643,incongruent,72.0,115368.0,correct,72,2687.01171875,354.00390625,354.00390625,True,True
14,1,f_theta,117868,22,122759,congruent,62.0,123569.0,correct,62,2388.18359375,395.5078125,395.5078125,True,True
15,1,f_theta,126003,42,131506,congruent,82.0,132299.0,correct,82,2687.01171875,387.20703125,387.20703125,True,True
16,1,f_theta,134772,12,140275,incongruent,52.0,141116.0,correct,52,2687.01171875,410.64453125,410.64453125,True,True
17,1,f_theta,143312,31,148203,congruent,71.0,149079.0,correct,71,2388.18359375,427.734375,427.734375,True,True
18,1,f_theta,151076,11,155966,congruent,51.0,156793.0,correct,51,2387.6953125,403.80859375,403.80859375,True,True
19,1,f_theta,159059,21,163949,incongruent,61.0,164919.0,correct,61,2387.6953125,473.6328125,473.6328125,True,True
20,1,f_theta,166995,42,171885,congruent,82.0,173440.0,correct,82,2387.6953125,759.27734375,759.27734375,True,True
21,1,f_theta,174868,22,179147,congruent,62.0,179916.0,correct,62,2089.35546875,375.48828125,375.48828125,True,True
22,1,f_theta,182362,32,188476,incongruent,72.0,189312.0,correct,72,2985.3515625,408.203125,408.203125,True,True
23,1,f_theta,191580,41,197694,incongruent,81.0,198360.0,correct,81,2985.3515625,325.1953125,325.1953125,True,True
24,1,f_theta,200844,12,206957,incongruent,52.0,207938.0,correct,52,2984.86328125,479.00390625,479.00390625,True,True
25,1,f_theta,210135,42,216248,congruent,82.0,216962.0,correct,82,2984.86328125,348.6328125,348.6328125,True,True
26,1,f_theta,219142,22,223422,congruent,62.0,224068.0,correct,62,2089.84375,315.4296875,315.4296875,True,True
27,1,f_theta,226598,12,232712,incongruent,52.0,233341.0,correct,52,2985.3515625,307.12890625,307.12890625,True,True
28,1,f_theta,235716,32,240606,incongruent,72.0,241776.0,correct,72,2387.6953125,571.2890625,571.2890625,True,True
29,1,f_theta,243668,11,249781,congruent,51.0,250488.0,correct,51,2984.86328125,345.21484375,345.21484375,True,True
30,1,f_theta,253003,31,257283,congruent,71.0,258149.0,correct,71,2089.84375,422.8515625,422.8515625,True,True
31,1,f_theta,260191,21,264471,incongruent,61.0,265208.0,correct,61,2089.84375,359.86328125,359.86328125,True,True
32,1,f_theta,267476,41,272979,incongruent,81.0,273632.0,correct,81,2687.01171875,318.84765625,318.84765625,True,True
33,4,non_rhythmic,285327,12,289919,incongruent,52.0,291047.0,correct,52,2242.1875,550.78125,550.78125,True,True
34,4,non_rhythmic,292868,41,298837,incongruent,81.0,299808.0,correct,81,2914.55078125,474.12109375,474.12109375,True,True
35,4,non_rhythmic,301903,11,307873,congruent,51.0,308716.0,correct,51,2915.0390625,411.62109375,411.62109375,True,True
36,4,non_rhythmic,310900,31,315033,congruent,71.0,315806.0,correct,71,2018.06640625,377.44140625,377.44140625,True,True
37,4,non_rhythmic,318158,21,324128,incongruent,61.0,324958.0,correct,61,2915.0390625,405.2734375,405.2734375,True,True
38,4,non_rhythmic,327087,32,331678,incongruent,72.0,332638.0,correct,72,2241.69921875,468.75,468.75,True,True
39,4,non_rhythmic,334810,22,339860,congruent,62.0,340681.0,correct,62,2465.8203125,400.87890625,400.87890625,True,True
40,4,non_rhythmic,342963,42,348013,congruent,82.0,348902.0,correct,82,2465.8203125,434.08203125,434.08203125,True,True
41,4,non_rhythmic,351173,21,357147,incongruent,61.0,357980.0,correct,61,2916.9921875,406.73828125,406.73828125,True,True
42,4,non_rhythmic,360414,41,366383,incongruent,81.0,367262.0,correct,81,2914.55078125,429.19921875,429.19921875,True,True
43,4,non_rhythmic,369383,31,374434,congruent,71.0,375300.0,correct,71,2466.30859375,422.8515625,422.8515625,True,True
44,4,non_rhythmic,377684,12,381817,incongruent,52.0,382894.0,correct,52,2018.06640625,525.87890625,525.87890625,True,True
45,4,non_rhythmic,384797,11,390766,congruent,51.0,391733.0,correct,51,2914.55078125,472.16796875,472.16796875,True,True
46,4,non_rhythmic,393903,22,398037,congruent,62.0,398884.0,correct,62,2018.5546875,413.57421875,413.57421875,True,True
47,4,non_rhythmic,401039,42,406550,congruent,82.0,407492.0,correct,82,2690.91796875,459.9609375,459.9609375,True,True
48,4,non_rhythmic,409773,32,413906,incongruent,72.0,414807.0,correct,72,2018.06640625,439.94140625,439.94140625,True,True
49,4,non_rhythmic,416970,41,421561,incongruent,80.0,422305.0,incorrect,81,2241.69921875,363.28125,363.28125,True,True
50,4,non_rhythmic,424760,22,430271,congruent,62.0,431225.0,correct,62,2690.91796875,465.8203125,465.8203125,True,True
51,4,non_rhythmic,433403,12,438914,incongruent,52.0,439893.0,correct,52,2690.91796875,478.02734375,478.02734375,True,True
52,4,non_rhythmic,441812,21,446862,incongruent,61.0,447941.0,correct,61,2465.8203125,526.85546875,526.85546875,True,True
53,4,non_rhythmic,449979,31,455029,congruent,71.0,455840.0,correct,71,2465.8203125,395.99609375,395.99609375,True,True
54,4,non_rhythmic,458077,11,463127,congruent,51.0,463895.0,correct,51,2465.8203125,375.0,375.0,True,True
55,4,non_rhythmic,466020,32,471990,incongruent,72.0,472948.0,correct,72,2915.0390625,467.7734375,467.7734375,True,True
56,4,non_rhythmic,475109,42,480159,congruent,82.0,481091.0,correct,82,2465.8203125,455.078125,455.078125,True,True
57,4,non_rhythmic,483332,21,488843,incongruent,61.0,489722.0,correct,61,2690.91796875,429.19921875,429.19921875,True,True
58,4,non_rhythmic,491811,11,496860,congruent,51.0,497652.0,correct,51,2465.33203125,386.71875,386.71875,True,True
59,4,non_rhythmic,499824,42,505794,congruent,82.0,506703.0,correct,82,2915.0390625,443.84765625,443.84765625,True,True
60,4,non_rhythmic,508812,12,513863,incongruent,52.0,514842.0,correct,52,2466.30859375,478.02734375,478.02734375,True,True
61,4,non_rhythmic,516851,22,521442,congruent,62.0,522256.0,correct,62,2241.69921875,397.4609375,397.4609375,True,True
62,4,non_rhythmic,524512,31,530023,congruent,71.0,531111.0,correct,71,2690.91796875,531.25,531.25,True,True
63,4,non_rhythmic,533046,32,538557,incongruent,72.0,539395.0,correct,72,2690.91796875,409.1796875,409.1796875,True,True
64,4,non_rhythmic,541784,41,547296,incongruent,81.0,548445.0,correct,81,2691.40625,561.03515625,561.03515625,True,True
65,2,2_hz,559526,21,563621,incongruent,61.0,564727.0,correct,61,1999.51171875,540.0390625,540.0390625,True,True
66,2,2_hz,566783,22,571903,congruent,62.0,572682.0,correct,62,2500.0,380.37109375,380.37109375,True,True
67,2,2_hz,575076,32,581219,incongruent,72.0,582314.0,correct,72,2999.51171875,534.66796875,534.66796875,True,True
68,2,2_hz,584338,41,588434,incongruent,81.0,589377.0,correct,81,2000.0,460.44921875,460.44921875,True,True
69,2,2_hz,591537,31,597681,congruent,71.0,598449.0,correct,71,3000.0,375.0,375.0,True,True
70,2,2_hz,600913,11,607056,congruent,51.0,607933.0,correct,51,2999.51171875,428.22265625,428.22265625,True,True
71,2,2_hz,610141,12,615261,incongruent,52.0,616196.0,correct,52,2500.0,456.54296875,456.54296875,True,True
72,2,2_hz,618463,42,622559,congruent,82.0,623423.0,correct,82,2000.0,421.875,421.875,True,True
73,2,2_hz,625656,11,630776,congruent,51.0,631533.0,correct,51,2500.0,369.62890625,369.62890625,True,True
74,2,2_hz,633830,32,637925,incongruent,72.0,638794.0,correct,72,1999.51171875,424.31640625,424.31640625,True,True
75,2,2_hz,640987,12,645083,incongruent,52.0,646183.0,correct,52,2000.0,537.109375,537.109375,True,True
76,2,2_hz,648083,42,654227,congruent,82.0,654971.0,correct,82,3000.0,363.28125,363.28125,True,True
77,2,2_hz,657385,41,661481,incongruent,81.0,662597.0,correct,81,2000.0,544.921875,544.921875,True,True
78,2,2_hz,664616,31,669736,congruent,71.0,670520.0,correct,71,2500.0,382.8125,382.8125,True,True
79,2,2_hz,672606,21,677725,incongruent,61.0,678731.0,correct,61,2499.51171875,491.2109375,491.2109375,True,True
80,2,2_hz,680674,22,684770,congruent,62.0,685704.0,correct,62,2000.0,456.0546875,456.0546875,True,True
81,2,2_hz,687828,42,691924,congruent,82.0,692973.0,correct,82,2000.0,512.20703125,512.20703125,True,True
82,2,2_hz,695158,21,701301,incongruent,61.0,702197.0,correct,61,2999.51171875,437.5,437.5,True,True
83,2,2_hz,704400,31,708496,congruent,71.0,709287.0,correct,71,2000.0,386.23046875,386.23046875,True,True
84,2,2_hz,711599,22,717743,congruent,62.0,718469.0,correct,62,3000.0,354.4921875,354.4921875,True,True
85,2,2_hz,720690,32,726833,incongruent,72.0,728029.0,correct,72,2999.51171875,583.984375,583.984375,True,True
86,2,2_hz,729852,41,735996,incongruent,81.0,737073.0,correct,81,3000.0,525.87890625,525.87890625,True,True
87,2,2_hz,739207,12,743303,incongruent,52.0,744188.0,correct,52,2000.0,432.12890625,432.12890625,True,True
88,2,2_hz,746239,11,752383,congruent,51.0,753337.0,correct,51,3000.0,465.8203125,465.8203125,True,True
89,2,2_hz,755573,21,761716,incongruent,61.0,762609.0,correct,61,2999.51171875,436.03515625,436.03515625,True,True
90,2,2_hz,764782,12,768878,incongruent,52.0,770003.0,correct,52,2000.0,549.31640625,549.31640625,True,True
91,2,2_hz,772040,22,778184,congruent,62.0,778918.0,correct,62,3000.0,358.3984375,358.3984375,True,True
92,2,2_hz,781440,32,786560,incongruent,72.0,787668.0,correct,72,2500.0,541.015625,541.015625,True,True
93,2,2_hz,789765,42,794885,congruent,82.0,795584.0,correct,82,2500.0,341.30859375,341.30859375,True,True
94,2,2_hz,797844,41,803988,incongruent,81.0,804689.0,correct,81,3000.0,342.28515625,342.28515625,True,True
95,2,2_hz,807254,11,812374,congruent,51.0,813030.0,correct,51,2500.0,320.3125,320.3125,True,True
96,2,2_hz,815404,31,819499,congruent,71.0,820228.0,correct,71,1999.51171875,355.95703125,355.95703125,True,True
97,3,f_theta_plus,832590,32,838101,incongruent,72.0,839283.0,correct,72,2690.91796875,577.1484375,577.1484375,True,True
98,3,f_theta_plus,841130,11,846641,congruent,51.0,847604.0,correct,51,2690.91796875,470.21484375,470.21484375,True,True
99,3,f_theta_plus,849568,42,853700,congruent,82.0,854369.0,correct,82,2017.578125,326.66015625,326.66015625,True,True
100,3,f_theta_plus,856751,21,860884,incongruent,61.0,861720.0,correct,61,2018.06640625,408.203125,408.203125,True,True
101,3,f_theta_plus,863901,41,869871,incongruent,81.0,870693.0,correct,81,2915.0390625,401.3671875,401.3671875,True,True
102,3,f_theta_plus,872746,22,877796,congruent,62.0,878565.0,correct,62,2465.8203125,375.48828125,375.48828125,True,True
103,3,f_theta_plus,880702,12,886213,incongruent,52.0,887165.0,correct,52,2690.91796875,464.84375,464.84375,True,True
104,3,f_theta_plus,889187,31,894698,congruent,71.0,895426.0,correct,71,2690.91796875,355.46875,355.46875,True,True
105,3,f_theta_plus,897598,42,903568,congruent,80.0,904551.0,incorrect,82,2915.0390625,479.98046875,479.98046875,True,True
106,3,f_theta_plus,906592,41,910725,incongruent,81.0,911639.0,correct,81,2018.06640625,446.2890625,446.2890625,True,True
107,3,f_theta_plus,913680,12,918731,incongruent,52.0,919583.0,correct,52,2466.30859375,416.015625,416.015625,True,True
108,3,f_theta_plus,921833,32,925966,incongruent,72.0,927009.0,correct,72,2018.06640625,509.27734375,509.27734375,True,True
109,3,f_theta_plus,928981,31,934492,congruent,71.0,935303.0,correct,71,2690.91796875,395.99609375,395.99609375,True,True
110,3,f_theta_plus,937519,11,942110,congruent,51.0,943219.0,correct,51,2241.69921875,541.50390625,541.50390625,True,True
111,3,f_theta_plus,945209,22,950259,congruent,62.0,951046.0,correct,62,2465.8203125,384.27734375,384.27734375,True,True
112,3,f_theta_plus,953145,21,957277,incongruent,61.0,958576.0,correct,61,2017.578125,634.27734375,634.27734375,True,True
113,3,f_theta_plus,960476,41,965068,incongruent,81.0,966023.0,correct,81,2242.1875,466.30859375,466.30859375,True,True
114,3,f_theta_plus,968070,31,973120,congruent,71.0,973884.0,correct,71,2465.8203125,373.046875,373.046875,True,True
115,3,f_theta_plus,976158,22,980749,congruent,62.0,981535.0,correct,62,2241.69921875,383.7890625,383.7890625,True,True
116,3,f_theta_plus,983854,12,989365,incongruent,52.0,990188.0,correct,52,2690.91796875,401.85546875,401.85546875,True,True
117,3,f_theta_plus,992596,21,996729,incongruent,61.0,997861.0,correct,61,2018.06640625,552.734375,552.734375,True,True
118,3,f_theta_plus,999727,32,1004778,incongruent,72.0,1005652.0,correct,72,2466.30859375,426.7578125,426.7578125,True,True
119,3,f_theta_plus,1007792,11,1011925,congruent,51.0,1013162.0,correct,51,2018.06640625,604.00390625,604.00390625,True,True
120,3,f_theta_plus,1015149,42,1021118,congruent,82.0,1022045.0,correct,82,2914.55078125,452.63671875,452.63671875,True,True
121,3,f_theta_plus,1024190,12,1029701,incongruent,52.0,1030656.0,correct,52,2690.91796875,466.30859375,466.30859375,True,True
122,3,f_theta_plus,1032572,41,1037164,incongruent,81.0,1038152.0,correct,81,2242.1875,482.421875,482.421875,True,True
123,3,f_theta_plus,1040138,21,1045649,incongruent,,,missing_or_unexpected,61,2690.91796875,,,False,False
124,2,2_hz,1097504,21,1101600,incongruent,61.0,1102903.0,correct,61,2000.0,636.23046875,636.23046875,True,True
125,2,2_hz,1104682,11,1109802,congruent,51.0,1110455.0,correct,51,2500.0,318.84765625,318.84765625,True,True
126,2,2_hz,1112803,31,1117922,congruent,71.0,1118643.0,correct,71,2499.51171875,352.05078125,352.05078125,True,True
127,2,2_hz,1120925,41,1127068,incongruent,81.0,1128004.0,correct,81,2999.51171875,457.03125,457.03125,True,True
128,2,2_hz,1130343,12,1134439,incongruent,52.0,1135296.0,correct,52,2000.0,418.45703125,418.45703125,True,True
129,2,2_hz,1137605,22,1142725,congruent,62.0,1143350.0,correct,62,2500.0,305.17578125,305.17578125,True,True
130,2,2_hz,1145807,42,1150927,congruent,82.0,1151798.0,correct,82,2500.0,425.29296875,425.29296875,True,True
131,2,2_hz,1154184,32,1160327,incongruent,72.0,1161233.0,correct,72,2999.51171875,442.3828125,442.3828125,True,True
132,2,2_hz,1163485,11,1169629,congruent,51.0,1170498.0,correct,51,3000.0,424.31640625,424.31640625,True,True
133,2,2_hz,1172781,31,1177901,congruent,71.0,1178814.0,correct,71,2500.0,445.80078125,445.80078125,True,True
134,2,2_hz,1180912,42,1186031,congruent,82.0,1186734.0,correct,82,2499.51171875,343.26171875,343.26171875,True,True
135,2,2_hz,1189267,12,1194387,incongruent,52.0,1195495.0,correct,52,2500.0,541.015625,541.015625,True,True
136,2,2_hz,1197325,22,1201421,congruent,62.0,1202140.0,correct,62,2000.0,351.07421875,351.07421875,True,True
137,2,2_hz,1204586,41,1208681,incongruent,81.0,1209420.0,correct,81,1999.51171875,360.83984375,360.83984375,True,True
138,2,2_hz,1211731,21,1216851,incongruent,61.0,1217818.0,correct,61,2500.0,472.16796875,472.16796875,True,True
139,2,2_hz,1220095,32,1224191,incongruent,72.0,1225225.0,correct,72,2000.0,504.8828125,504.8828125,True,True
140,2,2_hz,1227162,12,1231258,incongruent,52.0,1232285.0,correct,52,2000.0,501.46484375,501.46484375,True,True
141,2,2_hz,1234129,31,1240273,congruent,71.0,1240897.0,correct,71,3000.0,304.6875,304.6875,True,True
142,2,2_hz,1243182,22,1247277,congruent,62.0,1248492.0,correct,62,1999.51171875,593.26171875,593.26171875,True,True
143,2,2_hz,1250380,32,1254476,incongruent,72.0,1255203.0,correct,72,2000.0,354.98046875,354.98046875,True,True
144,2,2_hz,1257689,11,1263833,congruent,51.0,1265266.0,correct,51,3000.0,699.70703125,699.70703125,True,True
145,2,2_hz,1267081,41,1273225,incongruent,81.0,1274140.0,correct,81,3000.0,446.77734375,446.77734375,True,True
146,2,2_hz,1276229,42,1280325,congruent,82.0,1281230.0,correct,82,2000.0,441.89453125,441.89453125,True,True
147,2,2_hz,1283594,21,1288714,incongruent,61.0,1289713.0,correct,61,2500.0,487.79296875,487.79296875,True,True
148,2,2_hz,1291583,22,1297727,congruent,62.0,1298792.0,correct,62,3000.0,520.01953125,520.01953125,True,True
149,2,2_hz,1300627,12,1304723,incongruent,52.0,1305680.0,correct,52,2000.0,467.28515625,467.28515625,True,True
150,2,2_hz,1307899,11,1311995,congruent,51.0,1312787.0,correct,51,2000.0,386.71875,386.71875,True,True
151,2,2_hz,1315096,21,1319191,incongruent,61.0,1320180.0,correct,61,1999.51171875,482.91015625,482.91015625,True,True
152,2,2_hz,1322060,41,1328204,incongruent,81.0,1329012.0,correct,81,3000.0,394.53125,394.53125,True,True
153,2,2_hz,1331301,42,1336421,congruent,82.0,1337336.0,correct,82,2500.0,446.77734375,446.77734375,True,True
154,2,2_hz,1339475,32,1345618,incongruent,72.0,1346576.0,correct,72,2999.51171875,467.7734375,467.7734375,True,True
155,2,2_hz,1348655,31,1354799,congruent,71.0,1355387.0,correct,71,3000.0,287.109375,287.109375,True,True
156,3,f_theta_plus,1366677,12,1370809,incongruent,52.0,1371670.0,correct,52,2017.578125,420.41015625,420.41015625,True,True
157,3,f_theta_plus,1373773,22,1379743,congruent,62.0,1380374.0,correct,62,2915.0390625,308.10546875,308.10546875,True,True
158,3,f_theta_plus,1382806,42,1388317,congruent,82.0,1388997.0,correct,82,2690.91796875,332.03125,332.03125,True,True
159,3,f_theta_plus,1391334,11,1395467,congruent,51.0,1396099.0,correct,51,2018.06640625,308.59375,308.59375,True,True
160,3,f_theta_plus,1398515,32,1403106,incongruent,72.0,1403922.0,correct,72,2241.69921875,398.4375,398.4375,True,True
161,3,f_theta_plus,1406026,31,1411537,congruent,71.0,1412136.0,correct,71,2690.91796875,292.48046875,292.48046875,True,True
162,3,f_theta_plus,1414689,41,1419739,incongruent,81.0,1420842.0,correct,81,2465.8203125,538.57421875,538.57421875,True,True
163,3,f_theta_plus,1422653,21,1426786,incongruent,61.0,1427728.0,correct,61,2018.06640625,459.9609375,459.9609375,True,True
164,3,f_theta_plus,1429842,41,1435812,incongruent,81.0,1436549.0,correct,81,2915.0390625,359.86328125,359.86328125,True,True
165,3,f_theta_plus,1438826,31,1443876,congruent,71.0,1444547.0,correct,71,2465.8203125,327.63671875,327.63671875,True,True
166,3,f_theta_plus,1446994,11,1451126,congruent,51.0,1451880.0,correct,51,2017.578125,368.1640625,368.1640625,True,True
167,3,f_theta_plus,1454313,22,1460283,congruent,62.0,1460795.0,correct,62,2915.0390625,250.0,250.0,True,True
168,3,f_theta_plus,1463176,32,1469146,incongruent,72.0,1469855.0,correct,72,2915.0390625,346.19140625,346.19140625,True,True
169,3,f_theta_plus,1472068,21,1476201,incongruent,61.0,1477320.0,correct,61,2018.06640625,546.38671875,546.38671875,True,True
170,3,f_theta_plus,1479431,42,1483564,congruent,82.0,1484441.0,correct,82,2018.06640625,428.22265625,428.22265625,True,True
171,3,f_theta_plus,1486523,12,1491573,incongruent,52.0,1492443.0,correct,52,2465.8203125,424.8046875,424.8046875,True,True
172,3,f_theta_plus,1494522,31,1500492,congruent,71.0,1501147.0,correct,71,2915.0390625,319.82421875,319.82421875,True,True
173,3,f_theta_plus,1503532,42,1508582,congruent,82.0,1509268.0,correct,82,2465.8203125,334.9609375,334.9609375,True,True
174,3,f_theta_plus,1511840,12,1516890,incongruent,52.0,1517550.0,correct,52,2465.8203125,322.265625,322.265625,True,True
175,3,f_theta_plus,1519796,41,1525766,incongruent,81.0,1526836.0,correct,81,2915.0390625,522.4609375,522.4609375,True,True
176,3,f_theta_plus,1528756,21,1534726,incongruent,61.0,1535471.0,correct,61,2915.0390625,363.76953125,363.76953125,True,True
177,3,f_theta_plus,1537619,32,1542211,incongruent,72.0,1543213.0,correct,72,2242.1875,489.2578125,489.2578125,True,True
178,3,f_theta_plus,1545183,11,1549315,congruent,51.0,1550052.0,correct,51,2017.578125,359.86328125,359.86328125,True,True
179,3,f_theta_plus,1552472,22,1558441,congruent,62.0,1559032.0,correct,62,2914.55078125,288.57421875,288.57421875,True,True
180,3,f_theta_plus,1561714,31,1566305,congruent,71.0,1567193.0,correct,71,2241.69921875,433.59375,433.59375,True,True
181,3,f_theta_plus,1569244,12,1574755,incongruent,52.0,1575671.0,correct,52,2690.91796875,447.265625,447.265625,True,True
182,3,f_theta_plus,1577872,32,1583383,incongruent,72.0,1583996.0,correct,72,2690.91796875,299.31640625,299.31640625,True,True
183,3,f_theta_plus,1586570,41,1592081,incongruent,81.0,1593271.0,correct,81,2690.91796875,581.0546875,581.0546875,True,True
184,3,f_theta_plus,1595300,42,1600811,congruent,82.0,1601489.0,correct,82,2690.91796875,331.0546875,331.0546875,True,True
185,3,f_theta_plus,1603977,22,1608110,congruent,62.0,1608776.0,correct,62,2018.06640625,325.1953125,325.1953125,True,True
186,3,f_theta_plus,1611170,11,1615761,congruent,50.0,1616374.0,incorrect,51,2241.69921875,299.31640625,299.31640625,True,True
187,3,f_theta_plus,1618856,21,1624367,incongruent,61.0,1625392.0,correct,61,2690.91796875,500.48828125,500.48828125,True,True
188,4,non_rhythmic,1636196,42,1642165,congruent,82.0,1643181.0,correct,82,2914.55078125,496.09375,496.09375,True,True
189,4,non_rhythmic,1645190,12,1651160,incongruent,50.0,1651766.0,incorrect,52,2915.0390625,295.8984375,295.8984375,True,True
190,4,non_rhythmic,1654195,11,1658786,congruent,51.0,1659840.0,correct,51,2241.69921875,514.6484375,514.6484375,True,True
191,4,non_rhythmic,1661664,21,1665797,incongruent,61.0,1666860.0,correct,61,2018.06640625,519.04296875,519.04296875,True,True
192,4,non_rhythmic,1668674,31,1673724,congruent,71.0,1674473.0,correct,71,2465.8203125,365.72265625,365.72265625,True,True
193,4,non_rhythmic,1676608,32,1682578,incongruent,72.0,1683443.0,correct,72,2915.0390625,422.36328125,422.36328125,True,True
194,4,non_rhythmic,1685754,22,1691265,congruent,62.0,1692032.0,correct,62,2690.91796875,374.51171875,374.51171875,True,True
195,4,non_rhythmic,1694434,41,1698566,incongruent,81.0,1699762.0,correct,81,2017.578125,583.984375,583.984375,True,True
196,4,non_rhythmic,1701546,32,1705679,incongruent,72.0,1706800.0,correct,72,2018.06640625,547.36328125,547.36328125,True,True
197,4,non_rhythmic,1708572,31,1713164,congruent,71.0,1714257.0,correct,71,2242.1875,533.69140625,533.69140625,True,True
198,4,non_rhythmic,1716175,22,1721685,congruent,62.0,1722608.0,correct,62,2690.4296875,450.68359375,450.68359375,True,True
199,4,non_rhythmic,1724674,11,1730184,congruent,51.0,1731191.0,correct,51,2690.4296875,491.69921875,491.69921875,True,True
200,4,non_rhythmic,1733391,42,1737983,congruent,82.0,1738880.0,correct,82,2242.1875,437.98828125,437.98828125,True,True
201,4,non_rhythmic,1741137,12,1747107,incongruent,52.0,1747746.0,correct,52,2915.0390625,312.01171875,312.01171875,True,True
202,4,non_rhythmic,1750029,41,1754621,incongruent,81.0,1755783.0,correct,81,2242.1875,567.3828125,567.3828125,True,True
203,4,non_rhythmic,1757512,21,1763023,incongruent,61.0,1763971.0,correct,61,2690.91796875,462.890625,462.890625,True,True
204,4,non_rhythmic,1765977,22,1771027,congruent,62.0,1772183.0,correct,62,2465.8203125,564.453125,564.453125,True,True
205,4,non_rhythmic,1774281,11,1778414,congruent,51.0,1779428.0,correct,51,2018.06640625,495.1171875,495.1171875,True,True
206,4,non_rhythmic,1781281,31,1786792,congruent,71.0,1787927.0,correct,71,2690.91796875,554.19921875,554.19921875,True,True
207,4,non_rhythmic,1790032,32,1795082,incongruent,72.0,1796157.0,correct,72,2465.8203125,524.90234375,524.90234375,True,True
208,4,non_rhythmic,1798051,12,1804021,incongruent,52.0,1804884.0,correct,52,2915.0390625,421.38671875,421.38671875,True,True
209,4,non_rhythmic,1807098,21,1812148,incongruent,61.0,1813354.0,correct,61,2465.8203125,588.8671875,588.8671875,True,True
210,4,non_rhythmic,1815406,42,1820456,congruent,82.0,1821311.0,correct,82,2465.8203125,417.48046875,417.48046875,True,True
211,4,non_rhythmic,1823723,41,1829234,incongruent,81.0,1830401.0,correct,81,2690.91796875,569.82421875,569.82421875,True,True
212,4,non_rhythmic,1832115,22,1838085,congruent,62.0,1839035.0,correct,62,2915.0390625,463.8671875,463.8671875,True,True
213,4,non_rhythmic,1841329,32,1846379,incongruent,72.0,1847272.0,correct,72,2465.8203125,436.03515625,436.03515625,True,True
214,4,non_rhythmic,1849646,42,1855157,congruent,82.0,1855944.0,correct,82,2690.91796875,384.27734375,384.27734375,True,True
215,4,non_rhythmic,1858433,12,1862566,incongruent,52.0,1863391.0,correct,52,2018.06640625,402.83203125,402.83203125,True,True
216,4,non_rhythmic,1865493,11,1871463,congruent,50.0,1872277.0,incorrect,51,2915.0390625,397.4609375,397.4609375,True,True
217,4,non_rhythmic,1874559,21,1880070,incongruent,61.0,1881066.0,correct,61,2690.91796875,486.328125,486.328125,True,True
218,4,non_rhythmic,1883022,31,1887613,congruent,71.0,1888593.0,correct,71,2241.69921875,478.515625,478.515625,True,True
219,4,non_rhythmic,1890591,41,1895182,incongruent,81.0,1896174.0,correct,81,2241.69921875,484.375,484.375,True,True
220,1,f_theta,1909488,12,1913769,incongruent,52.0,1914670.0,correct,52,2090.33203125,439.94140625,439.94140625,True,True
221,1,f_theta,1916668,42,1921559,congruent,82.0,1922268.0,correct,82,2388.18359375,346.19140625,346.19140625,True,True
222,1,f_theta,1924686,11,1930189,congruent,51.0,1930958.0,correct,51,2687.01171875,375.48828125,375.48828125,True,True
223,1,f_theta,1933270,31,1939382,congruent,71.0,1940219.0,correct,71,2984.375,408.69140625,408.69140625,True,True
224,1,f_theta,1942453,41,1947955,incongruent,81.0,1948832.0,correct,81,2686.5234375,428.22265625,428.22265625,True,True
225,1,f_theta,1950864,32,1956366,incongruent,72.0,1957199.0,correct,72,2686.5234375,406.73828125,406.73828125,True,True
226,1,f_theta,1959454,22,1964957,congruent,62.0,1965620.0,correct,62,2687.01171875,323.73046875,323.73046875,True,True
227,1,f_theta,1968093,21,1974206,incongruent,61.0,1975166.0,correct,61,2984.86328125,468.75,468.75,True,True
228,1,f_theta,1977153,41,1982656,incongruent,81.0,1983680.0,correct,81,2687.01171875,500.0,500.0,True,True
229,1,f_theta,1985564,22,1991067,congruent,62.0,1991822.0,correct,62,2687.01171875,368.65234375,368.65234375,True,True
230,1,f_theta,1994288,21,1999791,incongruent,61.0,2000503.0,correct,61,2687.01171875,347.65625,347.65625,True,True
231,1,f_theta,2002945,42,2009058,congruent,82.0,2010041.0,correct,82,2984.86328125,479.98046875,479.98046875,True,True
232,1,f_theta,2012068,12,2017571,incongruent,50.0,2018613.0,incorrect,52,2687.01171875,508.7890625,508.7890625,True,True
233,1,f_theta,2020586,11,2024866,congruent,51.0,2026088.0,correct,51,2089.84375,596.6796875,596.6796875,True,True
234,1,f_theta,2028100,32,2033603,incongruent,72.0,2034402.0,correct,72,2687.01171875,390.13671875,390.13671875,True,True
235,1,f_theta,2036851,31,2041131,congruent,71.0,2042484.0,correct,71,2089.84375,660.64453125,660.64453125,True,True
236,1,f_theta,2044246,22,2048526,congruent,62.0,2049186.0,correct,62,2089.84375,322.265625,322.265625,True,True
237,1,f_theta,2051608,11,2057111,congruent,51.0,2058081.0,correct,51,2687.01171875,473.6328125,473.6328125,True,True
238,1,f_theta,2060149,32,2065651,incongruent,72.0,2066548.0,correct,72,2686.5234375,437.98828125,437.98828125,True,True
239,1,f_theta,2068897,42,2073788,congruent,82.0,2074550.0,correct,82,2388.18359375,372.0703125,372.0703125,True,True
240,1,f_theta,2077029,41,2083143,incongruent,81.0,2083865.0,correct,81,2985.3515625,352.5390625,352.5390625,True,True
241,1,f_theta,2086205,21,2091707,incongruent,61.0,2092740.0,correct,61,2686.5234375,504.39453125,504.39453125,True,True
242,1,f_theta,2094593,31,2099483,congruent,71.0,2100458.0,correct,71,2387.6953125,476.07421875,476.07421875,True,True
243,1,f_theta,2102742,12,2107022,incongruent,52.0,2108062.0,correct,52,2089.84375,507.8125,507.8125,True,True
244,1,f_theta,2110129,32,2115019,incongruent,72.0,2115720.0,correct,72,2387.6953125,342.28515625,342.28515625,True,True
245,1,f_theta,2118161,22,2123051,congruent,62.0,2123722.0,correct,62,2387.6953125,327.63671875,327.63671875,True,True
246,1,f_theta,2126170,41,2132284,incongruent,81.0,2132935.0,correct,81,2985.3515625,317.87109375,317.87109375,True,True
247,1,f_theta,2135389,31,2139668,congruent,71.0,2140412.0,correct,71,2089.35546875,363.28125,363.28125,True,True
248,1,f_theta,2142669,21,2148782,incongruent,61.0,2149848.0,correct,61,2984.86328125,520.5078125,520.5078125,True,True
249,1,f_theta,2151668,42,2157170,congruent,82.0,2158169.0,correct,82,2686.5234375,487.79296875,487.79296875,True,True
250,1,f_theta,2160082,12,2164363,incongruent,52.0,2165425.0,correct,52,2090.33203125,518.5546875,518.5546875,True,True
251,1,f_theta,2167369,11,2172872,congruent,51.0,2173568.0,correct,51,2687.01171875,339.84375,339.84375,True,True
252,2,2_hz,2225106,22,2230226,congruent,62.0,2231277.0,correct,62,2500.0,513.18359375,513.18359375,True,True
253,2,2_hz,2233167,32,2237263,incongruent,72.0,2238207.0,correct,72,2000.0,460.9375,460.9375,True,True
254,2,2_hz,2240476,21,2244572,incongruent,61.0,2245486.0,correct,61,2000.0,446.2890625,446.2890625,True,True
255,2,2_hz,2247640,12,2252760,incongruent,52.0,2253606.0,correct,52,2500.0,413.0859375,413.0859375,True,True
256,2,2_hz,2256014,42,2260110,congruent,82.0,2260770.0,correct,82,2000.0,322.265625,322.265625,True,True
257,2,2_hz,2263373,31,2269516,congruent,71.0,2270063.0,correct,71,2999.51171875,267.08984375,267.08984375,True,True
258,2,2_hz,2272543,11,2278687,congruent,51.0,2279730.0,correct,51,3000.0,509.27734375,509.27734375,True,True
259,2,2_hz,2281689,41,2285785,incongruent,81.0,2286626.0,correct,81,2000.0,410.64453125,410.64453125,True,True
260,2,2_hz,2288785,21,2294929,incongruent,61.0,2295801.0,correct,61,3000.0,425.78125,425.78125,True,True
261,2,2_hz,2297939,22,2302035,congruent,62.0,2302896.0,correct,62,2000.0,420.41015625,420.41015625,True,True
262,2,2_hz,2305276,11,2309371,congruent,51.0,2310201.0,correct,51,1999.51171875,405.2734375,405.2734375,True,True
263,2,2_hz,2312579,42,2317698,congruent,82.0,2318344.0,correct,82,2499.51171875,315.4296875,315.4296875,True,True
264,2,2_hz,2320652,41,2324747,incongruent,81.0,2325614.0,correct,81,1999.51171875,423.33984375,423.33984375,True,True
265,2,2_hz,2327924,12,2332020,incongruent,52.0,2333072.0,correct,52,2000.0,513.671875,513.671875,True,True
266,2,2_hz,2334981,32,2339077,incongruent,72.0,2339812.0,correct,72,2000.0,358.88671875,358.88671875,True,True
267,2,2_hz,2342009,31,2346105,congruent,71.0,2347368.0,correct,71,2000.0,616.69921875,616.69921875,True,True
268,2,2_hz,2349026,12,2353122,incongruent,52.0,2354327.0,correct,52,2000.0,588.37890625,588.37890625,True,True
269,2,2_hz,2356300,32,2361420,incongruent,72.0,2362356.0,correct,72,2500.0,457.03125,457.03125,True,True
270,2,2_hz,2364330,31,2368426,congruent,71.0,2369234.0,correct,71,2000.0,394.53125,394.53125,True,True
271,2,2_hz,2371675,11,2375770,congruent,51.0,2376676.0,correct,51,1999.51171875,442.3828125,442.3828125,True,True
272,2,2_hz,2378783,22,2384926,congruent,62.0,2385871.0,correct,62,2999.51171875,461.42578125,461.42578125,True,True
273,2,2_hz,2387802,21,2392922,incongruent,61.0,2394205.0,correct,61,2500.0,626.46484375,626.46484375,True,True
274,2,2_hz,2396147,42,2400243,congruent,82.0,2401380.0,correct,82,2000.0,555.17578125,555.17578125,True,True
275,2,2_hz,2403287,41,2407386,incongruent,81.0,2409047.0,correct,81,2001.46484375,811.03515625,811.03515625,True,True
276,2,2_hz,2410389,42,2415509,congruent,82.0,2416527.0,correct,82,2500.0,497.0703125,497.0703125,True,True
277,2,2_hz,2418771,11,2424915,congruent,51.0,2425803.0,correct,51,3000.0,433.59375,433.59375,True,True
278,2,2_hz,2428116,12,2434260,incongruent,52.0,2435142.0,correct,52,3000.0,430.6640625,430.6640625,True,True
279,2,2_hz,2437325,32,2442445,incongruent,72.0,2443326.0,correct,72,2500.0,430.17578125,430.17578125,True,True
280,2,2_hz,2445632,41,2449728,incongruent,81.0,2450861.0,correct,81,2000.0,553.22265625,553.22265625,True,True
281,2,2_hz,2452847,22,2458991,congruent,62.0,2459903.0,correct,62,3000.0,445.3125,445.3125,True,True
282,2,2_hz,2461944,31,2468088,congruent,71.0,2469267.0,correct,71,3000.0,575.68359375,575.68359375,True,True
283,2,2_hz,2471218,21,2476337,incongruent,61.0,2477338.0,correct,61,2499.51171875,488.76953125,488.76953125,True,True
284,4,non_rhythmic,2489634,32,2494684,incongruent,72.0,2495660.0,correct,72,2465.8203125,476.5625,476.5625,True,True
285,4,non_rhythmic,2497707,41,2503677,incongruent,81.0,2504525.0,correct,81,2915.0390625,414.0625,414.0625,True,True
286,4,non_rhythmic,2506619,21,2511211,incongruent,61.0,2512246.0,correct,61,2242.1875,505.37109375,505.37109375,True,True
287,4,non_rhythmic,2514257,42,2518389,congruent,82.0,2519313.0,correct,82,2017.578125,451.171875,451.171875,True,True
288,4,non_rhythmic,2521518,12,2526569,incongruent,52.0,2527427.0,correct,52,2466.30859375,418.9453125,418.9453125,True,True
289,4,non_rhythmic,2529532,31,2535043,congruent,71.0,2535773.0,correct,71,2690.91796875,356.4453125,356.4453125,True,True
290,4,non_rhythmic,2537999,22,2542590,congruent,62.0,2543478.0,correct,62,2241.69921875,433.59375,433.59375,True,True
291,4,non_rhythmic,2545515,11,2549647,congruent,51.0,2550542.0,correct,51,2017.578125,437.01171875,437.01171875,True,True
292,4,non_rhythmic,2552877,22,2557468,congruent,62.0,2558292.0,correct,62,2241.69921875,402.34375,402.34375,True,True
293,4,non_rhythmic,2560471,21,2565521,incongruent,61.0,2566627.0,correct,61,2465.8203125,540.0390625,540.0390625,True,True
294,4,non_rhythmic,2568628,42,2573219,congruent,82.0,2574036.0,correct,82,2241.69921875,398.92578125,398.92578125,True,True
295,4,non_rhythmic,2576428,41,2580561,incongruent,81.0,2581490.0,correct,81,2018.06640625,453.61328125,453.61328125,True,True
296,4,non_rhythmic,2583647,11,2588239,congruent,51.0,2589130.0,correct,51,2242.1875,435.05859375,435.05859375,True,True
297,4,non_rhythmic,2591391,32,2597360,incongruent,72.0,2598159.0,correct,72,2914.55078125,390.13671875,390.13671875,True,True
298,4,non_rhythmic,2600227,31,2605278,congruent,71.0,2606121.0,correct,71,2466.30859375,411.62109375,411.62109375,True,True
299,4,non_rhythmic,2608377,12,2612509,incongruent,52.0,2613309.0,correct,52,2017.578125,390.625,390.625,True,True
300,4,non_rhythmic,2615733,31,2620324,congruent,71.0,2621259.0,correct,71,2241.69921875,456.54296875,456.54296875,True,True
301,4,non_rhythmic,2623505,42,2628096,congruent,82.0,2628953.0,correct,82,2241.69921875,418.45703125,418.45703125,True,True
302,4,non_rhythmic,2631367,11,2635500,congruent,51.0,2636239.0,correct,51,2018.06640625,360.83984375,360.83984375,True,True
303,4,non_rhythmic,2638727,12,2643319,incongruent,52.0,2644177.0,correct,52,2242.1875,418.9453125,418.9453125,True,True
304,4,non_rhythmic,2646516,22,2652485,congruent,62.0,2653368.0,correct,62,2914.55078125,431.15234375,431.15234375,True,True
305,4,non_rhythmic,2655748,32,2660798,incongruent,72.0,2661693.0,correct,72,2465.8203125,437.01171875,437.01171875,True,True
306,4,non_rhythmic,2663989,21,2669500,incongruent,61.0,2670385.0,correct,61,2690.91796875,432.12890625,432.12890625,True,True
307,4,non_rhythmic,2672433,41,2677943,incongruent,81.0,2679035.0,correct,81,2690.4296875,533.203125,533.203125,True,True
308,4,non_rhythmic,2680843,12,2685894,incongruent,52.0,2686804.0,correct,52,2466.30859375,444.3359375,444.3359375,True,True
309,4,non_rhythmic,2689013,32,2693145,incongruent,72.0,2693964.0,correct,72,2017.578125,399.90234375,399.90234375,True,True
310,4,non_rhythmic,2696258,21,2700850,incongruent,61.0,2702097.0,correct,61,2242.1875,608.88671875,608.88671875,True,True
311,4,non_rhythmic,2703748,11,2709718,congruent,51.0,2710535.0,correct,51,2915.0390625,398.92578125,398.92578125,True,True
312,4,non_rhythmic,2712683,41,2718194,incongruent,81.0,2719058.0,correct,81,2690.91796875,421.875,421.875,True,True
313,4,non_rhythmic,2721297,42,2727266,congruent,82.0,2728216.0,correct,82,2914.55078125,463.8671875,463.8671875,True,True
314,4,non_rhythmic,2730281,31,2735331,congruent,71.0,2736299.0,correct,71,2465.8203125,472.65625,472.65625,True,True
315,4,non_rhythmic,2738273,22,2744242,congruent,62.0,2745131.0,correct,62,2914.55078125,434.08203125,434.08203125,True,True
316,3,f_theta_plus,2756729,42,2761780,congruent,82.0,2762668.0,correct,82,2466.30859375,433.59375,433.59375,True,True
317,3,f_theta_plus,2764649,11,2768782,congruent,51.0,2769482.0,correct,51,2018.06640625,341.796875,341.796875,True,True
318,3,f_theta_plus,2772036,41,2776169,incongruent,81.0,2777105.0,correct,81,2018.06640625,457.03125,457.03125,True,True
319,3,f_theta_plus,2779138,12,2785108,incongruent,52.0,2785910.0,correct,52,2915.0390625,391.6015625,391.6015625,True,True
320,3,f_theta_plus,2788298,22,2792890,congruent,62.0,2793626.0,correct,62,2242.1875,359.375,359.375,True,True
321,3,f_theta_plus,2795921,32,2801891,incongruent,72.0,2802979.0,correct,72,2915.0390625,531.25,531.25,True,True
322,3,f_theta_plus,2805098,21,2809231,incongruent,61.0,2810257.0,correct,61,2018.06640625,500.9765625,500.9765625,True,True
323,3,f_theta_plus,2812460,31,2816593,congruent,71.0,2817278.0,correct,71,2018.06640625,334.47265625,334.47265625,True,True
324,3,f_theta_plus,2819768,11,2824359,congruent,51.0,2825048.0,correct,51,2241.69921875,336.42578125,336.42578125,True,True
325,3,f_theta_plus,2827487,21,2831619,incongruent,61.0,2832413.0,correct,61,2017.578125,387.6953125,387.6953125,True,True
326,3,f_theta_plus,2834529,41,2840040,incongruent,81.0,2840857.0,correct,81,2690.91796875,398.92578125,398.92578125,True,True
327,3,f_theta_plus,2843233,12,2847366,incongruent,52.0,2848176.0,correct,52,2018.06640625,395.5078125,395.5078125,True,True
328,3,f_theta_plus,2850354,22,2855865,congruent,62.0,2856731.0,correct,62,2690.91796875,422.8515625,422.8515625,True,True
329,3,f_theta_plus,2858787,31,2862920,congruent,71.0,2864164.0,correct,71,2018.06640625,607.421875,607.421875,True,True
330,3,f_theta_plus,2865919,42,2870968,congruent,82.0,2871858.0,correct,82,2465.33203125,434.5703125,434.5703125,True,True
331,3,f_theta_plus,2874243,32,2878376,incongruent,72.0,2879225.0,correct,72,2018.06640625,414.55078125,414.55078125,True,True
332,3,f_theta_plus,2881566,41,2886617,incongruent,81.0,2887655.0,correct,81,2466.30859375,506.8359375,506.8359375,True,True
333,3,f_theta_plus,2889506,21,2895476,incongruent,61.0,2896709.0,correct,61,2915.0390625,602.05078125,602.05078125,True,True
334,3,f_theta_plus,2898612,42,2903662,congruent,82.0,2904561.0,correct,82,2465.8203125,438.96484375,438.96484375,True,True
335,3,f_theta_plus,2906529,31,2911121,congruent,71.0,2912108.0,correct,71,2242.1875,481.93359375,481.93359375,True,True
336,3,f_theta_plus,2914330,11,2919380,congruent,51.0,2920106.0,correct,51,2465.8203125,354.4921875,354.4921875,True,True
337,3,f_theta_plus,2922458,12,2927050,incongruent,52.0,2928076.0,correct,52,2242.1875,500.9765625,500.9765625,True,True
338,3,f_theta_plus,2930009,22,2934142,congruent,62.0,2935461.0,correct,62,2018.06640625,644.04296875,644.04296875,True,True
339,3,f_theta_plus,2937359,32,2941492,incongruent,72.0,2942317.0,correct,72,2018.06640625,402.83203125,402.83203125,True,True
340,3,f_theta_plus,2944641,31,2949692,congruent,71.0,2950434.0,correct,71,2466.30859375,362.3046875,362.3046875,True,True
341,3,f_theta_plus,2952621,21,2957671,incongruent,61.0,2959505.0,correct,61,2465.8203125,895.5078125,895.5078125,True,True
342,3,f_theta_plus,2960806,41,2965398,incongruent,81.0,2966245.0,correct,81,2242.1875,413.57421875,413.57421875,True,True
343,3,f_theta_plus,2968529,12,2974040,incongruent,52.0,2974903.0,correct,52,2690.91796875,421.38671875,421.38671875,True,True
344,3,f_theta_plus,2977302,42,2981894,congruent,82.0,2982869.0,correct,82,2242.1875,476.07421875,476.07421875,True,True
345,3,f_theta_plus,2984775,32,2990286,incongruent,72.0,2991156.0,correct,72,2690.91796875,424.8046875,424.8046875,True,True
346,3,f_theta_plus,2993209,22,2998259,congruent,62.0,2999037.0,correct,62,2465.8203125,379.8828125,379.8828125,True,True
347,3,f_theta_plus,3001354,11,3005945,congruent,51.0,3006937.0,correct,51,2241.69921875,484.375,484.375,True,True
348,1,f_theta,3018199,22,3022480,congruent,62.0,3023518.0,correct,62,2090.33203125,506.8359375,506.8359375,True,True
349,1,f_theta,3025406,42,3030909,congruent,82.0,3031572.0,correct,82,2687.01171875,323.73046875,323.73046875,True,True
350,1,f_theta,3033854,32,3038134,incongruent,72.0,3038824.0,correct,72,2089.84375,336.9140625,336.9140625,True,True
351,1,f_theta,3041323,12,3046826,incongruent,52.0,3047752.0,correct,52,2687.01171875,452.1484375,452.1484375,True,True
352,1,f_theta,3049752,31,3055865,congruent,71.0,3056512.0,correct,71,2984.86328125,315.91796875,315.91796875,True,True
353,1,f_theta,3059110,11,3063390,congruent,51.0,3064278.0,correct,51,2089.84375,433.59375,433.59375,True,True
354,1,f_theta,3066579,21,3071469,incongruent,61.0,3072413.0,correct,61,2387.6953125,460.9375,460.9375,True,True
355,1,f_theta,3074678,41,3080181,incongruent,81.0,3080899.0,correct,81,2687.01171875,350.5859375,350.5859375,True,True
356,1,f_theta,3083302,22,3088192,congruent,62.0,3089238.0,correct,62,2387.6953125,510.7421875,510.7421875,True,True
357,1,f_theta,3091121,11,3096011,congruent,51.0,3097203.0,correct,51,2387.6953125,582.03125,582.03125,True,True
358,1,f_theta,3098897,21,3103788,incongruent,61.0,3104734.0,correct,61,2388.18359375,461.9140625,461.9140625,True,True
359,1,f_theta,3106975,32,3112477,incongruent,72.0,3113332.0,correct,72,2686.5234375,417.48046875,417.48046875,True,True
360,1,f_theta,3115747,42,3121251,congruent,82.0,3122587.0,correct,82,2687.5,652.34375,652.34375,True,True
361,1,f_theta,3124494,12,3129393,incongruent,52.0,3130170.0,correct,52,2392.08984375,379.39453125,379.39453125,True,True
362,1,f_theta,3132506,41,3138619,incongruent,81.0,3139284.0,correct,81,2984.86328125,324.70703125,324.70703125,True,True
363,1,f_theta,3141583,31,3147085,congruent,71.0,3147727.0,correct,71,2686.5234375,313.4765625,313.4765625,True,True
364,1,f_theta,3150031,41,3154921,incongruent,81.0,3155659.0,correct,81,2387.6953125,360.3515625,360.3515625,True,True
365,1,f_theta,3158153,12,3164266,incongruent,52.0,3165144.0,correct,52,2984.86328125,428.7109375,428.7109375,True,True
366,1,f_theta,3167143,11,3172034,congruent,51.0,3173108.0,correct,51,2388.18359375,524.4140625,524.4140625,True,True
367,1,f_theta,3175184,21,3179464,incongruent,61.0,3181293.0,correct,61,2089.84375,893.06640625,893.06640625,True,True
368,1,f_theta,3182636,22,3186916,congruent,62.0,3187944.0,correct,62,2089.84375,501.953125,501.953125,True,True
369,1,f_theta,3189871,31,3194152,congruent,75.0,3196198.0,omission,71,2090.33203125,999.0234375,,False,True
370,1,f_theta,3197072,32,3203185,incongruent,72.0,3204134.0,correct,72,2984.86328125,463.37890625,463.37890625,True,True
371,1,f_theta,3206456,42,3211959,congruent,82.0,3212911.0,correct,82,2687.01171875,464.84375,464.84375,True,True
372,1,f_theta,3215213,22,3220716,congruent,65.0,3222762.0,omission,62,2687.01171875,999.0234375,,False,True
373,1,f_theta,3223931,31,3228211,congruent,71.0,3229534.0,correct,71,2089.84375,645.99609375,645.99609375,True,True
374,1,f_theta,3231316,32,3236819,incongruent,72.0,3237794.0,correct,72,2687.01171875,476.07421875,476.07421875,True,True
375,1,f_theta,3239942,42,3245445,congruent,82.0,3246190.0,correct,82,2687.01171875,363.76953125,363.76953125,True,True
376,1,f_theta,3248633,11,3252914,congruent,51.0,3253846.0,correct,51,2090.33203125,455.078125,455.078125,True,True
377,1,f_theta,3255838,41,3260729,incongruent,81.0,3261576.0,correct,81,2388.18359375,413.57421875,413.57421875,True,True
378,1,f_theta,3263746,12,3269858,incongruent,52.0,3270636.0,correct,52,2984.375,379.8828125,379.8828125,True,True
379,1,f_theta,3272965,21,3277860,incongruent,61.0,3278919.0,correct,61,2390.13671875,517.08984375,517.08984375,True,True
