n,coefficient_per_mmse_sd,standard_error,p_value,r_squared,family,outcome,model,q_bh
33,-0.05855811236926667,0.24400540547422625,0.8103403755553076,0.07869149596648306,primary,central_minus_frontal_snr_db,incremental_over_local_snr,0.8109201549602456
33,-0.01883537398849786,0.22137611242082983,0.932195296820176,0.01750917390518758,primary,central_minus_frontal_snr_db,age_sex_adjusted,0.932195296820176
33,-0.0006271797956825796,0.002621560158211247,0.8109201549602456,0.2808541417731294,primary,csd_central_frontal_abs_imcoh,incremental_over_local_snr,0.8109201549602456
33,-0.0006716735801818468,0.0025338557137329974,0.7909481053799234,0.2804222822899889,primary,csd_central_frontal_abs_imcoh,age_sex_adjusted,0.932195296820176
33,0.0018847330381171104,0.003336590649027524,0.5721636014306609,0.39919534388223765,exploratory,central_frontal_dwpli2,incremental_over_local_snr,0.9953462621295998
33,0.0014198295086051244,0.0034382927220001237,0.6796461175866733,0.34268791368957063,exploratory,central_frontal_dwpli2,age_sex_adjusted,0.8826937567925888
33,-0.0005493947819955009,0.0014522592303683253,0.7052051291820896,0.29559313586829516,exploratory,csd_central_frontal_dwpli2,incremental_over_local_snr,0.9953462621295998
33,-0.0005805773511845475,0.0014264649303349717,0.6840048347753943,0.29516301026606373,exploratory,csd_central_frontal_dwpli2,age_sex_adjusted,0.8826937567925888
33,-0.026912654461854636,0.05670441882492865,0.6350628369541326,0.03866572572079374,exploratory,block_adaptation_slope_db_per_block,incremental_over_local_snr,0.9953462621295998
33,-0.027292154157811395,0.052821553161080385,0.6053754083887424,0.03843598638148238,exploratory,block_adaptation_slope_db_per_block,age_sex_adjusted,0.8826937567925888
33,0.0005954117403596925,0.10208291798692912,0.9953462621295998,0.16328351760217996,exploratory,within_block_slope_db_per_quartile,incremental_over_local_snr,0.9953462621295998
33,0.01562714887590976,0.10590708635152458,0.8826937567925888,0.041578057040076444,exploratory,within_block_slope_db_per_quartile,age_sex_adjusted,0.8826937567925888
33,0.03915089090956232,0.32284338216389646,0.9034779810427579,0.10205668524439637,exploratory,q4_minus_q1_snr_db,incremental_over_local_snr,0.9953462621295998
33,0.06902845937600288,0.32526396742597935,0.8319331493343927,0.0543656874960502,exploratory,q4_minus_q1_snr_db,age_sex_adjusted,0.8826937567925888
