subject,frequency_hz,half,hits,misses,false_alarms,correct_rejections,dprime
sub-10025,27,0,15,0,1,84,3.972437478072987
sub-10025,27,1,11,4,3,82,2.3217788532345356
sub-10025,40,0,14,1,2,83,3.212655248125068
sub-10025,40,1,11,4,3,82,2.3217788532345356
sub-10036,27,0,14,1,3,82,3.060657588282517
sub-10036,27,1,14,1,4,81,2.9407220657249784
sub-10036,40,0,12,3,0,85,3.299661585170988
sub-10036,40,1,13,2,0,85,3.5332299932726423
sub-10129,27,0,15,0,1,84,3.972437478072987
sub-10129,27,1,15,0,0,85,4.385971691444712
sub-10129,40,0,15,0,2,83,3.7573762182431825
sub-10129,40,1,15,0,1,84,3.972437478072987
sub-10170,27,0,15,0,4,81,3.485443035843093
sub-10170,27,1,12,3,1,84,2.8861273717992635
sub-10170,40,0,14,1,4,81,2.9407220657249784
sub-10170,40,1,14,1,4,81,2.9407220657249784
sub-10177,27,0,7,8,1,83,2.0265553118238735
sub-10177,27,1,9,6,3,81,1.9743960665843554
sub-10177,40,0,7,8,2,83,1.8162319380884187
sub-10177,40,1,8,7,1,84,2.188118023384448
sub-10182,27,0,10,5,11,74,1.5112229942755533
sub-10182,27,1,9,6,6,79,1.6726384705833386
sub-10182,40,0,9,6,6,79,1.6726384705833386
sub-10182,40,1,11,4,14,71,1.5388260461835483
sub-10214,27,0,15,0,0,85,4.385971691444712
sub-10214,27,1,14,1,0,85,3.841250721326597
sub-10214,40,0,1,14,3,82,0.4246357936754428
sub-10214,40,1,1,14,1,84,0.7916947133477987
sub-10258,27,0,11,4,2,83,2.473776513077087
sub-10258,27,1,11,4,1,84,2.6888377729068917
sub-10258,40,0,13,2,0,85,3.5332299932726423
sub-10258,40,1,13,2,3,82,2.752636860228562
sub-10260,27,0,13,2,2,83,2.904634520071113
sub-10260,27,1,12,3,3,82,2.5190684521269073
sub-10260,40,0,12,3,2,83,2.6710661119694588
sub-10260,40,1,11,4,3,82,2.3217788532345356
sub-10310,27,0,14,1,0,85,3.841250721326597
sub-10310,27,1,14,1,0,85,3.841250721326597
sub-10310,40,0,14,1,1,84,3.4277165079548726
sub-10310,40,1,15,0,0,85,4.385971691444712
sub-10314,27,0,13,2,0,85,3.5332299932726423
sub-10314,27,1,13,2,1,84,3.1196957799009177
sub-10314,40,0,11,4,1,84,2.6888377729068917
sub-10314,40,1,14,1,2,83,3.212655248125068
sub-10354,27,0,15,0,3,82,3.6053785584006315
sub-10354,27,1,15,0,3,82,3.6053785584006315
sub-10354,40,0,14,1,1,84,3.4277165079548726
sub-10354,40,1,11,4,1,84,2.6888377729068917
sub-10400,27,0,14,1,3,82,3.060657588282517
sub-10400,27,1,14,1,5,80,2.8404185171362952
sub-10400,40,0,15,0,0,85,4.385971691444712
sub-10400,40,1,11,4,3,82,2.3217788532345356
sub-10434,27,0,12,3,4,81,2.3991329295693693
sub-10434,27,1,14,1,3,82,3.060657588282517
sub-10434,40,0,10,5,7,78,1.7603921463543357
sub-10434,40,1,8,7,11,74,1.1873853416869402
sub-10520,27,0,11,4,6,79,2.014568523510107
sub-10520,27,1,14,1,6,79,2.753447258558088
sub-10520,40,0,8,7,2,83,1.9730567635546432
sub-10520,40,1,8,7,1,84,2.188118023384448
sub-10741,27,0,15,0,0,85,4.385971691444712
sub-10741,27,1,15,0,0,85,4.385971691444712
sub-10741,40,0,13,2,1,84,3.1196957799009177
sub-10741,40,1,14,1,1,84,3.4277165079548726
sub-10747,27,0,13,2,0,85,3.5332299932726423
sub-10747,27,1,12,3,2,83,2.6710661119694588
sub-10747,40,0,14,1,2,83,3.212655248125068
sub-10747,40,1,15,0,2,83,3.7573762182431825
sub-10752,27,0,13,2,4,81,2.6327013376710235
sub-10752,27,1,13,2,2,83,2.904634520071113
sub-10752,40,0,12,3,1,84,2.8861273717992635
sub-10752,40,1,9,6,1,84,2.3469077199801234
sub-10764,27,0,13,2,0,85,3.5332299932726423
sub-10764,27,1,14,1,1,84,3.4277165079548726
sub-10764,40,0,12,3,2,83,2.6710661119694588
sub-10764,40,1,11,4,2,83,2.473776513077087
sub-10769,27,0,14,1,4,81,2.9407220657249784
sub-10769,27,1,15,0,3,82,3.6053785584006315
sub-10769,40,0,13,2,1,84,3.1196957799009177
sub-10769,40,1,15,0,0,85,4.385971691444712
sub-10787,27,0,15,0,0,85,4.385971691444712
sub-10787,27,1,11,4,0,85,3.1023719862786163
sub-10787,40,0,6,9,4,81,1.385509059092654
sub-10787,40,1,6,9,3,82,1.505444581650192
sub-10788,27,0,13,2,2,83,2.904634520071113
sub-10788,27,1,13,2,5,80,2.5323977890823404
sub-10788,40,0,7,8,3,82,1.6642342782458674
sub-10788,40,1,11,4,5,80,2.1015397820883144
sub-10790,27,0,18,1,0,106,4.038670387376393
sub-10790,27,1,17,1,1,105,3.6089504902397596
sub-10790,40,0,18,1,2,104,3.428279951100336
sub-10790,40,1,18,0,0,105,4.5338457002457915
sub-10825,27,0,13,2,4,81,2.6327013376710235
sub-10825,27,1,15,0,3,81,3.599925824677219
sub-10825,40,0,4,11,2,83,1.3155121885659748
sub-10825,40,1,2,13,0,85,1.5132496547734782
sub-10842,27,0,14,1,9,76,2.542069204700346
sub-10842,27,1,14,1,13,72,2.324971955124192
sub-10842,40,0,8,7,8,77,1.3666179683115502
sub-10842,40,1,6,9,4,81,1.385509059092654
sub-10846,27,0,14,1,0,85,3.841250721326597
sub-10846,27,1,14,1,0,85,3.841250721326597
sub-10846,40,0,9,6,1,84,2.3469077199801234
sub-10846,40,1,14,1,0,85,3.841250721326597
sub-10862,27,0,15,0,0,85,4.385971691444712
sub-10862,27,1,13,2,0,85,3.5332299932726423
sub-10862,40,0,12,3,2,83,2.6710661119694588
sub-10862,40,1,12,3,3,82,2.5190684521269073
sub-10876,27,0,13,2,2,83,2.904634520071113
sub-10876,27,1,13,2,2,83,2.904634520071113
sub-10876,40,0,15,0,0,85,4.385971691444712
sub-10876,40,1,15,0,1,84,3.972437478072987
sub-10883,27,0,14,1,1,84,3.4277165079548726
sub-10883,27,1,15,0,0,85,4.385971691444712
sub-10883,40,0,15,0,0,85,4.385971691444712
sub-10883,40,1,14,1,0,85,3.841250721326597
sub-10918,27,0,7,8,3,82,1.6642342782458674
sub-10918,27,1,10,5,0,85,2.9254898893447856
sub-10918,40,0,14,1,1,84,3.4277165079548726
sub-10918,40,1,14,1,4,81,2.9407220657249784
sub-10959,27,0,1,14,8,120,0.189097222898154
sub-10959,27,1,0,15,11,116,-0.5210140263413976
sub-10959,40,0,5,18,3,82,1.0010526471174632
sub-10959,40,1,3,19,3,82,0.7154924180639803
sub-10970,27,0,13,2,0,85,3.5332299932726423
sub-10970,27,1,13,2,0,85,3.5332299932726423
sub-10970,40,0,14,1,1,84,3.4277165079548726
sub-10970,40,1,14,1,2,83,3.212655248125068
sub-10990,27,0,14,1,1,84,3.4277165079548726
sub-10990,27,1,12,3,0,85,3.299661585170988
sub-10990,40,0,14,1,2,83,3.212655248125068
sub-10990,40,1,12,3,3,82,2.5190684521269073
sub-11038,27,0,14,1,2,83,3.212655248125068
sub-11038,27,1,15,0,6,79,3.2981682286762024
sub-11038,40,0,14,1,9,76,2.542069204700346
sub-11038,40,1,14,1,14,71,2.277704781231529
sub-11049,27,0,14,1,6,79,2.753447258558088
sub-11049,27,1,14,1,5,80,2.8404185171362952
sub-11049,40,0,13,2,4,81,2.6327013376710235
sub-11049,40,1,15,0,2,83,3.7573762182431825
sub-11062,27,0,15,0,0,85,4.385971691444712
sub-11062,27,1,15,0,0,85,4.385971691444712
sub-11062,40,0,15,0,1,84,3.972437478072987
sub-11062,40,1,14,1,1,84,3.4277165079548726
sub-11074,27,0,15,0,31,54,2.204456491011239
sub-11074,27,1,12,2,31,54,1.3091461896912888
sub-11074,40,0,9,6,25,60,0.7716621975445517
sub-11074,40,1,8,7,32,53,0.38939487586216537
sub-11152,27,0,2,13,5,80,0.5124174505831762
sub-11152,27,1,1,14,5,80,0.20439672252922136
sub-11152,40,0,1,14,3,82,0.4246357936754428
sub-11152,40,1,1,14,6,79,0.11742546395101394
sub-11161,27,0,1,14,2,83,0.576633453517994
sub-11161,27,1,3,12,5,80,0.7459858586848306
sub-11161,40,0,15,0,70,14,0.9108885910180159
sub-11161,40,1,15,0,66,18,1.0825674738186786
sub-11181,27,0,8,7,50,35,-0.14195965766195215
sub-11181,27,1,5,10,50,35,-0.6226221357167897
sub-11181,40,0,11,4,34,51,0.8294706674345186
sub-11181,40,1,9,6,29,56,0.6414281426253567
sub-11204,27,0,15,0,0,85,4.385971691444712
sub-11204,27,1,14,1,6,79,2.753447258558088
sub-11204,40,0,15,0,2,83,3.7573762182431825
sub-11204,40,1,14,1,2,83,3.212655248125068
sub-11215,27,0,11,4,73,11,-0.5225767634386972
sub-11215,27,1,12,2,74,10,-0.19010124886164514
sub-11215,40,0,14,1,67,18,0.5292171389309798
sub-11215,40,1,13,2,66,19,0.2603780874065791
sub-11227,27,0,15,0,4,81,3.485443035843093
sub-11227,27,1,14,1,0,85,3.841250721326597
sub-11227,40,0,13,2,0,85,3.5332299932726423
sub-11227,40,1,13,2,0,85,3.5332299932726423
sub-11229,27,0,14,1,1,84,3.4277165079548726
sub-11229,27,1,12,3,3,82,2.5190684521269073
sub-11229,40,0,14,1,5,80,2.8404185171362952
sub-11229,40,1,12,3,4,81,2.3991329295693693
sub-11235,27,0,9,6,2,83,2.1318464601503186
sub-11235,27,1,5,10,2,82,1.4872598950117046
sub-11235,40,0,9,6,5,80,1.759609729161546
sub-11235,40,1,9,6,5,80,1.759609729161546
sub-11242,27,0,11,4,9,76,1.8031904696523653
sub-11242,27,1,14,1,5,80,2.8404185171362952
sub-11242,40,0,10,5,6,79,1.8376864265762762
sub-11242,40,1,11,4,5,80,2.1015397820883144
sub-11243,27,0,14,1,0,85,3.841250721326597
sub-11243,27,1,14,1,1,84,3.4277165079548726
sub-11243,40,0,14,1,2,83,3.212655248125068
sub-11243,40,1,14,1,4,81,2.9407220657249784
sub-11244,27,0,13,2,2,83,2.904634520071113
sub-11244,27,1,9,6,0,85,2.760441933351848
sub-11244,40,0,13,2,2,83,2.904634520071113
sub-11244,40,1,13,2,5,80,2.5323977890823404
sub-11256,27,0,13,2,0,85,3.5332299932726423
sub-11256,27,1,14,1,1,84,3.4277165079548726
sub-11256,40,0,15,0,0,85,4.385971691444712
sub-11256,40,1,10,5,1,84,2.511955675973061
sub-11274,27,0,12,3,1,84,2.8861273717992635
sub-11274,27,1,12,3,0,85,3.299661585170988
sub-11274,40,0,7,8,9,76,1.145645894663697
sub-11274,40,1,8,7,7,78,1.4365544937657226
sub-11321,27,0,15,0,2,83,3.7573762182431825
sub-11321,27,1,12,3,0,85,3.299661585170988
sub-11321,40,0,15,0,21,64,2.537221617617733
sub-11321,40,1,15,0,20,65,2.5742807249895883
sub-11323,27,0,14,9,73,55,0.08836485581025522
sub-11323,27,1,16,6,59,67,0.6541403965935703
sub-11323,40,0,15,9,34,93,0.9197120771596426
sub-11323,40,1,12,9,38,89,0.6939019672355135
sub-11325,27,0,15,0,33,52,2.1432633600146516
sub-11325,27,1,15,0,30,55,2.235525119368843
sub-11325,40,0,15,0,12,73,2.9193242151000574
sub-11325,40,1,15,0,16,69,2.7337927152713233
sub-11335,27,0,13,2,8,103,2.443242588204636
sub-11335,27,1,10,5,16,95,1.4502408403055957
sub-11335,40,0,12,7,2,83,2.213283714785906
sub-11335,40,1,15,4,3,82,2.498061717339449
sub-11386,27,0,15,0,1,84,3.972437478072987
sub-11386,27,1,14,1,4,81,2.9407220657249784
sub-11386,40,0,13,2,2,83,2.904634520071113
sub-11386,40,1,12,3,2,83,2.6710661119694588
sub-11391,27,0,14,1,2,83,3.212655248125068
sub-11391,27,1,14,1,1,84,3.4277165079548726
sub-11391,40,0,14,1,0,85,3.841250721326597
sub-11391,40,1,15,0,0,85,4.385971691444712
sub-11423,27,0,15,0,0,85,4.385971691444712
sub-11423,27,1,15,0,0,85,4.385971691444712
sub-11423,40,0,15,0,2,83,3.7573762182431825
sub-11423,40,1,15,0,1,84,3.972437478072987
sub-11453,27,0,10,5,9,76,1.6263083727185346
sub-11453,27,1,7,8,9,76,1.145645894663697
sub-11453,40,0,13,2,12,73,2.066582516927988
sub-11453,40,1,12,3,16,69,1.6474826089975991
sub-11497,27,0,6,9,0,85,2.2860377146942725
sub-11497,27,1,4,11,2,83,1.3155121885659748
sub-11497,40,0,14,1,4,81,2.9407220657249784
sub-11497,40,1,13,2,2,83,2.904634520071113
sub-11535,27,0,14,1,0,85,3.841250721326597
sub-11535,27,1,13,2,2,83,2.904634520071113
sub-11535,40,0,12,3,3,82,2.5190684521269073
sub-11535,40,1,14,1,2,83,3.212655248125068
sub-11547,27,0,13,2,1,84,3.1196957799009177
sub-11547,27,1,15,0,0,85,4.385971691444712
sub-11547,40,0,13,2,1,84,3.1196957799009177
sub-11547,40,1,14,1,2,83,3.212655248125068
sub-11548,27,0,14,1,3,82,3.060657588282517
sub-11548,27,1,14,1,3,82,3.060657588282517
sub-11548,40,0,11,4,1,84,2.6888377729068917
sub-11548,40,1,13,2,0,85,3.5332299932726423
sub-11551,27,0,11,4,1,84,2.6888377729068917
sub-11551,27,1,13,2,1,84,3.1196957799009177
sub-11551,40,0,15,0,1,84,3.972437478072987
sub-11551,40,1,15,0,1,84,3.972437478072987
sub-11562,27,0,0,15,0,85,0.6605079566014087
sub-11562,27,1,0,15,0,85,0.6605079566014087
sub-11562,40,0,0,15,0,85,0.6605079566014087
sub-11562,40,1,0,15,0,85,0.6605079566014087
sub-11576,27,0,14,1,5,80,2.8404185171362952
sub-11576,27,1,15,0,2,83,3.7573762182431825
sub-11576,40,0,15,0,0,85,4.385971691444712
sub-11576,40,1,15,0,1,84,3.972437478072987
sub-11593,27,0,14,1,4,81,2.9407220657249784
sub-11593,27,1,15,0,5,80,3.38513948725441
sub-11593,40,0,15,0,5,80,3.38513948725441
sub-11593,40,1,15,0,2,83,3.7573762182431825
sub-11601,27,0,13,2,3,82,2.752636860228562
sub-11601,27,1,13,2,3,82,2.752636860228562
sub-11601,40,0,4,11,0,85,1.9441076617675042
sub-11601,40,1,6,9,1,84,1.872503501322548
sub-11613,27,0,13,2,5,80,2.5323977890823404
sub-11613,27,1,11,4,5,79,2.095557782846905
sub-11613,40,0,11,4,15,70,1.493611335950361
sub-11613,40,1,14,1,10,75,2.482598297266734
sub-11636,27,0,13,2,5,94,2.608183309172399
sub-11636,27,1,13,2,3,95,2.8173443660486934
sub-11636,40,0,15,3,4,81,2.5221460760886756
sub-11636,40,1,15,2,2,83,2.97996925889829
sub-11638,27,0,15,0,69,16,0.99167101957198
sub-11638,27,1,15,0,70,15,0.9482526937268464
sub-11638,40,0,6,9,5,80,1.2852055105039706
sub-11638,40,1,5,10,9,76,0.8218082420750839
sub-11674,27,0,7,8,36,49,0.11218986019437371
sub-11674,27,1,10,5,34,50,0.6404001295514951
sub-11674,40,0,5,10,4,81,1.2204611030997163
sub-11674,40,1,10,5,2,83,2.2968944161432563
sub-11731,27,0,14,1,1,84,3.4277165079548726
sub-11731,27,1,13,2,2,83,2.904634520071113
sub-11731,40,0,14,1,2,83,3.212655248125068
sub-11731,40,1,14,1,4,81,2.9407220657249784
sub-11755,27,0,3,12,8,77,0.5117837944305103
sub-11755,27,1,5,10,16,69,0.46881078252794617
sub-11755,40,0,3,12,24,61,-0.20802772906761258
sub-11755,40,1,3,12,29,56,-0.3721957278513587
sub-11776,27,0,15,0,1,84,3.972437478072987
sub-11776,27,1,15,0,0,85,4.385971691444712
sub-11776,40,0,15,0,4,81,3.485443035843093
sub-11776,40,1,15,0,4,81,3.485443035843093
sub-11777,27,0,13,2,1,84,3.1196957799009177
sub-11777,27,1,14,1,1,84,3.4277165079548726
sub-11777,40,0,15,0,2,83,3.7573762182431825
sub-11777,40,1,13,2,0,85,3.5332299932726423
sub-11791,27,0,15,0,18,67,2.651525625794209
sub-11791,27,1,15,0,9,75,3.0799284982740343
sub-11791,40,0,4,11,2,83,1.3155121885659748
sub-11791,40,1,6,9,5,80,1.2852055105039706
sub-11831,27,0,7,8,19,66,0.6711996691098908
sub-11831,27,1,4,11,25,59,-0.05473164954751508
sub-11831,40,0,4,11,12,73,0.4774601854228496
sub-11831,40,1,4,11,9,76,0.6449261451412532
sub-11847,27,0,10,5,45,40,0.32931836150548777
sub-11847,27,1,5,10,49,36,-0.5928523382492112
sub-11847,40,0,6,9,11,74,0.8717708196250402
sub-11847,40,1,4,10,9,76,0.6996577946887683
sub-11868,27,0,15,0,71,14,0.9030379834936593
sub-11868,27,1,14,1,73,11,0.21630197160928377
sub-11868,40,0,4,11,1,84,1.5305734483957796
sub-11868,40,1,4,11,1,84,1.5305734483957796
sub-11876,27,0,15,0,75,13,0.8335001186007465
sub-11876,27,1,15,0,77,10,0.6843298244219325
sub-11876,40,0,4,11,1,84,1.5305734483957796
sub-11876,40,1,2,13,3,82,0.7326565217293977
sub-11883,27,0,10,5,4,81,2.0249612337431673
sub-11883,27,1,5,10,3,82,1.3403966256572544
sub-11883,40,0,8,7,2,83,1.9730567635546432
sub-11883,40,1,12,3,3,82,2.5190684521269073
sub-11936,27,0,28,8,4,113,2.5124809185794583
sub-11936,27,1,26,7,5,111,2.4447859021340363
sub-11936,40,0,12,9,8,182,1.8724156840120254
sub-11936,40,1,13,7,5,181,2.255616317134
sub-11955,27,0,11,4,5,80,2.1015397820883144
sub-11955,27,1,12,3,3,82,2.5190684521269073
sub-11955,40,0,14,1,6,79,2.753447258558088
sub-11955,40,1,15,0,6,79,3.2981682286762024
sub-11976,27,0,13,2,2,83,2.904634520071113
sub-11976,27,1,13,2,0,84,3.5291146427479956
sub-11976,40,0,10,5,3,82,2.144896756300705
sub-11976,40,1,7,8,0,85,2.444827411289948
sub-11990,27,0,14,1,1,84,3.4277165079548726
sub-11990,27,1,12,3,1,84,2.8861273717992635
sub-11990,40,0,15,0,0,85,4.385971691444712
sub-11990,40,1,15,0,1,84,3.972437478072987
sub-11993,27,0,5,10,17,68,0.4269755653995604
sub-11993,27,1,9,6,24,61,0.8055961414091029
sub-11993,40,0,3,12,20,65,-0.0648729035799912
sub-11993,40,1,4,11,30,54,-0.21752693627038772
sub-1501,27,0,10,5,1,84,2.511955675973061
sub-1501,27,1,12,3,1,84,2.8861273717992635
sub-1501,40,0,14,1,0,85,3.841250721326597
sub-1501,40,1,15,0,2,83,3.7573762182431825
sub-1507,27,0,11,4,5,80,2.1015397820883144
sub-1507,27,1,8,7,11,74,1.1873853416869402
sub-1507,40,0,10,5,24,61,0.9706440974020405
sub-1507,40,1,14,1,19,66,2.06762297914654
sub-1513,27,0,6,9,7,78,1.1209399717038226
sub-1513,27,1,11,4,8,77,1.867337717833994
sub-1513,40,0,8,7,3,82,1.821059103712092
sub-1513,40,1,10,5,0,85,2.9254898893447856
sub-1514,27,0,10,5,2,83,2.2968944161432563
sub-1514,27,1,10,5,0,85,2.9254898893447856
sub-1514,40,0,11,4,2,83,2.473776513077087
sub-1514,40,1,10,5,2,83,2.2968944161432563
sub-1522,27,0,7,8,32,53,0.23257005039594095
sub-1522,27,1,10,5,30,55,0.7750433172689166
sub-1522,40,0,4,11,21,64,0.09535758794052573
sub-1522,40,1,4,11,25,60,-0.04467207403979201
sub-1526,27,0,13,2,3,82,2.752636860228562
sub-1526,27,1,14,1,1,84,3.4277165079548726
sub-1526,40,0,3,12,0,85,1.7468180628751324
sub-1526,40,1,4,11,0,85,1.9441076617675042
sub-1530,27,0,14,1,20,65,2.0295597548714737
sub-1530,27,1,12,3,31,54,1.1181463847375155
sub-1530,40,0,6,9,8,77,1.0510034462496503
sub-1530,40,1,4,11,8,77,0.709073393322882
sub-1536,27,0,15,0,0,85,4.385971691444712
sub-1536,27,1,15,0,1,84,3.972437478072987
sub-1536,40,0,14,1,1,84,3.4277165079548726
sub-1536,40,1,13,2,0,85,3.5332299932726423
sub-1537,27,0,5,10,10,75,0.7623373346414721
sub-1537,27,1,5,10,17,68,0.4269755653995604
sub-1537,40,0,5,10,9,76,0.8218082420750839
sub-1537,40,1,5,10,7,78,0.955892015710885
sub-1546,27,0,9,6,2,83,2.1318464601503186
sub-1546,27,1,11,4,4,81,2.2018433306769976
sub-1546,40,0,15,0,0,85,4.385971691444712
sub-1546,40,1,14,1,1,84,3.4277165079548726
sub-1551,27,0,14,1,10,75,2.482598297266734
sub-1551,27,1,14,1,14,71,2.277704781231529
sub-1551,40,0,7,8,9,76,1.145645894663697
sub-1551,40,1,8,7,11,74,1.1873853416869402
sub-1555,27,0,13,2,2,83,2.904634520071113
sub-1555,27,1,11,4,2,83,2.473776513077087
sub-1555,40,0,12,3,5,80,2.298829380980686
sub-1555,40,1,9,6,4,81,1.8599132777502294
sub-1558,27,0,14,1,2,83,3.212655248125068
sub-1558,27,1,14,1,1,84,3.4277165079548726
sub-1558,40,0,15,0,0,85,4.385971691444712
sub-1558,40,1,15,0,1,84,3.972437478072987
sub-1559,27,0,15,0,1,84,3.972437478072987
sub-1559,27,1,15,0,2,83,3.7573762182431825
sub-1559,40,0,15,0,0,85,4.385971691444712
sub-1559,40,1,15,0,0,85,4.385971691444712
sub-1563,27,0,13,2,1,84,3.1196957799009177
sub-1563,27,1,13,2,5,80,2.5323977890823404
sub-1563,40,0,9,6,3,82,1.9798488003077674
sub-1563,40,1,13,2,0,85,3.5332299932726423
sub-1571,27,0,9,6,8,77,1.5254076649072257
sub-1571,27,1,10,5,5,80,1.9246576851544837
sub-1571,40,0,5,10,2,83,1.4923942854998056
sub-1571,40,1,7,8,3,82,1.6642342782458674
sub-1572,27,0,14,1,1,84,3.4277165079548726
sub-1572,27,1,13,2,2,83,2.904634520071113
sub-1572,40,0,14,1,7,78,2.6761529783361473
sub-1572,40,1,14,1,5,80,2.8404185171362952
sub-1579,27,0,15,0,3,82,3.6053785584006315
sub-1579,27,1,15,0,3,82,3.6053785584006315
sub-1579,40,0,15,0,0,85,4.385971691444712
sub-1579,40,1,12,3,1,84,2.8861273717992635
sub-1584,27,0,14,1,1,84,3.4277165079548726
sub-1584,27,1,14,1,2,83,3.212655248125068
sub-1584,40,0,13,2,2,83,2.904634520071113
sub-1584,40,1,14,1,1,84,3.4277165079548726
sub-1588,27,0,8,7,1,84,2.188118023384448
sub-1588,27,1,11,4,4,81,2.2018433306769976
sub-1588,40,0,11,4,3,82,2.3217788532345356
sub-1588,40,1,10,5,3,82,2.144896756300705
sub-1589,27,0,15,0,0,85,4.385971691444712
sub-1589,27,1,15,0,1,84,3.972437478072987
sub-1589,40,0,15,0,2,83,3.7573762182431825
sub-1589,40,1,15,0,2,83,3.7573762182431825
sub-1590,27,0,7,8,6,79,1.3570239485214386
sub-1590,27,1,10,5,2,82,2.2917600256551554
sub-1590,40,0,6,9,1,84,1.872503501322548
sub-1590,40,1,3,12,3,82,0.966224929831052
sub-1593,27,0,0,15,0,85,0.6605079566014087
sub-1593,27,1,0,15,0,85,0.6605079566014087
sub-1593,40,0,0,15,1,84,0.24697374322968413
sub-1593,40,1,0,15,0,85,0.6605079566014087
sub-1598,27,0,0,15,0,85,0.6605079566014087
sub-1598,27,1,0,15,0,85,0.6605079566014087
sub-1598,40,0,10,5,0,85,2.9254898893447856
sub-1598,40,1,11,4,0,85,3.1023719862786163
sub-2713,27,0,14,1,8,77,2.606216452881975
sub-2713,27,1,12,3,6,79,2.2118581224024787
sub-2713,40,0,9,6,1,84,2.3469077199801234
sub-2713,40,1,10,5,1,84,2.511955675973061
