subject,model,observed,predicted
C01,baseline,-30.917553191489333,-21.479165955623298
C02,baseline,-28.618421052631675,-30.224957121199058
C03,baseline,-17.204122340425556,-21.072615417432154
C04,baseline,26.1513157894737,-53.88368651028856
C05,baseline,-79.48369565217388,-37.137063555628224
C06,baseline,-20.669716282894683,-49.70604073277083
C07,baseline,5.236037234042556,-36.60994717128114
C08,baseline,-12.558900901942707,-17.043831347969626
C09,baseline,-21.54605263157896,-7.7099084071611195
C10,baseline,-3.043687167356609,-2.8909083379476392
C11,baseline,-54.18346774193549,-49.19583907933135
C12,baseline,-10.362990359042556,-12.258920115519835
C13,baseline,-38.421227603583475,-34.886761801189316
C14,baseline,24.283743633276742,-15.21682052342778
C15,baseline,-12.82894736842104,-40.28290447251442
C16,baseline,-36.57828209025013,-42.74521985237617
C17,baseline,-28.153870380739136,-26.746228457235482
C18,baseline,-10.595703125,-6.482584400320409
C19,baseline,-73.13946353436182,-36.22634672448961
C20,baseline,-46.945464269195156,-9.545092911494722
C21,baseline,-51.222780917553166,-28.47716452311703
C22,baseline,-41.53715837813621,3.906854175697756
C23,baseline,-64.60061498855828,-47.398226210072934
C24,baseline,-49.720044792833164,-22.67603926805625
C25,baseline,11.584866431451587,5.277721451379758
C26,baseline,17.10526315789474,-12.704898310311618
C27,baseline,-12.217420212765944,-11.333299079785892
C28,baseline,-1.6808849045690408,-24.076153324562565
C29,baseline,-14.30921052631578,-19.880540332629664
C30,baseline,2.5416324013157805,-6.677207187791495
C31,baseline,-59.36623422159886,-39.138860352247974
C32,baseline,-43.88459737827725,-44.81827414304911
C33,baseline,-11.179322218195011,-26.19303604001467
C34,baseline,-74.66142917133266,-45.8256926291533
C35,baseline,-42.236328125,-23.316881801227737
C01,baseline_plus_neural,-30.917553191489333,-18.954758973560814
C02,baseline_plus_neural,-28.618421052631675,-29.79904840121337
C03,baseline_plus_neural,-17.204122340425556,-11.71246887845815
C04,baseline_plus_neural,26.1513157894737,-45.177961840641444
C05,baseline_plus_neural,-79.48369565217388,-38.96536459084798
C06,baseline_plus_neural,-20.669716282894683,-46.05295857901929
C07,baseline_plus_neural,5.236037234042556,-36.83894231899751
C08,baseline_plus_neural,-12.558900901942707,-19.05259887484084
C09,baseline_plus_neural,-21.54605263157896,-8.700113445334088
C10,baseline_plus_neural,-3.043687167356609,-2.8420272663254806
C11,baseline_plus_neural,-54.18346774193549,-50.03328777872985
C12,baseline_plus_neural,-10.362990359042556,-15.935433551633238
C13,baseline_plus_neural,-38.421227603583475,-25.388412459888652
C14,baseline_plus_neural,24.283743633276742,-15.620183985721063
C15,baseline_plus_neural,-12.82894736842104,-41.06466190013871
C16,baseline_plus_neural,-36.57828209025013,-32.37770359918632
C17,baseline_plus_neural,-28.153870380739136,-26.260258766933443
C18,baseline_plus_neural,-10.595703125,-9.604210401976388
C19,baseline_plus_neural,-73.13946353436182,-40.00691775424481
C20,baseline_plus_neural,-46.945464269195156,-7.831553212945487
C21,baseline_plus_neural,-51.222780917553166,-25.96792950561499
C22,baseline_plus_neural,-41.53715837813621,-9.175244338473766
C23,baseline_plus_neural,-64.60061498855828,-44.94019996923965
C24,baseline_plus_neural,-49.720044792833164,-27.797559466069043
C25,baseline_plus_neural,11.584866431451587,-15.148791352903938
C26,baseline_plus_neural,17.10526315789474,-9.88469076158015
C27,baseline_plus_neural,-12.217420212765944,-9.83641238314524
C28,baseline_plus_neural,-1.6808849045690408,-17.951769503922492
C29,baseline_plus_neural,-14.30921052631578,-15.406883032034768
C30,baseline_plus_neural,2.5416324013157805,-7.263895464140511
C31,baseline_plus_neural,-59.36623422159886,-35.7173619126634
C32,baseline_plus_neural,-43.88459737827725,-56.92011756360994
C33,baseline_plus_neural,-11.179322218195011,-26.60563197061506
C34,baseline_plus_neural,-74.66142917133266,-38.40749142707358
C35,baseline_plus_neural,-42.236328125,-4.374098483196487
