subject,condition,accuracy,median_correct_rt_ms,inverse_efficiency_ms
C01,f_theta_plus,0.9791666666666666,515.869140625,526.8450797872341
C01,non_rhythmic,0.9791666666666666,546.142578125,557.7626329787234
C02,f_theta_plus,0.9895833333333334,552.24609375,558.0592105263157
C02,non_rhythmic,0.9895833333333334,580.56640625,586.6776315789474
C03,f_theta_plus,0.9791666666666666,458.49609375,468.25132978723406
C03,non_rhythmic,0.9791666666666666,475.341796875,485.4554521276596
C04,f_theta_plus,0.9895833333333334,529.296875,534.8684210526316
C04,non_rhythmic,0.9895833333333334,503.41796875,508.71710526315786
C05,f_theta_plus,0.9583333333333334,524.169921875,546.9599184782609
C05,non_rhythmic,0.9583333333333334,600.341796875,626.4436141304348
C06,f_theta_plus,1.0,533.935546875,533.935546875
C06,non_rhythmic,0.9895833333333334,548.828125,554.6052631578947
C07,f_theta_plus,0.9791666666666666,558.837890625,570.7280585106383
C07,non_rhythmic,0.9791666666666666,553.7109375,565.4920212765958
C08,f_theta_plus,0.9791666666666666,519.775390625,530.8344414893617
C08,non_rhythmic,0.9583333333333334,520.751953125,543.3933423913044
C09,f_theta_plus,0.9895833333333334,411.62109375,415.95394736842104
C09,non_rhythmic,1.0,437.5,437.5
C10,f_theta_plus,0.9270833333333334,411.62109375,443.9957865168539
C10,non_rhythmic,0.9895833333333334,442.3828125,447.0394736842105
C11,f_theta_plus,1.0,507.8125,507.8125
C11,non_rhythmic,0.96875,544.43359375,561.9959677419355
C12,f_theta_plus,1.0,487.060546875,487.060546875
C12,non_rhythmic,0.9791666666666666,487.060546875,497.42353723404256
C13,f_theta_plus,0.9791666666666666,533.935546875,545.2958776595744
C13,non_rhythmic,0.9895833333333334,577.63671875,583.7171052631579
C14,f_theta_plus,0.96875,504.39453125,520.6653225806451
C14,non_rhythmic,0.9895833333333334,491.2109375,496.3815789473684
C15,f_theta_plus,0.9895833333333334,487.3046875,492.4342105263158
C15,non_rhythmic,0.9895833333333334,500.0,505.2631578947368
C16,f_theta_plus,0.9479166666666666,513.18359375,541.3804945054945
C16,non_rhythmic,0.9791666666666666,565.91796875,577.9587765957447
C17,f_theta_plus,0.9895833333333334,508.30078125,513.6513157894736
C17,non_rhythmic,0.9791666666666666,530.517578125,541.8051861702128
C18,f_theta_plus,0.9895833333333334,454.58984375,459.375
C18,non_rhythmic,1.0,469.970703125,469.970703125
C19,f_theta_plus,0.9583333333333334,444.3359375,463.6548913043478
C19,non_rhythmic,0.96875,520.01953125,536.7943548387096
C20,f_theta_plus,0.9791666666666666,473.6328125,483.7101063829787
C20,non_rhythmic,0.9583333333333334,508.544921875,530.6555706521739
C21,f_theta_plus,0.9791666666666666,495.60546875,506.15026595744683
C21,non_rhythmic,1.0,557.373046875,557.373046875
C22,f_theta_plus,0.9473684210526315,423.828125,447.37413194444446
C22,non_rhythmic,0.96875,473.6328125,488.91129032258067
C23,f_theta_plus,0.9895833333333334,615.234375,621.7105263157895
C23,non_rhythmic,0.9583333333333334,657.71484375,686.3111413043478
C24,f_theta_plus,0.9895833333333334,450.1953125,454.9342105263158
C24,non_rhythmic,0.9791666666666666,494.140625,504.65425531914894
C25,f_theta_plus,0.96875,457.51953125,472.2782258064516
C25,non_rhythmic,1.0,460.693359375,460.693359375
C26,f_theta_plus,0.9375,445.3125,475.0
C26,non_rhythmic,0.9895833333333334,453.125,457.89473684210526
C27,f_theta_plus,0.9791666666666666,475.341796875,485.4554521276596
C27,non_rhythmic,0.9791666666666666,487.3046875,497.67287234042556
C28,f_theta_plus,0.9479166666666666,428.7109375,452.26648351648356
C28,non_rhythmic,0.9895833333333334,449.21875,453.9473684210526
C29,f_theta_plus,0.9895833333333334,465.8203125,470.7236842105263
C29,non_rhythmic,0.9895833333333334,479.98046875,485.0328947368421
C30,f_theta_plus,0.9895833333333334,403.80859375,408.0592105263158
C30,non_rhythmic,1.0,405.517578125,405.517578125
C31,f_theta_plus,0.96875,477.5390625,492.94354838709677
C31,non_rhythmic,0.9583333333333334,529.296875,552.3097826086956
C32,f_theta_plus,0.9270833333333334,553.7109375,597.2612359550561
C32,non_rhythmic,0.9375,601.07421875,641.1458333333334
C33,f_theta_plus,0.9270833333333334,432.6171875,466.64325842696627
C33,non_rhythmic,0.96875,462.890625,477.8225806451613
C34,f_theta_plus,0.9895833333333334,520.5078125,525.9868421052631
C34,non_rhythmic,0.9791666666666666,588.134765625,600.6482712765958
C35,f_theta_plus,1.0,500.9765625,500.9765625
C35,non_rhythmic,1.0,543.212890625,543.212890625
