subject,group_rest,age,mmse_rest,posterior_iaf_hz,iaf_distance_to_10hz,slowing_ratio,spectral_exponent,relative_delta,relative_theta,relative_alpha,relative_beta,relative_gamma,group_visual,mmse_visual,frequency_hz,local_snr_db,analyzed_duration_s
sub-001,A,57.0,16.0,7.5,2.5,4.756944232753256,1.7548641990843985,0.3786421245602291,0.37134808186810037,0.08073097901721508,0.07693120278100311,0.04382070778406319,A,16.0,5.0,3.87331264093516,3.282
sub-001,A,57.0,16.0,7.5,2.5,4.756944232753256,1.7548641990843985,0.3786421245602291,0.37134808186810037,0.08073097901721508,0.07693120278100311,0.04382070778406319,A,16.0,10.0,7.047935182513212,3.342
sub-001,A,57.0,16.0,7.5,2.5,4.756944232753256,1.7548641990843985,0.3786421245602291,0.37134808186810037,0.08073097901721508,0.07693120278100311,0.04382070778406319,A,16.0,15.0,14.61618138625918,3.332
sub-001,A,57.0,16.0,7.5,2.5,4.756944232753256,1.7548641990843985,0.3786421245602291,0.37134808186810037,0.08073097901721508,0.07693120278100311,0.04382070778406319,A,16.0,20.0,6.076411716500099,3.424
sub-002,A,78.0,22.0,8.5,1.5,0.37592444545058523,0.9120421087511186,0.10468090908711909,0.15030040501492953,0.525364808385438,0.15291327963947488,0.01659354749013551,A,22.0,5.0,5.34707396553917,2.463
sub-002,A,78.0,22.0,8.5,1.5,0.37592444545058523,0.9120421087511186,0.10468090908711909,0.15030040501492953,0.525364808385438,0.15291327963947488,0.01659354749013551,A,22.0,10.0,17.304498383653275,2.83
sub-002,A,78.0,22.0,8.5,1.5,0.37592444545058523,0.9120421087511186,0.10468090908711909,0.15030040501492953,0.525364808385438,0.15291327963947488,0.01659354749013551,A,22.0,15.0,3.676901914861624,2.464
sub-002,A,78.0,22.0,8.5,1.5,0.37592444545058523,0.9120421087511186,0.10468090908711909,0.15030040501492953,0.525364808385438,0.15291327963947488,0.01659354749013551,A,22.0,20.0,12.292029220840323,2.666
sub-004,A,67.0,20.0,7.0,3.0,5.378586565514679,1.6280192843833194,0.4953660625541237,0.27569350765285433,0.06720233842904025,0.07615494713566555,0.05377069503759287,A,20.0,5.0,8.158145233563062,2.862
sub-004,A,67.0,20.0,7.0,3.0,5.378586565514679,1.6280192843833194,0.4953660625541237,0.27569350765285433,0.06720233842904025,0.07615494713566555,0.05377069503759287,A,20.0,10.0,1.243005939586098,2.308
sub-004,A,67.0,20.0,7.0,3.0,5.378586565514679,1.6280192843833194,0.4953660625541237,0.27569350765285433,0.06720233842904025,0.07615494713566555,0.05377069503759287,A,20.0,15.0,20.590707660804306,2.316
sub-004,A,67.0,20.0,7.0,3.0,5.378586565514679,1.6280192843833194,0.4953660625541237,0.27569350765285433,0.06720233842904025,0.07615494713566555,0.05377069503759287,A,20.0,20.0,15.759352431263098,2.762
sub-005,A,70.0,22.0,7.25,2.75,1.6293632564871414,1.3240500743350303,0.33356379524397606,0.23621862322288764,0.1859448278660542,0.16375154352217608,0.041132705828080186,A,22.0,5.0,13.896022715321298,2.29
sub-005,A,70.0,22.0,7.25,2.75,1.6293632564871414,1.3240500743350303,0.33356379524397606,0.23621862322288764,0.1859448278660542,0.16375154352217608,0.041132705828080186,A,22.0,10.0,16.709798998709772,2.672
sub-005,A,70.0,22.0,7.25,2.75,1.6293632564871414,1.3240500743350303,0.33356379524397606,0.23621862322288764,0.1859448278660542,0.16375154352217608,0.041132705828080186,A,22.0,15.0,1.20918127490892,2.952
sub-005,A,70.0,22.0,7.25,2.75,1.6293632564871414,1.3240500743350303,0.33356379524397606,0.23621862322288764,0.1859448278660542,0.16375154352217608,0.041132705828080186,A,22.0,20.0,16.568325526526877,2.44
sub-006,A,61.0,14.0,11.25,1.25,0.11732768954925892,0.6363667867651461,0.07536656025549143,0.026661420218803203,0.7779304132659688,0.09166806656652773,0.016899852905774934,A,14.0,5.0,3.3504083679365655,3.647
sub-006,A,61.0,14.0,11.25,1.25,0.11732768954925892,0.6363667867651461,0.07536656025549143,0.026661420218803203,0.7779304132659688,0.09166806656652773,0.016899852905774934,A,14.0,10.0,7.202899418339046,2.964
sub-006,A,61.0,14.0,11.25,1.25,0.11732768954925892,0.6363667867651461,0.07536656025549143,0.026661420218803203,0.7779304132659688,0.09166806656652773,0.016899852905774934,A,14.0,15.0,8.81714636373557,2.958
sub-006,A,61.0,14.0,11.25,1.25,0.11732768954925892,0.6363667867651461,0.07536656025549143,0.026661420218803203,0.7779304132659688,0.09166806656652773,0.016899852905774934,A,14.0,20.0,10.89858833111334,3.292
sub-007,A,79.0,20.0,7.0,3.0,3.7508308515328785,1.7220469092699195,0.4289788073637004,0.2961833290810202,0.11016485041395799,0.0831688842033638,0.03618163446779017,A,20.0,5.0,3.593021772260011,4.268
sub-007,A,79.0,20.0,7.0,3.0,3.7508308515328785,1.7220469092699195,0.4289788073637004,0.2961833290810202,0.11016485041395799,0.0831688842033638,0.03618163446779017,A,20.0,10.0,6.18576545779998,3.77
sub-007,A,79.0,20.0,7.0,3.0,3.7508308515328785,1.7220469092699195,0.4289788073637004,0.2961833290810202,0.11016485041395799,0.0831688842033638,0.03618163446779017,A,20.0,15.0,11.291826711251788,3.176
sub-007,A,79.0,20.0,7.0,3.0,3.7508308515328785,1.7220469092699195,0.4289788073637004,0.2961833290810202,0.11016485041395799,0.0831688842033638,0.03618163446779017,A,20.0,20.0,11.384945297102528,3.492
sub-008,A,62.0,16.0,8.5,1.5,6.478858026314111,1.771941678013603,0.7461297149438061,0.09530424094417478,0.07705230051436263,0.05282150633098992,0.009370812884036767,A,16.0,5.0,7.0511020791366015,2.432
sub-008,A,62.0,16.0,8.5,1.5,6.478858026314111,1.771941678013603,0.7461297149438061,0.09530424094417478,0.07705230051436263,0.05282150633098992,0.009370812884036767,A,16.0,10.0,13.196965612723902,3.128
sub-008,A,62.0,16.0,8.5,1.5,6.478858026314111,1.771941678013603,0.7461297149438061,0.09530424094417478,0.07705230051436263,0.05282150633098992,0.009370812884036767,A,16.0,15.0,13.620028587112603,2.728
sub-008,A,62.0,16.0,8.5,1.5,6.478858026314111,1.771941678013603,0.7461297149438061,0.09530424094417478,0.07705230051436263,0.05282150633098992,0.009370812884036767,A,16.0,20.0,14.434006145375786,3.256
sub-009,A,77.0,23.0,11.0,1.0,0.3187831320912902,0.8769255356473099,0.09638926707947992,0.12997000973531422,0.5582791065687843,0.15179383653151565,0.03268700200981322,A,23.0,5.0,10.678451735132445,2.298
sub-009,A,77.0,23.0,11.0,1.0,0.3187831320912902,0.8769255356473099,0.09638926707947992,0.12997000973531422,0.5582791065687843,0.15179383653151565,0.03268700200981322,A,23.0,10.0,13.61589053499127,4.108
sub-009,A,77.0,23.0,11.0,1.0,0.3187831320912902,0.8769255356473099,0.09638926707947992,0.12997000973531422,0.5582791065687843,0.15179383653151565,0.03268700200981322,A,23.0,15.0,7.522594488900841,2.938
sub-009,A,77.0,23.0,11.0,1.0,0.3187831320912902,0.8769255356473099,0.09638926707947992,0.12997000973531422,0.5582791065687843,0.15179383653151565,0.03268700200981322,A,23.0,20.0,13.57251543038936,2.554
sub-010,A,69.0,20.0,11.5,1.5,0.5190507615882166,0.7989013183040449,0.22582059532388393,0.09235539305821856,0.28975322244764107,0.32324267685232755,0.03876106663157741,A,20.0,5.0,5.14195358245785,3.699
sub-010,A,69.0,20.0,11.5,1.5,0.5190507615882166,0.7989013183040449,0.22582059532388393,0.09235539305821856,0.28975322244764107,0.32324267685232755,0.03876106663157741,A,20.0,10.0,6.934935029422601,2.76
sub-010,A,69.0,20.0,11.5,1.5,0.5190507615882166,0.7989013183040449,0.22582059532388393,0.09235539305821856,0.28975322244764107,0.32324267685232755,0.03876106663157741,A,20.0,15.0,11.30834131449746,2.776
sub-010,A,69.0,20.0,11.5,1.5,0.5190507615882166,0.7989013183040449,0.22582059532388393,0.09235539305821856,0.28975322244764107,0.32324267685232755,0.03876106663157741,A,20.0,20.0,4.453048822580745,3.472
sub-012,A,63.0,18.0,8.5,1.5,0.7161539473959824,0.8295648358824744,0.28757218721708794,0.10329803904943802,0.3083182961384629,0.2374724904483803,0.028535548404330365,A,18.0,5.0,6.022676864287129,2.644
sub-012,A,63.0,18.0,8.5,1.5,0.7161539473959824,0.8295648358824744,0.28757218721708794,0.10329803904943802,0.3083182961384629,0.2374724904483803,0.028535548404330365,A,18.0,10.0,4.7230035826061405,2.878
sub-012,A,63.0,18.0,8.5,1.5,0.7161539473959824,0.8295648358824744,0.28757218721708794,0.10329803904943802,0.3083182961384629,0.2374724904483803,0.028535548404330365,A,18.0,15.0,13.754123361747444,2.84
sub-012,A,63.0,18.0,8.5,1.5,0.7161539473959824,0.8295648358824744,0.28757218721708794,0.10329803904943802,0.3083182961384629,0.2374724904483803,0.028535548404330365,A,18.0,20.0,9.264012114869756,2.0
sub-013,A,64.0,20.0,7.25,2.75,3.249962536960074,1.873086934981265,0.3880659747905438,0.32799307993455645,0.13365368336947625,0.08667471936801571,0.024026662484645505,A,20.0,5.0,5.674791223143999,2.5250000000000004
sub-013,A,64.0,20.0,7.25,2.75,3.249962536960074,1.873086934981265,0.3880659747905438,0.32799307993455645,0.13365368336947625,0.08667471936801571,0.024026662484645505,A,20.0,10.0,13.875354150155257,2.52
sub-013,A,64.0,20.0,7.25,2.75,3.249962536960074,1.873086934981265,0.3880659747905438,0.32799307993455645,0.13365368336947625,0.08667471936801571,0.024026662484645505,A,20.0,15.0,5.546608748453622,2.496
sub-013,A,64.0,20.0,7.25,2.75,3.249962536960074,1.873086934981265,0.3880659747905438,0.32799307993455645,0.13365368336947625,0.08667471936801571,0.024026662484645505,A,20.0,20.0,3.929106080809758,2.642
sub-014,A,77.0,14.0,7.0,3.0,5.593804621097701,1.6664195224171838,0.5961012516695791,0.18696556321048144,0.06086291128017346,0.0791253199724217,0.046996464750935676,A,14.0,5.0,9.135382536778568,2.23
sub-014,A,77.0,14.0,7.0,3.0,5.593804621097701,1.6664195224171838,0.5961012516695791,0.18696556321048144,0.06086291128017346,0.0791253199724217,0.046996464750935676,A,14.0,10.0,12.49226844472809,2.0
sub-014,A,77.0,14.0,7.0,3.0,5.593804621097701,1.6664195224171838,0.5961012516695791,0.18696556321048144,0.06086291128017346,0.0791253199724217,0.046996464750935676,A,14.0,15.0,-0.7455268926701872,2.51
sub-014,A,77.0,14.0,7.0,3.0,5.593804621097701,1.6664195224171838,0.5961012516695791,0.18696556321048144,0.06086291128017346,0.0791253199724217,0.046996464750935676,A,14.0,20.0,0.1367673748874125,2.41
sub-015,A,61.0,18.0,8.75,1.25,0.39950999498681566,0.9710031422741567,0.14866958851973341,0.11766731556630657,0.528428710135617,0.13823021561874224,0.0300882073572252,A,18.0,5.0,-5.319190138979459,2.96
sub-015,A,61.0,18.0,8.75,1.25,0.39950999498681566,0.9710031422741567,0.14866958851973341,0.11766731556630657,0.528428710135617,0.13823021561874224,0.0300882073572252,A,18.0,20.0,10.245180190667778,3.074
sub-016,A,68.0,14.0,7.0,3.0,4.190876249550938,1.5842159127284863,0.5479553708911961,0.2018162194983806,0.0798929532515263,0.0990127327538566,0.03560667511726063,A,14.0,5.0,-2.827074733403155,2.708
sub-016,A,68.0,14.0,7.0,3.0,4.190876249550938,1.5842159127284863,0.5479553708911961,0.2018162194983806,0.0798929532515263,0.0990127327538566,0.03560667511726063,A,14.0,10.0,8.172859119263501,3.2
sub-016,A,68.0,14.0,7.0,3.0,4.190876249550938,1.5842159127284863,0.5479553708911961,0.2018162194983806,0.0798929532515263,0.0990127327538566,0.03560667511726063,A,14.0,15.0,10.00218215042046,3.014
sub-016,A,68.0,14.0,7.0,3.0,4.190876249550938,1.5842159127284863,0.5479553708911961,0.2018162194983806,0.0798929532515263,0.0990127327538566,0.03560667511726063,A,14.0,20.0,2.523425051578512,2.956
sub-017,A,61.0,6.0,7.0,3.0,4.3424636594121475,2.0333600098781393,0.4832029882978962,0.29530353902775947,0.1256454221849175,0.05363219264054415,0.012222981670989475,A,6.0,5.0,-1.043205975674793,2.348
sub-017,A,61.0,6.0,7.0,3.0,4.3424636594121475,2.0333600098781393,0.4832029882978962,0.29530353902775947,0.1256454221849175,0.05363219264054415,0.012222981670989475,A,6.0,10.0,12.842778039721503,2.152
sub-017,A,61.0,6.0,7.0,3.0,4.3424636594121475,2.0333600098781393,0.4832029882978962,0.29530353902775947,0.1256454221849175,0.05363219264054415,0.012222981670989475,A,6.0,15.0,13.46165638369106,2.348
sub-017,A,61.0,6.0,7.0,3.0,4.3424636594121475,2.0333600098781393,0.4832029882978962,0.29530353902775947,0.1256454221849175,0.05363219264054415,0.012222981670989475,A,6.0,20.0,2.0128899614675477,2.872
sub-018,A,73.0,23.0,7.0,3.0,1.5896337269880367,1.4878993787629158,0.2298265462761535,0.3471898554504207,0.23648093545204713,0.12650607968877894,0.016736691211888463,A,23.0,5.0,5.795646401955113,2.888
sub-018,A,73.0,23.0,7.0,3.0,1.5896337269880367,1.4878993787629158,0.2298265462761535,0.3471898554504207,0.23648093545204713,0.12650607968877894,0.016736691211888463,A,23.0,10.0,12.358295606830623,2.64
sub-018,A,73.0,23.0,7.0,3.0,1.5896337269880367,1.4878993787629158,0.2298265462761535,0.3471898554504207,0.23648093545204713,0.12650607968877894,0.016736691211888463,A,23.0,15.0,6.608605019608579,3.264
sub-018,A,73.0,23.0,7.0,3.0,1.5896337269880367,1.4878993787629158,0.2298265462761535,0.3471898554504207,0.23648093545204713,0.12650607968877894,0.016736691211888463,A,23.0,20.0,4.31473317777122,2.37
sub-019,A,62.0,14.0,9.75,0.25,0.6927632340632875,0.5116775964117924,0.2810278985899267,0.08049575537131262,0.2554016115593646,0.26645583725584243,0.0957080767397582,A,14.0,5.0,1.4183545117364778,3.584
sub-020,A,71.0,4.0,7.25,2.75,2.3869577664240467,1.4751872913547395,0.41562110027245114,0.22807356198143527,0.15576842238485322,0.1139031534211232,0.04926369310828142,A,4.0,5.0,4.903181797769511,2.3200000000000003
sub-020,A,71.0,4.0,7.25,2.75,2.3869577664240467,1.4751872913547395,0.41562110027245114,0.22807356198143527,0.15576842238485322,0.1139031534211232,0.04926369310828142,A,4.0,10.0,5.634325721266485,2.694
sub-020,A,71.0,4.0,7.25,2.75,2.3869577664240467,1.4751872913547395,0.41562110027245114,0.22807356198143527,0.15576842238485322,0.1139031534211232,0.04926369310828142,A,4.0,15.0,15.697309677098936,2.22
sub-021,A,79.0,22.0,8.5,1.5,0.7545707709803808,0.47956025191575946,0.23395347144235848,0.12118546028107305,0.18269644187540607,0.287953821004529,0.14013935494785254,A,22.0,5.0,1.8819733636313696,2.72
sub-021,A,79.0,22.0,8.5,1.5,0.7545707709803808,0.47956025191575946,0.23395347144235848,0.12118546028107305,0.18269644187540607,0.287953821004529,0.14013935494785254,A,22.0,10.0,3.8059389737031,2.788
sub-021,A,79.0,22.0,8.5,1.5,0.7545707709803808,0.47956025191575946,0.23395347144235848,0.12118546028107305,0.18269644187540607,0.287953821004529,0.14013935494785254,A,22.0,15.0,4.88794770692172,2.17
sub-021,A,79.0,22.0,8.5,1.5,0.7545707709803808,0.47956025191575946,0.23395347144235848,0.12118546028107305,0.18269644187540607,0.287953821004529,0.14013935494785254,A,22.0,20.0,7.700935681192,3.048
sub-022,A,68.0,20.0,7.0,3.0,3.871727654222654,1.7125846332625496,0.5060007737431103,0.24800472627900677,0.12161043292558212,0.07313609042550373,0.017791716361633205,A,20.0,5.0,0.9014457275311544,2.152
sub-022,A,68.0,20.0,7.0,3.0,3.871727654222654,1.7125846332625496,0.5060007737431103,0.24800472627900677,0.12161043292558212,0.07313609042550373,0.017791716361633205,A,20.0,10.0,14.660270497663914,2.2
sub-022,A,68.0,20.0,7.0,3.0,3.871727654222654,1.7125846332625496,0.5060007737431103,0.24800472627900677,0.12161043292558212,0.07313609042550373,0.017791716361633205,A,20.0,20.0,12.479264503015454,2.016
sub-023,A,60.0,16.0,9.75,0.25,0.7866846483279639,1.1028514123052502,0.1858571303168842,0.21371912644237376,0.3136403596218663,0.19428394983113456,0.05174669573823724,A,16.0,5.0,6.5305957968949695,5.36
sub-023,A,60.0,16.0,9.75,0.25,0.7866846483279639,1.1028514123052502,0.1858571303168842,0.21371912644237376,0.3136403596218663,0.19428394983113456,0.05174669573823724,A,16.0,15.0,18.386799699203017,2.624
sub-024,A,69.0,20.0,7.25,2.75,3.128015146800098,1.9844471539648787,0.34760011118359824,0.3692225600844633,0.15386450130159784,0.07529764709827735,0.010387687221693916,A,20.0,5.0,-5.257345429661813,2.8
sub-024,A,69.0,20.0,7.25,2.75,3.128015146800098,1.9844471539648787,0.34760011118359824,0.3692225600844633,0.15386450130159784,0.07529764709827735,0.010387687221693916,A,20.0,10.0,14.818976937014344,3.128
sub-024,A,69.0,20.0,7.25,2.75,3.128015146800098,1.9844471539648787,0.34760011118359824,0.3692225600844633,0.15386450130159784,0.07529764709827735,0.010387687221693916,A,20.0,15.0,13.809250130424076,3.704
sub-024,A,69.0,20.0,7.25,2.75,3.128015146800098,1.9844471539648787,0.34760011118359824,0.3692225600844633,0.15386450130159784,0.07529764709827735,0.010387687221693916,A,20.0,20.0,5.347553807278707,3.31
sub-025,A,79.0,20.0,9.5,0.5,0.12606160891752563,0.432251694997254,0.05924658204484691,0.04674431526247979,0.7079658535909124,0.13282063340902778,0.03839071124580089,A,20.0,5.0,4.023924194248871,3.474
sub-025,A,79.0,20.0,9.5,0.5,0.12606160891752563,0.432251694997254,0.05924658204484691,0.04674431526247979,0.7079658535909124,0.13282063340902778,0.03839071124580089,A,20.0,10.0,-7.578164321110217,3.232
sub-025,A,79.0,20.0,9.5,0.5,0.12606160891752563,0.432251694997254,0.05924658204484691,0.04674431526247979,0.7079658535909124,0.13282063340902778,0.03839071124580089,A,20.0,15.0,11.743312609354096,3.016
sub-025,A,79.0,20.0,9.5,0.5,0.12606160891752563,0.432251694997254,0.05924658204484691,0.04674431526247979,0.7079658535909124,0.13282063340902778,0.03839071124580089,A,20.0,20.0,7.391265646958374,3.038
sub-026,A,61.0,18.0,7.25,2.75,3.0278068448325834,1.6513225438233623,0.3454639016631208,0.3334504371138857,0.1209917205761099,0.10323471577523065,0.05529975313423679,A,18.0,5.0,6.2297195516952195,4.112
sub-026,A,61.0,18.0,7.25,2.75,3.0278068448325834,1.6513225438233623,0.3454639016631208,0.3334504371138857,0.1209917205761099,0.10323471577523065,0.05529975313423679,A,18.0,10.0,9.576304885694816,2.846
sub-026,A,61.0,18.0,7.25,2.75,3.0278068448325834,1.6513225438233623,0.3454639016631208,0.3334504371138857,0.1209917205761099,0.10323471577523065,0.05529975313423679,A,18.0,15.0,5.886088197212381,3.032
sub-026,A,61.0,18.0,7.25,2.75,3.0278068448325834,1.6513225438233623,0.3454639016631208,0.3334504371138857,0.1209917205761099,0.10323471577523065,0.05529975313423679,A,18.0,20.0,12.339524333954651,3.274
sub-027,A,67.0,16.0,7.0,3.0,12.845846569171927,2.4912540138654835,0.4913857684360461,0.3849913751922776,0.03686657941113354,0.03135602771010479,0.010126015711196115,A,16.0,5.0,4.2649496227729,3.728
sub-027,A,67.0,16.0,7.0,3.0,12.845846569171927,2.4912540138654835,0.4913857684360461,0.3849913751922776,0.03686657941113354,0.03135602771010479,0.010126015711196115,A,16.0,10.0,8.00681540053246,2.3
sub-027,A,67.0,16.0,7.0,3.0,12.845846569171927,2.4912540138654835,0.4913857684360461,0.3849913751922776,0.03686657941113354,0.03135602771010479,0.010126015711196115,A,16.0,15.0,9.864063337607163,3.097
sub-027,A,67.0,16.0,7.0,3.0,12.845846569171927,2.4912540138654835,0.4913857684360461,0.3849913751922776,0.03686657941113354,0.03135602771010479,0.010126015711196115,A,16.0,20.0,4.967898268611554,2.994
sub-028,A,49.0,20.0,7.25,2.75,3.154165086182536,1.8194073949249738,0.27290755150599727,0.44208989542794275,0.14153016267797308,0.08515342153457567,0.015935191271250954,A,20.0,5.0,-11.852850430371934,2.724
sub-028,A,49.0,20.0,7.25,2.75,3.154165086182536,1.8194073949249738,0.27290755150599727,0.44208989542794275,0.14153016267797308,0.08515342153457567,0.015935191271250954,A,20.0,10.0,7.282354318067558,3.054
sub-028,A,49.0,20.0,7.25,2.75,3.154165086182536,1.8194073949249738,0.27290755150599727,0.44208989542794275,0.14153016267797308,0.08515342153457567,0.015935191271250954,A,20.0,15.0,3.1041325591864184,2.84
sub-028,A,49.0,20.0,7.25,2.75,3.154165086182536,1.8194073949249738,0.27290755150599727,0.44208989542794275,0.14153016267797308,0.08515342153457567,0.015935191271250954,A,20.0,20.0,-0.8326245726050421,2.44
sub-029,A,53.0,16.0,7.0,3.0,4.74945106331747,2.012549760390757,0.37323757487874454,0.41133571041084355,0.10709764590356262,0.05809476787858237,0.015208737828681826,A,16.0,5.0,-6.213052612373136,3.334
sub-029,A,53.0,16.0,7.0,3.0,4.74945106331747,2.012549760390757,0.37323757487874454,0.41133571041084355,0.10709764590356262,0.05809476787858237,0.015208737828681826,A,16.0,10.0,5.46160872968177,3.104
sub-029,A,53.0,16.0,7.0,3.0,4.74945106331747,2.012549760390757,0.37323757487874454,0.41133571041084355,0.10709764590356262,0.05809476787858237,0.015208737828681826,A,16.0,15.0,5.380743474674298,2.784
sub-029,A,53.0,16.0,7.0,3.0,4.74945106331747,2.012549760390757,0.37323757487874454,0.41133571041084355,0.10709764590356262,0.05809476787858237,0.015208737828681826,A,16.0,20.0,11.9609719542903,2.776
sub-030,A,56.0,20.0,7.25,2.75,8.226098029785836,1.9374563503710194,0.6651858230785024,0.18098589359656994,0.06356002043958038,0.03930426753889658,0.025881790069320478,A,20.0,5.0,-2.6415083843756455,2.288
sub-030,A,56.0,20.0,7.25,2.75,8.226098029785836,1.9374563503710194,0.6651858230785024,0.18098589359656994,0.06356002043958038,0.03930426753889658,0.025881790069320478,A,20.0,10.0,5.624748509741573,2.764
sub-030,A,56.0,20.0,7.25,2.75,8.226098029785836,1.9374563503710194,0.6651858230785024,0.18098589359656994,0.06356002043958038,0.03930426753889658,0.025881790069320478,A,20.0,15.0,8.263431052722758,3.302
sub-030,A,56.0,20.0,7.25,2.75,8.226098029785836,1.9374563503710194,0.6651858230785024,0.18098589359656994,0.06356002043958038,0.03930426753889658,0.025881790069320478,A,20.0,20.0,1.8607682291466203,3.828
sub-031,A,67.0,22.0,8.75,1.25,0.5687744234416592,1.245583562056207,0.1676718942536788,0.17192203579336532,0.46650032656747803,0.1305622628368735,0.019838655053660108,A,22.0,5.0,7.764605915606248,2.776
sub-031,A,67.0,22.0,8.75,1.25,0.5687744234416592,1.245583562056207,0.1676718942536788,0.17192203579336532,0.46650032656747803,0.1305622628368735,0.019838655053660108,A,22.0,10.0,10.608297289934516,2.758
sub-031,A,67.0,22.0,8.75,1.25,0.5687744234416592,1.245583562056207,0.1676718942536788,0.17192203579336532,0.46650032656747803,0.1305622628368735,0.019838655053660108,A,22.0,15.0,8.340793710974829,2.742
sub-031,A,67.0,22.0,8.75,1.25,0.5687744234416592,1.245583562056207,0.1676718942536788,0.17192203579336532,0.46650032656747803,0.1305622628368735,0.019838655053660108,A,22.0,20.0,19.687013991378656,2.724
sub-032,A,59.0,20.0,7.25,2.75,0.9473200893220591,1.2988125664014523,0.1488302763130202,0.30348523824550094,0.2797908185454913,0.19767769463912455,0.02309098080887028,A,20.0,5.0,4.592711267257171,3.512
sub-032,A,59.0,20.0,7.25,2.75,0.9473200893220591,1.2988125664014523,0.1488302763130202,0.30348523824550094,0.2797908185454913,0.19767769463912455,0.02309098080887028,A,20.0,10.0,1.7741556970159589,2.63
sub-032,A,59.0,20.0,7.25,2.75,0.9473200893220591,1.2988125664014523,0.1488302763130202,0.30348523824550094,0.2797908185454913,0.19767769463912455,0.02309098080887028,A,20.0,15.0,4.44109077604698,4.208
sub-032,A,59.0,20.0,7.25,2.75,0.9473200893220591,1.2988125664014523,0.1488302763130202,0.30348523824550094,0.2797908185454913,0.19767769463912455,0.02309098080887028,A,20.0,20.0,7.013360636643507,3.536
sub-033,A,72.0,20.0,11.75,1.75,0.5060407248168198,0.514859060697873,0.17447402354913,0.11037977598226854,0.26124897475295844,0.30165789333460874,0.1190339614400349,A,20.0,5.0,-4.978365834779483,2.792
sub-033,A,72.0,20.0,11.75,1.75,0.5060407248168198,0.514859060697873,0.17447402354913,0.11037977598226854,0.26124897475295844,0.30165789333460874,0.1190339614400349,A,20.0,15.0,6.498050698937675,2.942
sub-034,A,75.0,18.0,7.0,3.0,1.3095565886184632,1.0984480848217455,0.260679201715867,0.2685623383581779,0.1728579068665342,0.23128006217868005,0.03378937697123602,A,18.0,5.0,7.086258225252833,4.894
sub-034,A,75.0,18.0,7.0,3.0,1.3095565886184632,1.0984480848217455,0.260679201715867,0.2685623383581779,0.1728579068665342,0.23128006217868005,0.03378937697123602,A,18.0,10.0,13.1242904944317,4.08
sub-034,A,75.0,18.0,7.0,3.0,1.3095565886184632,1.0984480848217455,0.260679201715867,0.2685623383581779,0.1728579068665342,0.23128006217868005,0.03378937697123602,A,18.0,15.0,5.237245909737474,3.992
sub-034,A,75.0,18.0,7.0,3.0,1.3095565886184632,1.0984480848217455,0.260679201715867,0.2685623383581779,0.1728579068665342,0.23128006217868005,0.03378937697123602,A,18.0,20.0,6.245206760463984,2.56
sub-035,A,57.0,22.0,7.25,2.75,3.914293227775067,1.3681136761095165,0.5328495606624992,0.1993781955847744,0.09384905958270433,0.09321606651759065,0.0572059977354285,A,22.0,5.0,1.1974859738625256,3.1500000000000004
sub-035,A,57.0,22.0,7.25,2.75,3.914293227775067,1.3681136761095165,0.5328495606624992,0.1993781955847744,0.09384905958270433,0.09321606651759065,0.0572059977354285,A,22.0,10.0,9.591676420317818,2.96
sub-035,A,57.0,22.0,7.25,2.75,3.914293227775067,1.3681136761095165,0.5328495606624992,0.1993781955847744,0.09384905958270433,0.09321606651759065,0.0572059977354285,A,22.0,15.0,11.494687798108222,3.078
sub-035,A,57.0,22.0,7.25,2.75,3.914293227775067,1.3681136761095165,0.5328495606624992,0.1993781955847744,0.09384905958270433,0.09321606651759065,0.0572059977354285,A,22.0,20.0,7.1317481255433846,2.696
sub-036,A,58.0,9.0,11.5,1.5,0.3017350145037321,0.7434700256298881,0.10813733498841098,0.10752636382073952,0.3929555257473258,0.3217898251157675,0.02771123742484117,A,9.0,5.0,3.872594570210489,5.282
sub-036,A,58.0,9.0,11.5,1.5,0.3017350145037321,0.7434700256298881,0.10813733498841098,0.10752636382073952,0.3929555257473258,0.3217898251157675,0.02771123742484117,A,9.0,10.0,10.21180967044598,5.04
sub-036,A,58.0,9.0,11.5,1.5,0.3017350145037321,0.7434700256298881,0.10813733498841098,0.10752636382073952,0.3929555257473258,0.3217898251157675,0.02771123742484117,A,9.0,15.0,8.199268705653127,4.64
sub-036,A,58.0,9.0,11.5,1.5,0.3017350145037321,0.7434700256298881,0.10813733498841098,0.10752636382073952,0.3929555257473258,0.3217898251157675,0.02771123742484117,A,9.0,20.0,5.0730910137625145,4.87
sub-037,C,57.0,30.0,8.25,1.75,0.19993556588320183,1.0815919600180504,0.08119848600543539,0.07421104209516502,0.7186399409152882,0.05865812215862942,0.005874019144435111,C,30.0,5.0,5.5818175543960775,2.114
sub-037,C,57.0,30.0,8.25,1.75,0.19993556588320183,1.0815919600180504,0.08119848600543539,0.07421104209516502,0.7186399409152882,0.05865812215862942,0.005874019144435111,C,30.0,10.0,11.939192606068708,2.192
sub-037,C,57.0,30.0,8.25,1.75,0.19993556588320183,1.0815919600180504,0.08119848600543539,0.07421104209516502,0.7186399409152882,0.05865812215862942,0.005874019144435111,C,30.0,15.0,12.259545491881417,2.254
sub-037,C,57.0,30.0,8.25,1.75,0.19993556588320183,1.0815919600180504,0.08119848600543539,0.07421104209516502,0.7186399409152882,0.05865812215862942,0.005874019144435111,C,30.0,20.0,-14.12473585462708,2.96
sub-038,C,62.0,30.0,10.25,0.25,0.5256899621273677,0.6968394862548062,0.21041606681311997,0.1144766327638941,0.3442283433383218,0.2738026692041944,0.031631533941498646,C,30.0,5.0,-6.703881099993722,2.492
sub-038,C,62.0,30.0,10.25,0.25,0.5256899621273677,0.6968394862548062,0.21041606681311997,0.1144766327638941,0.3442283433383218,0.2738026692041944,0.031631533941498646,C,30.0,10.0,5.991265084593208,3.072
sub-038,C,62.0,30.0,10.25,0.25,0.5256899621273677,0.6968394862548062,0.21041606681311997,0.1144766327638941,0.3442283433383218,0.2738026692041944,0.031631533941498646,C,30.0,15.0,7.540218130326833,2.544
sub-038,C,62.0,30.0,10.25,0.25,0.5256899621273677,0.6968394862548062,0.21041606681311997,0.1144766327638941,0.3442283433383218,0.2738026692041944,0.031631533941498646,C,30.0,20.0,9.620342310234932,3.546
sub-039,C,70.0,30.0,9.0,1.0,0.12974706113277545,0.6263485567590166,0.052634692048771525,0.05762591607704186,0.7563721928056912,0.09343979648460343,0.016838121550572408,C,30.0,5.0,9.007953474864324,2.36
sub-039,C,70.0,30.0,9.0,1.0,0.12974706113277545,0.6263485567590166,0.052634692048771525,0.05762591607704186,0.7563721928056912,0.09343979648460343,0.016838121550572408,C,30.0,10.0,5.460313942515431,2.462
sub-039,C,70.0,30.0,9.0,1.0,0.12974706113277545,0.6263485567590166,0.052634692048771525,0.05762591607704186,0.7563721928056912,0.09343979648460343,0.016838121550572408,C,30.0,15.0,14.630271271259913,4.304
sub-039,C,70.0,30.0,9.0,1.0,0.12974706113277545,0.6263485567590166,0.052634692048771525,0.05762591607704186,0.7563721928056912,0.09343979648460343,0.016838121550572408,C,30.0,20.0,6.2317054612628695,3.132
sub-040,C,61.0,30.0,9.5,0.5,0.41864106204365975,0.9908046993828191,0.19708431507530935,0.0855454420808861,0.527646959966595,0.14746540425418997,0.020170613047149188,C,30.0,5.0,10.97612082637904,3.07
sub-040,C,61.0,30.0,9.5,0.5,0.41864106204365975,0.9908046993828191,0.19708431507530935,0.0855454420808861,0.527646959966595,0.14746540425418997,0.020170613047149188,C,30.0,10.0,-2.3922175658296583,3.096
sub-040,C,61.0,30.0,9.5,0.5,0.41864106204365975,0.9908046993828191,0.19708431507530935,0.0855454420808861,0.527646959966595,0.14746540425418997,0.020170613047149188,C,30.0,15.0,5.880282928646253,3.336
sub-040,C,61.0,30.0,9.5,0.5,0.41864106204365975,0.9908046993828191,0.19708431507530935,0.0855454420808861,0.527646959966595,0.14746540425418997,0.020170613047149188,C,30.0,20.0,-8.436107634090392,3.08
sub-041,C,77.0,30.0,10.75,0.75,0.37402118868545076,0.11821500075700579,0.18229208153613746,0.060998751124193035,0.23485477070904515,0.41561862497051466,0.0824873299821842,C,30.0,5.0,4.62082154611041,2.628
sub-041,C,77.0,30.0,10.75,0.75,0.37402118868545076,0.11821500075700579,0.18229208153613746,0.060998751124193035,0.23485477070904515,0.41561862497051466,0.0824873299821842,C,30.0,10.0,12.673546771328606,2.786
sub-041,C,77.0,30.0,10.75,0.75,0.37402118868545076,0.11821500075700579,0.18229208153613746,0.060998751124193035,0.23485477070904515,0.41561862497051466,0.0824873299821842,C,30.0,15.0,10.423679971080285,3.16
sub-041,C,77.0,30.0,10.75,0.75,0.37402118868545076,0.11821500075700579,0.18229208153613746,0.060998751124193035,0.23485477070904515,0.41561862497051466,0.0824873299821842,C,30.0,20.0,14.524523926157707,3.2
sub-042,C,74.0,30.0,10.75,0.75,0.32776122289707876,0.7091575459512087,0.17555170157734976,0.06067000065304674,0.4656917392162509,0.25502104108898116,0.024619863851764227,C,30.0,5.0,5.764892921893617,2.496
sub-042,C,74.0,30.0,10.75,0.75,0.32776122289707876,0.7091575459512087,0.17555170157734976,0.06067000065304674,0.4656917392162509,0.25502104108898116,0.024619863851764227,C,30.0,10.0,-2.8694141425678676,2.706
sub-042,C,74.0,30.0,10.75,0.75,0.32776122289707876,0.7091575459512087,0.17555170157734976,0.06067000065304674,0.4656917392162509,0.25502104108898116,0.024619863851764227,C,30.0,15.0,0.5438636289200542,2.494
sub-042,C,74.0,30.0,10.75,0.75,0.32776122289707876,0.7091575459512087,0.17555170157734976,0.06067000065304674,0.4656917392162509,0.25502104108898116,0.024619863851764227,C,30.0,20.0,6.762893483837215,2.718
sub-043,C,72.0,30.0,9.25,0.75,1.5377655434746584,1.1136175303906113,0.4203083156796117,0.14320414084854627,0.17958562671115239,0.18686325031003073,0.04084363543246378,C,30.0,15.0,8.626679560835795,2.226
sub-043,C,72.0,30.0,9.25,0.75,1.5377655434746584,1.1136175303906113,0.4203083156796117,0.14320414084854627,0.17958562671115239,0.18686325031003073,0.04084363543246378,C,30.0,20.0,21.62916144807226,2.82
sub-044,C,64.0,30.0,11.0,1.0,0.3861598145230574,1.0203356756036979,0.1965569842149971,0.07342309369095336,0.5290140596728785,0.1701267306224568,0.013924404433813485,C,30.0,5.0,2.592095564317586,2.761
sub-044,C,64.0,30.0,11.0,1.0,0.3861598145230574,1.0203356756036979,0.1965569842149971,0.07342309369095336,0.5290140596728785,0.1701267306224568,0.013924404433813485,C,30.0,10.0,5.937161460733854,3.368
sub-044,C,64.0,30.0,11.0,1.0,0.3861598145230574,1.0203356756036979,0.1965569842149971,0.07342309369095336,0.5290140596728785,0.1701267306224568,0.013924404433813485,C,30.0,15.0,2.2261109013824605,2.824
sub-044,C,64.0,30.0,11.0,1.0,0.3861598145230574,1.0203356756036979,0.1965569842149971,0.07342309369095336,0.5290140596728785,0.1701267306224568,0.013924404433813485,C,30.0,20.0,8.206312353935115,3.032
sub-045,C,70.0,30.0,11.75,1.75,0.9874790787083677,1.1426085423687955,0.30224784938445726,0.15757413657313,0.2651606382338307,0.20049174455795354,0.03694638389299034,C,30.0,5.0,-10.10056849721236,2.912
sub-045,C,70.0,30.0,11.75,1.75,0.9874790787083677,1.1426085423687955,0.30224784938445726,0.15757413657313,0.2651606382338307,0.20049174455795354,0.03694638389299034,C,30.0,10.0,1.1792619140800895,2.915
sub-045,C,70.0,30.0,11.75,1.75,0.9874790787083677,1.1426085423687955,0.30224784938445726,0.15757413657313,0.2651606382338307,0.20049174455795354,0.03694638389299034,C,30.0,15.0,9.778404645699416,2.704
sub-046,C,63.0,30.0,9.25,0.75,0.31092845250112977,0.7126021885998943,0.0754444345132561,0.1487440102223046,0.5059308228165157,0.2150982207855525,0.020612952097776575,C,30.0,5.0,9.55181702279734,2.8440000000000003
sub-046,C,63.0,30.0,9.25,0.75,0.31092845250112977,0.7126021885998943,0.0754444345132561,0.1487440102223046,0.5059308228165157,0.2150982207855525,0.020612952097776575,C,30.0,10.0,9.451748523746796,2.8
sub-046,C,63.0,30.0,9.25,0.75,0.31092845250112977,0.7126021885998943,0.0754444345132561,0.1487440102223046,0.5059308228165157,0.2150982207855525,0.020612952097776575,C,30.0,15.0,10.568733331966154,2.896
sub-046,C,63.0,30.0,9.25,0.75,0.31092845250112977,0.7126021885998943,0.0754444345132561,0.1487440102223046,0.5059308228165157,0.2150982207855525,0.020612952097776575,C,30.0,20.0,11.179928814389996,3.72
sub-047,C,70.0,30.0,10.75,0.75,0.29518433237870395,0.6942983279222572,0.13684224544864976,0.08135428775197624,0.552101059499193,0.18708632027234853,0.016056134734838738,C,30.0,5.0,1.3788128641259672,2.2
sub-047,C,70.0,30.0,10.75,0.75,0.29518433237870395,0.6942983279222572,0.13684224544864976,0.08135428775197624,0.552101059499193,0.18708632027234853,0.016056134734838738,C,30.0,10.0,2.253682690718671,2.905
sub-047,C,70.0,30.0,10.75,0.75,0.29518433237870395,0.6942983279222572,0.13684224544864976,0.08135428775197624,0.552101059499193,0.18708632027234853,0.016056134734838738,C,30.0,15.0,11.22131600450334,3.198
sub-047,C,70.0,30.0,10.75,0.75,0.29518433237870395,0.6942983279222572,0.13684224544864976,0.08135428775197624,0.552101059499193,0.18708632027234853,0.016056134734838738,C,30.0,20.0,13.225696833219262,3.08
sub-048,C,65.0,30.0,9.5,0.5,0.44003009398630716,0.8800773834238578,0.20764107681818567,0.08373197355751429,0.44311588255056505,0.21905030643915194,0.02589137285330922,C,30.0,5.0,2.0385687441784923,2.54
sub-048,C,65.0,30.0,9.5,0.5,0.44003009398630716,0.8800773834238578,0.20764107681818567,0.08373197355751429,0.44311588255056505,0.21905030643915194,0.02589137285330922,C,30.0,15.0,8.564021678109803,3.24
sub-048,C,65.0,30.0,9.5,0.5,0.44003009398630716,0.8800773834238578,0.20764107681818567,0.08373197355751429,0.44311588255056505,0.21905030643915194,0.02589137285330922,C,30.0,20.0,8.834852099766497,3.024
sub-049,C,62.0,30.0,10.25,0.25,0.2970707581037255,0.8056900890473353,0.15420040301143803,0.06407168848855882,0.5450293251226603,0.18971849352256873,0.02894937267546538,C,30.0,5.0,-1.603945618766628,2.528
sub-049,C,62.0,30.0,10.25,0.25,0.2970707581037255,0.8056900890473353,0.15420040301143803,0.06407168848855882,0.5450293251226603,0.18971849352256873,0.02894937267546538,C,30.0,10.0,8.049998862225685,2.628
sub-049,C,62.0,30.0,10.25,0.25,0.2970707581037255,0.8056900890473353,0.15420040301143803,0.06407168848855882,0.5450293251226603,0.18971849352256873,0.02894937267546538,C,30.0,15.0,17.29233990422599,2.568
sub-049,C,62.0,30.0,10.25,0.25,0.2970707581037255,0.8056900890473353,0.15420040301143803,0.06407168848855882,0.5450293251226603,0.18971849352256873,0.02894937267546538,C,30.0,20.0,20.273617007245154,2.48
sub-050,C,68.0,30.0,10.0,0.0,0.3254826951818232,0.729798644701302,0.1282840837602773,0.09538327431817137,0.5652418927250341,0.12194474235398968,0.047894760773631986,C,30.0,5.0,6.535032774024083,3.224
sub-050,C,68.0,30.0,10.0,0.0,0.3254826951818232,0.729798644701302,0.1282840837602773,0.09538327431817137,0.5652418927250341,0.12194474235398968,0.047894760773631986,C,30.0,10.0,7.082103555791562,2.82
sub-050,C,68.0,30.0,10.0,0.0,0.3254826951818232,0.729798644701302,0.1282840837602773,0.09538327431817137,0.5652418927250341,0.12194474235398968,0.047894760773631986,C,30.0,15.0,11.283005364960092,2.672
sub-050,C,68.0,30.0,10.0,0.0,0.3254826951818232,0.729798644701302,0.1282840837602773,0.09538327431817137,0.5652418927250341,0.12194474235398968,0.047894760773631986,C,30.0,20.0,-0.95341335098568,3.184
sub-051,C,75.0,30.0,9.75,0.25,0.417051821388836,0.6200461649903698,0.1598840223191939,0.10245587385121091,0.421378897584829,0.20765539195928412,0.0805245405807572,C,30.0,5.0,-7.146192977248816,2.34
sub-051,C,75.0,30.0,9.75,0.25,0.417051821388836,0.6200461649903698,0.1598840223191939,0.10245587385121091,0.421378897584829,0.20765539195928412,0.0805245405807572,C,30.0,10.0,13.878546510826176,2.336
sub-051,C,75.0,30.0,9.75,0.25,0.417051821388836,0.6200461649903698,0.1598840223191939,0.10245587385121091,0.421378897584829,0.20765539195928412,0.0805245405807572,C,30.0,15.0,9.851956448730416,2.636
sub-051,C,75.0,30.0,9.75,0.25,0.417051821388836,0.6200461649903698,0.1598840223191939,0.10245587385121091,0.421378897584829,0.20765539195928412,0.0805245405807572,C,30.0,20.0,6.703987710165524,2.304
sub-052,C,73.0,30.0,10.0,0.0,0.43149662455589927,0.6941424971188234,0.1836837551540969,0.09811221126356252,0.40965671202828635,0.24340973248373446,0.03793423806034628,C,30.0,5.0,4.993950261171806,2.192
sub-052,C,73.0,30.0,10.0,0.0,0.43149662455589927,0.6941424971188234,0.1836837551540969,0.09811221126356252,0.40965671202828635,0.24340973248373446,0.03793423806034628,C,30.0,10.0,8.363320978540504,2.457
sub-052,C,73.0,30.0,10.0,0.0,0.43149662455589927,0.6941424971188234,0.1836837551540969,0.09811221126356252,0.40965671202828635,0.24340973248373446,0.03793423806034628,C,30.0,15.0,8.736888172536702,2.79
sub-052,C,73.0,30.0,10.0,0.0,0.43149662455589927,0.6941424971188234,0.1836837551540969,0.09811221126356252,0.40965671202828635,0.24340973248373446,0.03793423806034628,C,30.0,20.0,4.559253245583717,3.098
sub-053,C,70.0,30.0,8.25,1.75,0.2377614749522358,0.662245310039867,0.08129068956526515,0.09391432467681218,0.6194325460222833,0.1174614956944183,0.03160861023065437,C,30.0,5.0,6.675912673187703,2.366
sub-053,C,70.0,30.0,8.25,1.75,0.2377614749522358,0.662245310039867,0.08129068956526515,0.09391432467681218,0.6194325460222833,0.1174614956944183,0.03160861023065437,C,30.0,10.0,5.894077116509804,2.4
sub-053,C,70.0,30.0,8.25,1.75,0.2377614749522358,0.662245310039867,0.08129068956526515,0.09391432467681218,0.6194325460222833,0.1174614956944183,0.03160861023065437,C,30.0,15.0,10.725218569505463,2.692
sub-053,C,70.0,30.0,8.25,1.75,0.2377614749522358,0.662245310039867,0.08129068956526515,0.09391432467681218,0.6194325460222833,0.1174614956944183,0.03160861023065437,C,30.0,20.0,3.4601027996983653,2.8
sub-054,C,78.0,30.0,10.25,0.25,0.17685268173016733,0.7836182971480529,0.0690165893416621,0.07676395255146753,0.6848931218950611,0.13941183331932494,0.009552864042367463,C,30.0,5.0,4.697583606621775,2.489
sub-054,C,78.0,30.0,10.25,0.25,0.17685268173016733,0.7836182971480529,0.0690165893416621,0.07676395255146753,0.6848931218950611,0.13941183331932494,0.009552864042367463,C,30.0,10.0,2.433914794770443,2.809
sub-054,C,78.0,30.0,10.25,0.25,0.17685268173016733,0.7836182971480529,0.0690165893416621,0.07676395255146753,0.6848931218950611,0.13941183331932494,0.009552864042367463,C,30.0,15.0,8.90327494387258,2.334
sub-054,C,78.0,30.0,10.25,0.25,0.17685268173016733,0.7836182971480529,0.0690165893416621,0.07676395255146753,0.6848931218950611,0.13941183331932494,0.009552864042367463,C,30.0,20.0,13.690758145653474,2.508
sub-055,C,67.0,30.0,11.25,1.25,0.21713089922534182,0.14020566452486277,0.1045325850893955,0.06066427145383599,0.28997447116658326,0.4708424237691653,0.04503922254416197,C,30.0,5.0,-2.1862883840330056,3.028
sub-055,C,67.0,30.0,11.25,1.25,0.21713089922534182,0.14020566452486277,0.1045325850893955,0.06066427145383599,0.28997447116658326,0.4708424237691653,0.04503922254416197,C,30.0,10.0,11.641359316552112,2.74
sub-055,C,67.0,30.0,11.25,1.25,0.21713089922534182,0.14020566452486277,0.1045325850893955,0.06066427145383599,0.28997447116658326,0.4708424237691653,0.04503922254416197,C,30.0,15.0,10.4306219342668,3.112
sub-055,C,67.0,30.0,11.25,1.25,0.21713089922534182,0.14020566452486277,0.1045325850893955,0.06066427145383599,0.28997447116658326,0.4708424237691653,0.04503922254416197,C,30.0,20.0,19.03078648476052,2.272
sub-056,C,64.0,30.0,8.75,1.25,0.13513411706950626,0.9373715220216351,0.05089171910045439,0.06471796408232953,0.7731265373830236,0.08239156337401968,0.008640543692099135,C,30.0,5.0,7.45437083021709,2.827
sub-056,C,64.0,30.0,8.75,1.25,0.13513411706950626,0.9373715220216351,0.05089171910045439,0.06471796408232953,0.7731265373830236,0.08239156337401968,0.008640543692099135,C,30.0,10.0,13.413245233659929,3.0
sub-056,C,64.0,30.0,8.75,1.25,0.13513411706950626,0.9373715220216351,0.05089171910045439,0.06471796408232953,0.7731265373830236,0.08239156337401968,0.008640543692099135,C,30.0,15.0,12.530228357952469,2.862
sub-056,C,64.0,30.0,8.75,1.25,0.13513411706950626,0.9373715220216351,0.05089171910045439,0.06471796408232953,0.7731265373830236,0.08239156337401968,0.008640543692099135,C,30.0,20.0,8.263776216165528,2.64
sub-057,C,64.0,30.0,11.25,1.25,0.3889055459503893,0.957375115972229,0.16324847464712122,0.10165968023330546,0.4696459485579371,0.21151727382053642,0.027435287914063567,C,30.0,10.0,10.798204617605172,3.194
sub-057,C,64.0,30.0,11.25,1.25,0.3889055459503893,0.957375115972229,0.16324847464712122,0.10165968023330546,0.4696459485579371,0.21151727382053642,0.027435287914063567,C,30.0,15.0,8.578320863331964,3.28
sub-057,C,64.0,30.0,11.25,1.25,0.3889055459503893,0.957375115972229,0.16324847464712122,0.10165968023330546,0.4696459485579371,0.21151727382053642,0.027435287914063567,C,30.0,20.0,9.167848860797967,2.912
sub-058,C,62.0,30.0,9.0,1.0,0.2039860274025984,0.2638740135397874,0.09283094468915006,0.06349718385037235,0.5168856842701516,0.24948116217558247,0.05074443659421922,C,30.0,10.0,2.4139246512900505,2.48
sub-058,C,62.0,30.0,9.0,1.0,0.2039860274025984,0.2638740135397874,0.09283094468915006,0.06349718385037235,0.5168856842701516,0.24948116217558247,0.05074443659421922,C,30.0,15.0,3.5319956877368277,2.43
sub-058,C,62.0,30.0,9.0,1.0,0.2039860274025984,0.2638740135397874,0.09283094468915006,0.06349718385037235,0.5168856842701516,0.24948116217558247,0.05074443659421922,C,30.0,20.0,-1.2344224467996383,2.752
sub-059,C,77.0,30.0,9.75,0.25,0.484146418903515,0.5867659207717146,0.19138056741175294,0.1055279576071613,0.3147948210968421,0.29846702165590755,0.06108865965208818,C,30.0,5.0,11.129126834072933,2.528
sub-059,C,77.0,30.0,9.75,0.25,0.484146418903515,0.5867659207717146,0.19138056741175294,0.1055279576071613,0.3147948210968421,0.29846702165590755,0.06108865965208818,C,30.0,10.0,10.982126004175104,3.302
sub-059,C,77.0,30.0,9.75,0.25,0.484146418903515,0.5867659207717146,0.19138056741175294,0.1055279576071613,0.3147948210968421,0.29846702165590755,0.06108865965208818,C,30.0,15.0,16.415431362370995,2.652
sub-059,C,77.0,30.0,9.75,0.25,0.484146418903515,0.5867659207717146,0.19138056741175294,0.1055279576071613,0.3147948210968421,0.29846702165590755,0.06108865965208818,C,30.0,20.0,11.855132367116394,3.48
sub-060,C,71.0,30.0,11.25,1.25,0.5263637719993294,0.41702987866786795,0.24646584472516886,0.07344798022953608,0.14495888484287703,0.46282197313591367,0.05106811649233733,C,30.0,10.0,17.321196006172897,2.88
sub-060,C,71.0,30.0,11.25,1.25,0.5263637719993294,0.41702987866786795,0.24646584472516886,0.07344798022953608,0.14495888484287703,0.46282197313591367,0.05106811649233733,C,30.0,15.0,7.938077869181347,2.67
sub-060,C,71.0,30.0,11.25,1.25,0.5263637719993294,0.41702987866786795,0.24646584472516886,0.07344798022953608,0.14495888484287703,0.46282197313591367,0.05106811649233733,C,30.0,20.0,11.718673045928842,2.472
sub-061,C,63.0,30.0,10.0,0.0,2.136082766514349,1.2372953818709005,0.5378447580288225,0.0903047256673308,0.19834409778825943,0.0957219812715726,0.05391828447785948,C,30.0,5.0,4.444432012147443,3.302
sub-061,C,63.0,30.0,10.0,0.0,2.136082766514349,1.2372953818709005,0.5378447580288225,0.0903047256673308,0.19834409778825943,0.0957219812715726,0.05391828447785948,C,30.0,10.0,16.402029582336635,2.446
sub-061,C,63.0,30.0,10.0,0.0,2.136082766514349,1.2372953818709005,0.5378447580288225,0.0903047256673308,0.19834409778825943,0.0957219812715726,0.05391828447785948,C,30.0,15.0,14.125548833568445,3.078
sub-061,C,63.0,30.0,10.0,0.0,2.136082766514349,1.2372953818709005,0.5378447580288225,0.0903047256673308,0.19834409778825943,0.0957219812715726,0.05391828447785948,C,30.0,20.0,7.7082836311928995,2.64
sub-062,C,67.0,30.0,9.0,1.0,0.14689623333101567,0.8947396915878589,0.06648484492273288,0.05812979593983657,0.7310699654325179,0.11724750355093143,0.00961889679943769,C,30.0,5.0,10.426956245386648,3.032
sub-062,C,67.0,30.0,9.0,1.0,0.14689623333101567,0.8947396915878589,0.06648484492273288,0.05812979593983657,0.7310699654325179,0.11724750355093143,0.00961889679943769,C,30.0,10.0,4.237648298848618,3.052
sub-062,C,67.0,30.0,9.0,1.0,0.14689623333101567,0.8947396915878589,0.06648484492273288,0.05812979593983657,0.7310699654325179,0.11724750355093143,0.00961889679943769,C,30.0,15.0,13.673380937425064,3.18
sub-062,C,67.0,30.0,9.0,1.0,0.14689623333101567,0.8947396915878589,0.06648484492273288,0.05812979593983657,0.7310699654325179,0.11724750355093143,0.00961889679943769,C,30.0,20.0,-0.7546878925614298,2.928
sub-063,C,66.0,30.0,9.75,0.25,0.9347716346855622,0.8606332028600899,0.3358451960297694,0.10854006331466984,0.19606230247983605,0.2793321605688007,0.051843549234554843,C,30.0,5.0,6.649563406159318,3.04
sub-063,C,66.0,30.0,9.75,0.25,0.9347716346855622,0.8606332028600899,0.3358451960297694,0.10854006331466984,0.19606230247983605,0.2793321605688007,0.051843549234554843,C,30.0,10.0,17.372241975685235,2.786
sub-063,C,66.0,30.0,9.75,0.25,0.9347716346855622,0.8606332028600899,0.3358451960297694,0.10854006331466984,0.19606230247983605,0.2793321605688007,0.051843549234554843,C,30.0,15.0,8.324616342795577,3.414
sub-063,C,66.0,30.0,9.75,0.25,0.9347716346855622,0.8606332028600899,0.3358451960297694,0.10854006331466984,0.19606230247983605,0.2793321605688007,0.051843549234554843,C,30.0,20.0,8.154390395428457,2.784
sub-064,C,66.0,30.0,9.5,0.5,0.17011332980458538,0.7878354571147954,0.08306842410746747,0.05776890433270592,0.6948213930840875,0.13308156197509408,0.008489348953100545,C,30.0,5.0,1.2151846464261915,3.014
sub-065,C,71.0,30.0,10.5,0.5,0.491837626224044,0.5719923540484042,0.236419289067645,0.06842897177096162,0.266803002622054,0.35301183988806506,0.05066135105861492,C,30.0,5.0,11.362527238676812,3.32
sub-066,F,73.0,20.0,7.75,2.25,4.015861039897554,2.1257316791113148,0.5106776295880393,0.2509952362568928,0.1537185878581894,0.03594755304601945,0.005010646725650477,F,20.0,5.0,10.809732467700796,2.728
sub-066,F,73.0,20.0,7.75,2.25,4.015861039897554,2.1257316791113148,0.5106776295880393,0.2509952362568928,0.1537185878581894,0.03594755304601945,0.005010646725650477,F,20.0,10.0,8.866179789396908,3.458
sub-066,F,73.0,20.0,7.75,2.25,4.015861039897554,2.1257316791113148,0.5106776295880393,0.2509952362568928,0.1537185878581894,0.03594755304601945,0.005010646725650477,F,20.0,15.0,5.1423116196682255,2.679
sub-066,F,73.0,20.0,7.75,2.25,4.015861039897554,2.1257316791113148,0.5106776295880393,0.2509952362568928,0.1537185878581894,0.03594755304601945,0.005010646725650477,F,20.0,20.0,10.208542033719068,2.902
sub-067,F,66.0,24.0,12.0,2.0,0.23961576464739762,0.04245737190038581,0.12009977176416335,0.04022413332079326,0.2696211966580773,0.39946627060802026,0.1424334948757566,F,24.0,5.0,6.041617906506301,3.288
sub-067,F,66.0,24.0,12.0,2.0,0.23961576464739762,0.04245737190038581,0.12009977176416335,0.04022413332079326,0.2696211966580773,0.39946627060802026,0.1424334948757566,F,24.0,10.0,8.468351102143782,2.773
sub-067,F,66.0,24.0,12.0,2.0,0.23961576464739762,0.04245737190038581,0.12009977176416335,0.04022413332079326,0.2696211966580773,0.39946627060802026,0.1424334948757566,F,24.0,15.0,5.055719904406908,2.8
sub-067,F,66.0,24.0,12.0,2.0,0.23961576464739762,0.04245737190038581,0.12009977176416335,0.04022413332079326,0.2696211966580773,0.39946627060802026,0.1424334948757566,F,24.0,20.0,13.570549828989307,2.998
sub-068,F,78.0,25.0,8.75,1.25,0.39891448003537233,0.7650810914024643,0.1756370926150611,0.09174793826973139,0.5157478445003265,0.15453374282406218,0.03566078673534229,F,25.0,5.0,0.2662500018246961,3.3129999999999997
sub-068,F,78.0,25.0,8.75,1.25,0.39891448003537233,0.7650810914024643,0.1756370926150611,0.09174793826973139,0.5157478445003265,0.15453374282406218,0.03566078673534229,F,25.0,10.0,0.5991787110869646,3.374
sub-068,F,78.0,25.0,8.75,1.25,0.39891448003537233,0.7650810914024643,0.1756370926150611,0.09174793826973139,0.5157478445003265,0.15453374282406218,0.03566078673534229,F,25.0,15.0,1.45342211401819,3.302
sub-068,F,78.0,25.0,8.75,1.25,0.39891448003537233,0.7650810914024643,0.1756370926150611,0.09174793826973139,0.5157478445003265,0.15453374282406218,0.03566078673534229,F,25.0,20.0,4.432344483091059,3.568
sub-069,F,70.0,22.0,8.25,1.75,2.242510251427494,1.992597551109648,0.22755293087879844,0.4216677937067612,0.24405905783789814,0.045447188197004565,0.006010321526597628,F,22.0,5.0,10.993686101734149,2.7409999999999997
sub-069,F,70.0,22.0,8.25,1.75,2.242510251427494,1.992597551109648,0.22755293087879844,0.4216677937067612,0.24405905783789814,0.045447188197004565,0.006010321526597628,F,22.0,10.0,8.237917491183985,2.906
sub-069,F,70.0,22.0,8.25,1.75,2.242510251427494,1.992597551109648,0.22755293087879844,0.4216677937067612,0.24405905783789814,0.045447188197004565,0.006010321526597628,F,22.0,15.0,8.014739670711784,4.08
sub-069,F,70.0,22.0,8.25,1.75,2.242510251427494,1.992597551109648,0.22755293087879844,0.4216677937067612,0.24405905783789814,0.045447188197004565,0.006010321526597628,F,22.0,20.0,-2.75289904555116,2.886
sub-070,F,67.0,22.0,8.75,1.25,0.7540343280632681,0.7925336774752627,0.23639309462002606,0.1451289355571882,0.2564362462386086,0.24953810529675313,0.08248146088231587,F,22.0,5.0,6.819723173343476,3.2430000000000003
sub-070,F,67.0,22.0,8.75,1.25,0.7540343280632681,0.7925336774752627,0.23639309462002606,0.1451289355571882,0.2564362462386086,0.24953810529675313,0.08248146088231587,F,22.0,10.0,11.12575780718478,2.24
sub-070,F,67.0,22.0,8.75,1.25,0.7540343280632681,0.7925336774752627,0.23639309462002606,0.1451289355571882,0.2564362462386086,0.24953810529675313,0.08248146088231587,F,22.0,15.0,12.395342303511676,3.278
sub-070,F,67.0,22.0,8.75,1.25,0.7540343280632681,0.7925336774752627,0.23639309462002606,0.1451289355571882,0.2564362462386086,0.24953810529675313,0.08248146088231587,F,22.0,20.0,0.9860879004270566,2.888
sub-071,F,62.0,20.0,9.5,0.5,0.34519011722723714,0.640016316820468,0.14008366529662314,0.0992164190517292,0.45155036885292094,0.24169104335941693,0.041467275760926445,F,20.0,5.0,5.828838265794169,2.6790000000000003
sub-071,F,62.0,20.0,9.5,0.5,0.34519011722723714,0.640016316820468,0.14008366529662314,0.0992164190517292,0.45155036885292094,0.24169104335941693,0.041467275760926445,F,20.0,10.0,9.72835104732641,2.756
sub-071,F,62.0,20.0,9.5,0.5,0.34519011722723714,0.640016316820468,0.14008366529662314,0.0992164190517292,0.45155036885292094,0.24169104335941693,0.041467275760926445,F,20.0,15.0,7.663582144291826,2.894
sub-071,F,62.0,20.0,9.5,0.5,0.34519011722723714,0.640016316820468,0.14008366529662314,0.0992164190517292,0.45155036885292094,0.24169104335941693,0.041467275760926445,F,20.0,20.0,10.105364958015777,3.104
sub-072,F,65.0,18.0,7.25,2.75,5.58139029467532,1.9332763376585016,0.5688229934082486,0.2457792953128485,0.08349478401272122,0.06245492487938626,0.009836476851308068,F,18.0,5.0,3.2481810454597726,3.091
sub-072,F,65.0,18.0,7.25,2.75,5.58139029467532,1.9332763376585016,0.5688229934082486,0.2457792953128485,0.08349478401272122,0.06245492487938626,0.009836476851308068,F,18.0,10.0,9.260507212369893,2.584
sub-072,F,65.0,18.0,7.25,2.75,5.58139029467532,1.9332763376585016,0.5688229934082486,0.2457792953128485,0.08349478401272122,0.06245492487938626,0.009836476851308068,F,18.0,15.0,5.348415489239946,2.856
sub-072,F,65.0,18.0,7.25,2.75,5.58139029467532,1.9332763376585016,0.5688229934082486,0.2457792953128485,0.08349478401272122,0.06245492487938626,0.009836476851308068,F,18.0,20.0,7.957706458927657,2.928
sub-073,F,57.0,22.0,9.75,0.25,0.6100476910406948,1.070594638473337,0.19212431619366258,0.15959905341273398,0.44391735042120845,0.13263326155862434,0.039313617528277355,F,22.0,5.0,9.568594849719313,2.8369999999999997
sub-073,F,57.0,22.0,9.75,0.25,0.6100476910406948,1.070594638473337,0.19212431619366258,0.15959905341273398,0.44391735042120845,0.13263326155862434,0.039313617528277355,F,22.0,10.0,-2.5685141439860217,2.826
sub-073,F,57.0,22.0,9.75,0.25,0.6100476910406948,1.070594638473337,0.19212431619366258,0.15959905341273398,0.44391735042120845,0.13263326155862434,0.039313617528277355,F,22.0,15.0,6.805438536083788,2.736
sub-073,F,57.0,22.0,9.75,0.25,0.6100476910406948,1.070594638473337,0.19212431619366258,0.15959905341273398,0.44391735042120845,0.13263326155862434,0.039313617528277355,F,22.0,20.0,10.13968137918144,2.49
sub-074,F,53.0,20.0,10.0,0.0,0.5544108882264305,0.9867245881119214,0.17743609035044206,0.14925054156278864,0.43769361230618314,0.15155641659982666,0.050231636367454195,F,20.0,5.0,7.621201109611638,3.68
sub-074,F,53.0,20.0,10.0,0.0,0.5544108882264305,0.9867245881119214,0.17743609035044206,0.14925054156278864,0.43769361230618314,0.15155641659982666,0.050231636367454195,F,20.0,10.0,11.495588407675992,3.066
sub-074,F,53.0,20.0,10.0,0.0,0.5544108882264305,0.9867245881119214,0.17743609035044206,0.14925054156278864,0.43769361230618314,0.15155641659982666,0.050231636367454195,F,20.0,15.0,11.1496041308429,2.732
sub-074,F,53.0,20.0,10.0,0.0,0.5544108882264305,0.9867245881119214,0.17743609035044206,0.14925054156278864,0.43769361230618314,0.15155641659982666,0.050231636367454195,F,20.0,20.0,4.050160829000491,2.546
sub-075,F,71.0,22.0,10.75,0.75,0.4241916822331873,0.8416814535102425,0.09168546094932059,0.18183076063902823,0.44480925803755084,0.1999846713209957,0.04408031234249698,F,22.0,5.0,8.0791636164812,3.967
sub-075,F,71.0,22.0,10.75,0.75,0.4241916822331873,0.8416814535102425,0.09168546094932059,0.18183076063902823,0.44480925803755084,0.1999846713209957,0.04408031234249698,F,22.0,10.0,6.526400428605932,3.5940000000000003
sub-075,F,71.0,22.0,10.75,0.75,0.4241916822331873,0.8416814535102425,0.09168546094932059,0.18183076063902823,0.44480925803755084,0.1999846713209957,0.04408031234249698,F,22.0,15.0,3.930005616311903,2.952
sub-075,F,71.0,22.0,10.75,0.75,0.4241916822331873,0.8416814535102425,0.09168546094932059,0.18183076063902823,0.44480925803755084,0.1999846713209957,0.04408031234249698,F,22.0,20.0,2.1837278545999146,2.824
sub-076,F,44.0,24.0,8.25,1.75,0.5394407748688902,0.28429887627204614,0.14469275103360513,0.13701397074975533,0.17103606314445405,0.3511838633188887,0.16409894697413016,F,24.0,5.0,7.729060162057016,2.8
sub-076,F,44.0,24.0,8.25,1.75,0.5394407748688902,0.28429887627204614,0.14469275103360513,0.13701397074975533,0.17103606314445405,0.3511838633188887,0.16409894697413016,F,24.0,10.0,17.192921678990217,2.854
sub-076,F,44.0,24.0,8.25,1.75,0.5394407748688902,0.28429887627204614,0.14469275103360513,0.13701397074975533,0.17103606314445405,0.3511838633188887,0.16409894697413016,F,24.0,15.0,22.269299862137455,2.296
sub-076,F,44.0,24.0,8.25,1.75,0.5394407748688902,0.28429887627204614,0.14469275103360513,0.13701397074975533,0.17103606314445405,0.3511838633188887,0.16409894697413016,F,24.0,20.0,9.019232773982836,2.538
sub-078,F,62.0,22.0,11.0,1.0,1.220751311395436,0.817643400945537,0.3788980873379204,0.12316089829451526,0.13939035843226522,0.27188012798526234,0.060887572904645734,F,22.0,5.0,2.3011328705872005,3.284
sub-078,F,62.0,22.0,11.0,1.0,1.220751311395436,0.817643400945537,0.3788980873379204,0.12316089829451526,0.13939035843226522,0.27188012798526234,0.060887572904645734,F,22.0,20.0,8.178337694839438,2.888
sub-079,F,60.0,18.0,10.25,0.25,0.47711584163727305,0.7927100231431907,0.21057843193539405,0.08478680320792929,0.40892688048206044,0.21013710643094285,0.06385517522621474,F,18.0,5.0,5.687198922767378,3.082
sub-079,F,60.0,18.0,10.25,0.25,0.47711584163727305,0.7927100231431907,0.21057843193539405,0.08478680320792929,0.40892688048206044,0.21013710643094285,0.06385517522621474,F,18.0,10.0,8.93758018538706,3.272
sub-079,F,60.0,18.0,10.25,0.25,0.47711584163727305,0.7927100231431907,0.21057843193539405,0.08478680320792929,0.40892688048206044,0.21013710643094285,0.06385517522621474,F,18.0,15.0,6.832261677038566,2.608
sub-079,F,60.0,18.0,10.25,0.25,0.47711584163727305,0.7927100231431907,0.21057843193539405,0.08478680320792929,0.40892688048206044,0.21013710643094285,0.06385517522621474,F,18.0,20.0,7.814568945809074,3.016
sub-080,F,71.0,20.0,9.75,0.25,0.08409492580505491,0.4866673934214856,0.031501066505904306,0.04418568223073929,0.7422974064639971,0.15771823671639185,0.014981110855566408,F,20.0,5.0,10.414810214779148,4.434
sub-080,F,71.0,20.0,9.75,0.25,0.08409492580505491,0.4866673934214856,0.031501066505904306,0.04418568223073929,0.7422974064639971,0.15771823671639185,0.014981110855566408,F,20.0,10.0,14.980643182296763,3.67
sub-080,F,71.0,20.0,9.75,0.25,0.08409492580505491,0.4866673934214856,0.031501066505904306,0.04418568223073929,0.7422974064639971,0.15771823671639185,0.014981110855566408,F,20.0,15.0,10.274098305436468,4.258
sub-080,F,71.0,20.0,9.75,0.25,0.08409492580505491,0.4866673934214856,0.031501066505904306,0.04418568223073929,0.7422974064639971,0.15771823671639185,0.014981110855566408,F,20.0,20.0,11.650249247711509,3.168
sub-081,F,61.0,18.0,8.5,1.5,1.3366362366502589,1.5279302157227568,0.26817972862915723,0.26940766456165405,0.29104569375359507,0.11114854462651791,0.019726266003722154,F,18.0,5.0,2.531680426262791,3.672
sub-081,F,61.0,18.0,8.5,1.5,1.3366362366502589,1.5279302157227568,0.26817972862915723,0.26940766456165405,0.29104569375359507,0.11114854462651791,0.019726266003722154,F,18.0,10.0,9.198848718061912,3.456
sub-081,F,61.0,18.0,8.5,1.5,1.3366362366502589,1.5279302157227568,0.26817972862915723,0.26940766456165405,0.29104569375359507,0.11114854462651791,0.019726266003722154,F,18.0,15.0,9.676415712719267,3.2
sub-081,F,61.0,18.0,8.5,1.5,1.3366362366502589,1.5279302157227568,0.26817972862915723,0.26940766456165405,0.29104569375359507,0.11114854462651791,0.019726266003722154,F,18.0,20.0,9.262887709745828,2.856
sub-082,F,63.0,27.0,9.0,1.0,0.4960773878292805,0.9133792468441961,0.19338986242215153,0.1195712606972804,0.45798913325048285,0.17288244202707043,0.03040699559731154,F,27.0,5.0,-0.2159071750999394,2.52
sub-082,F,63.0,27.0,9.0,1.0,0.4960773878292805,0.9133792468441961,0.19338986242215153,0.1195712606972804,0.45798913325048285,0.17288244202707043,0.03040699559731154,F,27.0,10.0,10.95351658686031,2.624
sub-082,F,63.0,27.0,9.0,1.0,0.4960773878292805,0.9133792468441961,0.19338986242215153,0.1195712606972804,0.45798913325048285,0.17288244202707043,0.03040699559731154,F,27.0,15.0,11.201855540033518,3.366
sub-082,F,63.0,27.0,9.0,1.0,0.4960773878292805,0.9133792468441961,0.19338986242215153,0.1195712606972804,0.45798913325048285,0.17288244202707043,0.03040699559731154,F,27.0,20.0,10.56015089750489,3.206
sub-083,F,68.0,20.0,12.0,2.0,0.7037899772786758,0.4440382672617992,0.2214325703928295,0.10620031671736743,0.20090885768717454,0.2646176455134613,0.17997064295404955,F,20.0,5.0,3.5243678267489575,4.874
sub-083,F,68.0,20.0,12.0,2.0,0.7037899772786758,0.4440382672617992,0.2214325703928295,0.10620031671736743,0.20090885768717454,0.2646176455134613,0.17997064295404955,F,20.0,10.0,18.142426874870388,2.57
sub-083,F,68.0,20.0,12.0,2.0,0.7037899772786758,0.4440382672617992,0.2214325703928295,0.10620031671736743,0.20090885768717454,0.2646176455134613,0.17997064295404955,F,20.0,15.0,3.473350727041619,2.96
sub-083,F,68.0,20.0,12.0,2.0,0.7037899772786758,0.4440382672617992,0.2214325703928295,0.10620031671736743,0.20090885768717454,0.2646176455134613,0.17997064295404955,F,20.0,20.0,8.855473800273609,3.28
sub-084,F,71.0,24.0,7.0,3.0,3.1613890779493525,1.588112325938339,0.44636201568774564,0.2722643443801187,0.12034512361376688,0.10696835864005437,0.025485098319768702,F,24.0,10.0,12.45221821869793,3.382
sub-084,F,71.0,24.0,7.0,3.0,3.1613890779493525,1.588112325938339,0.44636201568774564,0.2722643443801187,0.12034512361376688,0.10696835864005437,0.025485098319768702,F,24.0,15.0,11.412276311720206,3.11
sub-084,F,71.0,24.0,7.0,3.0,3.1613890779493525,1.588112325938339,0.44636201568774564,0.2722643443801187,0.12034512361376688,0.10696835864005437,0.025485098319768702,F,24.0,20.0,6.875398914603325,2.546
sub-085,F,64.0,26.0,7.0,3.0,4.523272251322028,1.4861518964265625,0.4036567332851286,0.3340481186662225,0.058992658510191504,0.10409830992217299,0.07457174359394812,F,26.0,5.0,-2.783443787784238,2.614
sub-085,F,64.0,26.0,7.0,3.0,4.523272251322028,1.4861518964265625,0.4036567332851286,0.3340481186662225,0.058992658510191504,0.10409830992217299,0.07457174359394812,F,26.0,10.0,3.0131022787463353,3.976
sub-085,F,64.0,26.0,7.0,3.0,4.523272251322028,1.4861518964265625,0.4036567332851286,0.3340481186662225,0.058992658510191504,0.10409830992217299,0.07457174359394812,F,26.0,15.0,-0.6265596479322146,3.032
sub-085,F,64.0,26.0,7.0,3.0,4.523272251322028,1.4861518964265625,0.4036567332851286,0.3340481186662225,0.058992658510191504,0.10409830992217299,0.07457174359394812,F,26.0,20.0,10.22389010802728,3.304
sub-086,F,49.0,26.0,11.0,1.0,2.8183217046499993,1.33262821734547,0.6057382946727916,0.08568150383101601,0.13863349746769646,0.10669683418430113,0.04253145794084773,F,26.0,5.0,2.0495510285897174,6.712
sub-086,F,49.0,26.0,11.0,1.0,2.8183217046499993,1.33262821734547,0.6057382946727916,0.08568150383101601,0.13863349746769646,0.10669683418430113,0.04253145794084773,F,26.0,10.0,2.6164359909242902,4.936
sub-087,F,73.0,24.0,10.5,0.5,1.5686701632685074,1.4044969429886986,0.39632313854100004,0.17876448184747054,0.21431191950569342,0.15229645608182238,0.021370005693216256,F,24.0,5.0,-0.8911581550343128,3.346
sub-087,F,73.0,24.0,10.5,0.5,1.5686701632685074,1.4044969429886986,0.39632313854100004,0.17876448184747054,0.21431191950569342,0.15229645608182238,0.021370005693216256,F,24.0,10.0,17.417832362772593,3.358
sub-087,F,73.0,24.0,10.5,0.5,1.5686701632685074,1.4044969429886986,0.39632313854100004,0.17876448184747054,0.21431191950569342,0.15229645608182238,0.021370005693216256,F,24.0,15.0,14.750469909300302,2.872
sub-087,F,73.0,24.0,10.5,0.5,1.5686701632685074,1.4044969429886986,0.39632313854100004,0.17876448184747054,0.21431191950569342,0.15229645608182238,0.021370005693216256,F,24.0,20.0,11.648165998377651,2.8
sub-088,F,55.0,24.0,9.75,0.25,0.4681659628336615,1.0389365431073587,0.12168024838256927,0.17934066040780258,0.4326965762016027,0.2102824797049541,0.022943967597577768,F,24.0,5.0,0.9622475085966132,2.808
sub-088,F,55.0,24.0,9.75,0.25,0.4681659628336615,1.0389365431073587,0.12168024838256927,0.17934066040780258,0.4326965762016027,0.2102824797049541,0.022943967597577768,F,24.0,10.0,15.334494094325738,2.784
sub-088,F,55.0,24.0,9.75,0.25,0.4681659628336615,1.0389365431073587,0.12168024838256927,0.17934066040780258,0.4326965762016027,0.2102824797049541,0.022943967597577768,F,24.0,15.0,7.566270620107385,2.514
sub-088,F,55.0,24.0,9.75,0.25,0.4681659628336615,1.0389365431073587,0.12168024838256927,0.17934066040780258,0.4326965762016027,0.2102824797049541,0.022943967597577768,F,24.0,20.0,9.592829388091332,2.84
