subject,n_channels,sfreq_hz,duration_s,all_finite,has_posterior_roi,n_windows,n_windows_kept_300uv,fraction_windows_kept_300uv
sub-001,19,500.0,599.798,True,True,149,149,1.0
sub-002,19,500.0,793.098,True,True,198,197,0.9949494949494949
sub-003,19,500.0,306.098,True,True,76,76,1.0
sub-004,19,500.0,706.098,True,True,176,176,1.0
sub-005,19,500.0,804.098,True,True,201,199,0.9900497512437811
sub-006,19,500.0,632.398,True,True,158,158,1.0
sub-007,19,500.0,766.418,True,True,191,191,1.0
sub-008,19,500.0,793.398,True,True,198,192,0.9696969696969697
sub-009,19,500.0,612.598,True,True,153,152,0.9934640522875817
sub-010,19,500.0,1281.718,True,True,320,320,1.0
sub-011,19,500.0,769.918,True,True,192,176,0.9166666666666666
sub-012,19,500.0,883.518,True,True,220,212,0.9636363636363636
sub-013,19,500.0,838.098,True,True,209,203,0.9712918660287081
sub-014,19,500.0,934.438,True,True,233,224,0.9613733905579399
sub-015,19,500.0,901.378,True,True,225,225,1.0
sub-016,19,500.0,972.358,True,True,243,231,0.9506172839506173
sub-017,19,500.0,843.398,True,True,210,205,0.9761904761904762
sub-018,19,500.0,845.098,True,True,211,210,0.995260663507109
sub-019,19,500.0,918.618,True,True,229,229,1.0
sub-020,19,500.0,869.298,True,True,217,216,0.9953917050691244
sub-021,19,500.0,920.278,True,True,230,228,0.991304347826087
sub-022,19,500.0,821.918,True,True,205,195,0.9512195121951219
sub-023,19,500.0,834.738,True,True,208,202,0.9711538461538461
sub-024,19,500.0,759.798,True,True,189,189,1.0
sub-025,19,500.0,684.358,True,True,171,169,0.9883040935672515
sub-026,19,500.0,898.638,True,True,224,215,0.9598214285714286
sub-027,19,500.0,826.198,True,True,206,198,0.9611650485436893
sub-028,19,500.0,818.138,True,True,204,203,0.9950980392156863
sub-029,19,500.0,736.678,True,True,184,183,0.9945652173913043
sub-030,19,500.0,554.078,True,True,138,126,0.9130434782608695
sub-031,19,500.0,1150.758,True,True,287,272,0.9477351916376306
sub-032,19,500.0,797.778,True,True,199,199,1.0
sub-033,19,500.0,705.418,True,True,176,176,1.0
sub-034,19,500.0,969.898,True,True,242,239,0.987603305785124
sub-035,19,500.0,741.038,True,True,185,185,1.0
sub-036,19,500.0,841.358,True,True,210,210,1.0
sub-037,19,500.0,777.098,True,True,194,193,0.9948453608247423
sub-038,19,500.0,891.398,True,True,222,219,0.9864864864864865
sub-039,19,500.0,850.078,True,True,212,210,0.9905660377358491
sub-040,19,500.0,965.738,True,True,241,237,0.983402489626556
sub-041,19,500.0,886.098,True,True,221,221,1.0
sub-042,19,500.0,963.018,True,True,240,237,0.9875
sub-043,19,500.0,829.098,True,True,207,207,1.0
sub-044,19,500.0,881.598,True,True,220,220,1.0
sub-045,19,500.0,851.638,True,True,212,203,0.9575471698113207
sub-046,19,500.0,753.038,True,True,188,183,0.973404255319149
sub-047,19,500.0,806.998,True,True,201,197,0.9800995024875622
sub-048,19,500.0,989.878,True,True,247,223,0.902834008097166
sub-049,19,500.0,780.198,True,True,195,195,1.0
sub-050,19,500.0,817.638,True,True,204,200,0.9803921568627451
sub-051,19,500.0,753.338,True,True,188,184,0.9787234042553191
sub-052,19,500.0,760.098,True,True,190,190,1.0
sub-053,19,500.0,780.518,True,True,195,192,0.9846153846153847
sub-054,19,500.0,837.618,True,True,209,208,0.9952153110047847
sub-055,19,500.0,814.598,True,True,203,203,1.0
sub-056,19,500.0,791.318,True,True,197,196,0.9949238578680203
sub-057,19,500.0,796.498,True,True,199,199,1.0
sub-058,19,500.0,756.778,True,True,189,189,1.0
sub-059,19,500.0,787.118,True,True,196,196,1.0
sub-060,19,500.0,748.478,True,True,187,180,0.9625668449197861
sub-061,19,500.0,803.278,True,True,200,195,0.975
sub-062,19,500.0,898.698,True,True,224,222,0.9910714285714286
sub-063,19,500.0,804.938,True,True,201,201,1.0
sub-064,19,500.0,848.098,True,True,212,211,0.9952830188679245
sub-065,19,500.0,884.098,True,True,221,221,1.0
sub-066,19,500.0,549.758,True,True,137,137,1.0
sub-067,19,500.0,643.098,True,True,160,155,0.96875
sub-068,19,500.0,573.098,True,True,143,140,0.9790209790209791
sub-069,19,500.0,636.098,True,True,159,159,1.0
sub-070,19,500.0,479.098,True,True,119,119,1.0
sub-071,19,500.0,618.898,True,True,154,154,1.0
sub-072,19,500.0,657.418,True,True,164,164,1.0
sub-073,19,500.0,854.578,True,True,213,212,0.9953051643192489
sub-074,19,500.0,1014.498,True,True,253,237,0.9367588932806324
sub-075,19,500.0,748.178,True,True,187,184,0.983957219251337
sub-076,19,500.0,818.798,True,True,204,200,0.9803921568627451
sub-077,19,500.0,699.138,True,True,174,174,1.0
sub-078,19,500.0,870.898,True,True,217,216,0.9953917050691244
sub-079,19,500.0,816.678,True,True,204,199,0.9754901960784313
sub-080,19,500.0,915.138,True,True,228,223,0.9780701754385965
sub-081,19,500.0,824.478,True,True,206,204,0.9902912621359223
sub-082,19,500.0,777.598,True,True,194,190,0.979381443298969
sub-083,19,500.0,913.198,True,True,228,228,1.0
sub-084,19,500.0,652.098,True,True,163,163,1.0
sub-085,19,500.0,560.058,True,True,140,131,0.9357142857142857
sub-086,19,500.0,578.798,True,True,144,23,0.1597222222222222
sub-087,19,500.0,602.758,True,True,150,150,1.0
sub-088,19,500.0,784.698,True,True,196,196,1.0
