channel,channel_role,sampled_seconds,finite_fraction,median_uv,mad_uv,p01_uv,p99_uv,std_uv
Fp1,scalp_eeg,90.0,1.0,-259507.53612151954,4.031242551282048,-259516.62985471662,-259500.9736336454,4.71050304799852
AF7,scalp_eeg,90.0,1.0,-16688.391039990845,681.0143666573986,-19029.41202687514,-15877.679725480659,1005.1401768481431
AF3,scalp_eeg,90.0,1.0,-5739.442520883234,818.1859881988767,-7166.877383344016,-3772.133655973295,1081.02342922418
F1,scalp_eeg,90.0,1.0,-5071.881254367903,932.4045271518544,-6851.971715210182,-3187.197236788108,1188.9202041586084
F3,scalp_eeg,90.0,1.0,-3421.2280543582474,848.7171817849385,-5071.256255522743,-1637.418850387266,1077.9888963908265
F5,scalp_eeg,90.0,1.0,-11058.745192154953,157.24970944223787,-11912.587364470206,-10855.495567708944,337.5357158975522
F7,scalp_eeg,90.0,1.0,-10433.683847110498,529.1240223124023,-11268.182305168051,-9456.498152702936,595.8672444553667
FT7,scalp_eeg,90.0,1.0,673.5456295338648,1272.1226494385392,-1922.949572798584,3072.9161961028694,1577.9878873267908
FC5,scalp_eeg,90.0,1.0,-2134.5741817697394,773.3110711163922,-3710.57126972504,-1122.9823009361207,846.020029166645
FC3,scalp_eeg,90.0,1.0,1421.0442483451513,758.6235982551335,14.7968467352895,2911.9789934741852,931.9285952809918
FC1,scalp_eeg,90.0,1.0,-7878.641693183285,435.3273206250269,-9230.436070408587,-6940.565301511604,705.6840657363501
C1,scalp_eeg,90.0,1.0,3203.5097047990384,571.8739433213441,2237.3864899508053,4444.601161575387,713.2248042479853
C3,scalp_eeg,90.0,1.0,11370.61961404202,359.6243355050283,10648.402198517451,11960.493524103971,408.3760419339568
C5,scalp_eeg,90.0,1.0,741.701753598556,623.1550985667167,-457.85852991691405,2127.32419331814,813.4593062860745
T7,scalp_eeg,90.0,1.0,1892.855876556389,246.46829458882212,1532.4190425526524,2525.979706703407,279.18320060523837
TP7,scalp_eeg,90.0,1.0,5489.849230220867,196.5621368027996,4864.7878851764135,5972.473338453373,327.13160303759133
CP5,scalp_eeg,90.0,1.0,-2698.635639526584,524.499030858221,-3761.0086765294477,-2080.2305321830827,539.0242024135754
CP3,scalp_eeg,90.0,1.0,-1100.013593376493,428.24920870358994,-2230.04275536792,-436.01482027857423,564.3161535902694
CP1,scalp_eeg,90.0,1.0,-2373.4174904476095,932.2482774405653,-3917.8208867800763,-1207.0133956678746,933.671669550002
P1,scalp_eeg,90.0,1.0,-6447.378712795896,77.65610651112183,-7078.283797042596,-6299.472736088796,233.302237806476
P3,scalp_eeg,90.0,1.0,5038.6313139576505,440.56168595324107,4180.632899322087,6014.442010905862,572.212003598714
P5,scalp_eeg,90.0,1.0,-8476.687463145701,261.249517276854,-9059.186386834765,-8127.781857835164,300.35906188539366
P7,scalp_eeg,90.0,1.0,-8231.031667055588,51.906154090533164,-8422.437563385818,-8052.844496300489,106.24976024115352
P9,scalp_eeg,90.0,1.0,-5089.162472436576,486.99910014862417,-6282.56651732722,-4176.757908329839,610.7391091886051
PO7,scalp_eeg,90.0,1.0,-5250.287174718807,365.87432395662836,-5948.06713539762,-4259.757754967079,518.5054584539654
PO3,scalp_eeg,90.0,1.0,1340.4818972040352,91.03108179754486,1211.888384812378,1566.8252289787072,121.4511688721159
O1,scalp_eeg,90.0,1.0,-1532.6690439384604,1050.2168094645028,-3031.291274862961,595.7332733114524,1156.6524430673123
Iz,scalp_eeg,90.0,1.0,10388.590178584467,1376.9974556563775,7370.252005711317,12269.117953843948,1622.536890397538
Oz,scalp_eeg,90.0,1.0,4723.631895997041,197.40588524376653,3899.008419693018,4996.344204593552,355.5420077888
POz,scalp_eeg,90.0,1.0,6957.5965181944675,197.73400963747645,6588.10313842494,7243.939739104493,215.49895994657524
Pz,scalp_eeg,90.0,1.0,-1228.9196051907304,379.4992987811147,-2310.2613571441984,-139.45880573921244,644.1038809930026
CPz,scalp_eeg,90.0,1.0,-1582.9502010315775,88.62483624367928,-2225.105264491156,-1484.4816329766293,237.35089178800396
Fpz,scalp_eeg,90.0,1.0,-14024.302212554348,480.780361639283,-15782.423963989253,-13436.996735246581,743.7658217458203
Fp2,scalp_eeg,90.0,1.0,-17014.5154373953,1111.3729464634034,-19349.66737262412,-15549.486894398147,1229.03327028461
AF8,scalp_eeg,90.0,1.0,-14626.76984934627,444.9679278116182,-15177.550081643467,-13949.20860130838,399.56486775761664
AF4,scalp_eeg,90.0,1.0,-9102.3113071508,329.74939070638356,-9965.465962258933,-8547.499832302323,446.42053982058917
AFz,scalp_eeg,90.0,1.0,-8673.74959902463,487.78034870507145,-9790.841284921244,-7951.844682922641,592.5982336437321
Fz,scalp_eeg,90.0,1.0,1993.605690396171,899.8108373767636,148.64034942629036,3648.8154444864654,1127.6397810262342
F2,scalp_eeg,90.0,1.0,5033.2875738315315,1074.5605144834813,2815.666671435038,7178.971109150118,1436.813217390369
F4,scalp_eeg,90.0,1.0,-769.3892042868855,1832.18411458636,-4617.444594052112,1552.4815054822866,2023.9962354757959
F6,scalp_eeg,90.0,1.0,3521.024743111416,335.26500551492063,3067.697455745784,4256.726508720309,395.33057962249785
F8,scalp_eeg,90.0,1.0,-14120.458284882203,356.3430915679364,-15794.761753692135,-13595.209255409793,678.4024014866433
FT8,scalp_eeg,90.0,1.0,3818.196069013838,182.59341261347572,3121.7911057943766,4094.570558343563,328.47729242782805
FC6,scalp_eeg,90.0,1.0,1482.9503839582433,452.6241636648276,478.82723932428587,2343.6050436857367,601.9307419116416
FC4,scalp_eeg,90.0,1.0,14811.675755839095,937.4982677399057,13080.428954746065,16811.48456069735,1214.0905372015363
FC2,scalp_eeg,90.0,1.0,-4952.4752250000965,861.5296581107177,-6437.3474813310795,-3035.478767125533,1105.3332711082678
FCz,scalp_eeg,90.0,1.0,4105.742412700796,619.6082301204333,3065.916209037078,6256.097814386952,1023.1859253076909
Cz,scalp_eeg,90.0,1.0,1002.6700213950884,364.81182591985623,196.1715116007037,1768.262356773755,509.3770058436924
C2,scalp_eeg,90.0,1.0,3987.414506340891,884.4983656703457,2508.4172391544125,5953.723373098574,1081.4433754378463
C4,scalp_eeg,90.0,1.0,-475.3272476391343,928.3420346583146,-2273.8551744136316,1136.451024201573,1081.5090062312117
C6,scalp_eeg,90.0,1.0,875.982755481169,341.40561916861657,90.35920711512608,1261.763292656141,383.98571471068345
T8,scalp_eeg,90.0,1.0,4093.445560422275,50.59365651569669,4002.789477931826,4245.539029391946,71.68297697324937
TP8,scalp_eeg,90.0,1.0,-3509.4466413525724,512.5303029734077,-4189.601634597875,-2372.354992410838,618.7763691300131
CP6,scalp_eeg,90.0,1.0,8803.436857547573,532.7490156143322,7867.6885865741115,9957.085038397016,660.8411996889166
CP4,scalp_eeg,90.0,1.0,4893.522207082641,465.67101455754073,3869.7272237972747,5394.03690725785,471.9175226422137
CP2,scalp_eeg,90.0,1.0,-1368.1380979501068,371.12431425597174,-1917.8245822682727,-320.2084717594667,478.4797499838729
P2,scalp_eeg,90.0,1.0,4915.444041576627,639.4675684253916,3557.6028005244016,5957.5358660540505,791.8794722022443
P4,scalp_eeg,90.0,1.0,4684.600718116803,653.748792037296,3272.572077189211,5719.186618963277,795.4755372244852
P6,scalp_eeg,90.0,1.0,4148.445458796349,496.5303325373129,3205.6972007570985,4972.318936486181,577.561600595405
P8,scalp_eeg,90.0,1.0,-8852.280519144564,288.3119672722805,-9168.998683929363,-8063.625726379498,392.4507061005148
P10,scalp_eeg,90.0,1.0,9088.53008076728,48.31241073086312,8462.999986588955,9159.529949577445,215.0263964689827
PO8,scalp_eeg,90.0,1.0,703.7330737550898,658.3425335492215,-819.6078614954864,1954.574512515933,851.7599440247827
PO4,scalp_eeg,90.0,1.0,5297.1933362003165,695.6237146630119,3565.2902863198683,6433.9099858349555,901.2521077502712
O2,scalp_eeg,90.0,1.0,7363.877017490686,140.90598964130822,6579.128467507867,7760.06378543757,330.1090377230782
UP,external,90.0,1.0,-17689.607939994807,891.2171032558181,-19816.322760362786,-16559.584715492412,1073.6081322760667
DOWN,external,90.0,1.0,-20559.915136391828,250.12453783300953,-21447.60099617249,-20074.79103277868,440.45822776904845
LEFT,external,90.0,1.0,-18553.73134331294,892.9983499645241,-19943.13502604574,-17433.42091336375,854.6936231954343
RIGHT,external,90.0,1.0,-14378.489058106485,147.3122278041974,-15590.018069506767,-14064.270888702325,403.3200613396247
EXG5,external,90.0,1.0,-259508.3798699605,4.343741973891156,-259517.84860246468,-259501.3486329525,5.021845405517642
EXG6,external,90.0,1.0,-259473.6611841119,4.2187422048300505,-259482.94241696253,-259466.75494687288,4.884017121009562
EXG7,external,90.0,1.0,-259538.62981406628,4.124992378056049,-259547.66104737882,-259531.94232642307,4.767573639700445
EXG8,external,90.0,1.0,-259514.00485956698,4.2187422048300505,-259523.31140487082,-259507.03612244342,4.862431408200183
