condition,congruency,response_class,n_trials,median_rt_ms,plausible_rt_fraction,valid_sequence_fraction
2_hz,congruent,correct,45,489.74609375,1.0,1.0
2_hz,congruent,incorrect,2,613.76953125,1.0,1.0
2_hz,congruent,omission,1,,0.0,1.0
2_hz,incongruent,correct,46,603.759765625,1.0,1.0
2_hz,incongruent,incorrect,1,500.9765625,1.0,1.0
2_hz,incongruent,omission,1,,0.0,1.0
f_theta,congruent,correct,48,548.095703125,1.0,1.0
f_theta,incongruent,correct,46,575.439453125,1.0,1.0
f_theta,incongruent,incorrect,1,388.671875,1.0,1.0
f_theta,incongruent,omission,1,,0.0,1.0
f_theta_plus,congruent,correct,47,530.76171875,1.0,1.0
f_theta_plus,congruent,incorrect,1,524.90234375,1.0,1.0
f_theta_plus,incongruent,correct,45,576.66015625,1.0,1.0
f_theta_plus,incongruent,incorrect,3,557.12890625,1.0,1.0
non_rhythmic,congruent,correct,48,568.115234375,1.0,1.0
non_rhythmic,incongruent,correct,45,639.6484375,1.0,1.0
non_rhythmic,incongruent,incorrect,3,558.59375,1.0,1.0
