relative_path,suffix,size_bytes,sha256
.zenodo.json,.json,1377,5117ff522d3a2b9219a79ee83bfc74220f1987bddce3222a96a0990eee7b3fd9
100_Dryad确认性统一主张释放规则.md,.md,1967,70eb137609643b770732b8469c209817d0af0762ded1a5a182f3ce521aa2e091
101_Dryad确认性全冻结链完整性验证.md,.md,1198,b5bf51bd8790b8dd215ba9fd5f9f9fc118093152cbb95f73ec11997f7a3d4a96
102_Dryad确认性结果与正文回填_v1.md,.md,3911,853ced1cd007a4ff237ee43a3e799705e95fe981935124195d212b93997d4bd8
103_Dryad确认性论文整合与投稿就绪审计_v1.md,.md,3233,e2db154a67486ddb170f47bfa500156514846e01d8a96de6bb3d8bc4c1457465
104_英文全文整合稿_v0.5.manifest.json,.json,1917,386bcc578ce72262d3e4f630fae031c2f16667ab3ee1d37e4720f72363707e49
104_英文全文整合稿_v0.5.md,.md,95514,2e112687b7a3cbd0f6d0782c9c74eb0cca4af38447aed38474259a6deeddf531
105_确认性结果后目标期刊与篇幅适配_v1.md,.md,5364,a1038c94bdb72bf55ee92c69b4ef6151021004bf5ffdca2c2c1c1c4d23528d3a
106_Alzheimers_Dementia投稿适配包_v1.md,.md,6294,f56c8f3e871000507c01693791f160ddc7f90df83b218f8cf3d966e008f542d5
107_Alzheimers_Dementia英文全文_v0.1.manifest.json,.json,1248,7db4109957c33389ddb305c04887148610a59da622503e51632c519b0ce73d16
107_Alzheimers_Dementia英文全文_v0.1.md,.md,87417,c3dfd856d6a3ca219f0a49aa88d44ac6c349ae5fa158051539f55d88ecc730a4
112_七队列伦理与许可证据链审计_v1.md,.md,3069,e29fc8226ff6711aed02abb2105cf9d152cc981a78612053e2b4e25cd66358cd
113_Alzheimers_Dementia模拟编辑初筛与同行评审_v1.md,.md,8341,13991196a0dfedddd659bd742eeaec047f6fb8bb95b8030f247a851180ee2de4
114_英文全文逐句主张与数字溯源审计_v1.md,.md,4130,26eb8bfafb5e9289b452225f690a54133d63a53b6f2125427aa322fcc83becef
27_英文引言与方法初稿_v0.2.md,.md,38576,e941eac4638c95885487c35ed5a1e06e7d53d6574bf55e0ba6bc4f43513148e0
28_英文结果与讨论初稿_v0.2.md,.md,41272,6cc590b456bdadb43cbe63d93e4259ceb4654695f28941dfe6caeca1d7919502
30_稿件关键数字溯源表.csv,.csv,13083,c74f61eaa3c361aaba36e49df8f6acbf83c63b72f8dbbfc6f2f2f2aab0d1df49
34_正文Table1_队列记录与有效样本.md,.md,3313,cfe95568360f21865a2126cdbbca79d8cff3c2882460014f5cd1b8e58ef4a8d9
35_补充表S1-S5规格与口径.md,.md,3639,bc8617e252ee01a14e2bdf5e7603448bd09269ad878b9a9dcfe235bc61c1e472
36_补充图S1-S4图注及证据说明.md,.md,6431,240810813f8bedaed9e2852f677737c4f689bac7a82ec21d04f70141c85b360b
53_纯公开数据主图主表规格_v0.2.md,.md,8738,da555afe4c019d093e03c254d1bdf553d1f0d0089fff857c7c9e8d9ec9e82d87
54_最小重要效应与阴性结果强度判定.md,.md,9521,ca619287a571a2c17036b1e80df9a907fa65b79c90247fc62ad840102108eea2
55_行为效度与预测主图结果说明.md,.md,2660,38dfbc2794d159d46acc62952468ef979adec9808a69f91bc4b0a60eb05b20fe
56_Dryad个体化theta听觉刺激数据库审计与GoNoGo.md,.md,10270,33e091f9e12cf5661d0f3ebd10584a3c01488b753d456e18faccf3f22e61b7c9
57_Dryad公开代码可复现性与指标语义审计.md,.md,5974,46d1bedf93cf541affad76f24616fef6351f221e7e5bcc02e8a4739e84a231e3
58_Dryad个体化theta主图候选说明.md,.md,2382,0df8ec19efc047efd58c3e4b774759f7921bdc72dc01ce83172a2062d8892b69
60_正文Table2_验证层级与结论边界.md,.md,2409,77433c7f96e6e235dcb6533367ed4f20ec479348641d04ed9eb435206468ca66
61_主图1-4结果说明与视觉核验.md,.md,3951,cf99cb218639b4880e43159e61e85169142186611a760f169aceacb38b7b2cc7
62_参考文献管理器级核验.csv,.csv,7815,f7e55a1583ca802a2468aed0d85b63486bc5aaf23f5bf19c9ebd6b2dfda563dd
63_参考文献管理器级核验说明.md,.md,3026,e0e145fecde5e374a13bbff116cc21b2067ed7c527ecd316f18b5b949e0a3589
66_纯公开数据发布与生成式AI披露声明包.md,.md,5686,7129263a67783c2b83c2783c041fac3cf069cd99f56566265ca9bd46cca0779a
67_公开发布候选与独立复现审计.md,.md,5253,78bbe8d68c99ed1b032d696e134a045d2d7ea127e9c86a7545dba2cbb1823012
68_公开数据许可与派生表最小化审计.md,.md,5680,ae375de24fa7987ec2ac10d400f2e4539b58bef18c4d7468b44dc17ecb2bb98a
69_行为终点测量信度与效度衰减风险审计.md,.md,5402,8e735cafc710a551bb386b7af300a391c59160e733f4e1fab42ca623e85b5184
70_神经指标信度-效度估计量对齐审计.md,.md,4514,5e493051a6cac2bc6b579a6558927f8bebd193964bd1a0543033999d2ca6d192
71_Dryad原始ZIP流式处理方案与访问闸门.md,.md,7711,6640ca89b252b86a4ebf005379ce1082259827f1be6738a7bbda6a3b79bf24e3
72_节律机制特异性外部反证与候选队列GoNoGo.md,.md,3476,a7a0d02574e48c9ca91b14e13d6692fc37f3e879cc2e4972db9e8d69775e4ca9
73_Dryad原始刺激包R0与S2单人R1审计.md,.md,4289,f5462321c4258fff7db3e981e4ce640e3a62847f9416a7f22a125663714e32eb
74_Dryad_S2自动信号R1与R2冻结方案.md,.md,7709,2a784cc2b2afd051413babea325934f87d0cc63fbe40145bc164494c43c97e14
75_Dryad机制可识别性与R3主张升级规则.md,.md,4595,839bcec30db9f123f60ea0793dc9cad278c8615da261b1fe96c0c71038901128
76_Dryad_R2结果与路线决策.md,.md,4792,607bdc3f2f987843fb51e4e59c365231c87cd69712a671f32e99dc52dbc84755
77_路线A-B价值成本决策与R2b冻结前提.md,.md,11395,a9d3bbcc460da5323823be068250af70f2bce304d8291c17f9f16252f1b0cf95
78_Dryad_R2b空间QC开发记录.md,.md,7244,b0f327085792518a2c0ab58f4e43541e3fc02c5d352f8b7bfff2b0b1e647f70b
79_研究进度与证据闸门看板.md,.md,3707,f7ab4dbc6ec1d4fbee008ee975dbc76c596573211f6e5caac3099ad057d761fd
80_创新强度提升与主张转换反证框架.md,.md,6331,b77db553641552cb8ffde86dc8df9b176c2ce068186147a872397425b79d6ea3
81_英文标题摘要与核心贡献_v0.3.md,.md,3047,5d19095aad5ec8aa21d442759c3eb40d1cb8eb81acd2ffb66573fe4eb4a08514
82_正文Figure1与Table2英文图表注_v0.1.md,.md,3437,16422477b9a869c6b2bf4df5c2514488824f802d32d3cae87a3542d406ed8a48
83_正文Figure2-7英文图注_v0.1.md,.md,9142,3e4f642d12bb0e54d673a654657aa1fc2a41cafc99c8874d90074b920a4e705f
84_全文术语与图表引用一致性审计.md,.md,2702,725d33b841d39a2a3378236ae08c5fae46981f4707e96f979597a425943e9370
85_Dryad_R2b技术验证结果与冻结后修复审计.md,.md,3909,eb79f87052b156e207f55dd240f0ec0390b23af1ab5d93f9d06a633617ebdfca
86_Dryad确认性神经行为分析冻结方案.md,.md,6097,02717731e559677e3c9d727c0e8f794baf949440f60946af8f8e2657c33d9aed
87_Dryad确认性冻结与结果前偏离审计.md,.md,4994,1c753512fa433db040cb1e095f5b6850d6d6dc295a0aec175ed8710358ca3834
88_Dryad确认性结果判定与推断完整性锁定.md,.md,5399,67ead6939355e1c3f003316490845ef31fbb04243a1fe3bb07ca0d7200443642
89_Dryad确认性Figure7与正文回填方案.md,.md,8118,1bba2d69f4f7f113fbcee8f798887e3e5bffe072cd1a078a9b89ea0efdbee655
90_Dryad确认性运行器结果盲修正说明.md,.md,2105,a59f8de69ea9190aaf1060ae57ffcee49822dc0223200f186846c4b884a76992
91_Dryad确认性远程传输韧性结果盲修正说明.md,.md,978,533f21802af348bdaa0b9b013a9e476b39670ba54d3f7120624c9c4a1da11a04
92_Dryad确认性断点续传结果盲修正说明.md,.md,1012,547ad5c8c18fb8c32e6c81439e20ed7226ea836ac0ab4101ce7b6e95f3926833
93_Dryad确认性IncompleteRead自动重试结果盲修正.md,.md,720,6d0964a980cb112438c52270a554b9a7a5dee63f2948ad24d29d12c905e34c56
94_确认性解锁前稿件状态一致性审计.md,.md,3512,0d8d7f5400ec23b70131e5ecf78a864757031de387f785a6ce22bf624ea1add3
95_Dryad确认性总体分析机器解锁闸门.md,.md,1524,94b7ad6bf2694a0df1bd350b5f54b9f32267b3acf655c23ddfcfc4b9d9e50f14
96_Dryad确认性主要结果反向分支补全.md,.md,1787,c252221405cd91f3f24ae303efe37fe701edb28fe65fa819eebf5ade2fe47ee8
97_Dryad确认性行为非劣效措辞结果盲修正.md,.md,1689,23daed1fa8531116fb7e04cf6dd8622bc2108122d6c6d79287a934f7099708d0
98_Dryad确认性耦合条件特异性结果盲修正.md,.md,1739,1e89c33fba67e06c94996e4783f372656a8c3ee7c2f77fa996b66e9c3eb97844
99_Dryad确认性预测验证层级结果盲修正.md,.md,1646,3a0c03d1e76320a5fecee7631daf181a825f6070381133624b4126dfa19ffdc3
CITATION.cff,.cff,908,42cffc4bcd30900bb9fdea743f584df8bafa2e4ca5ed533c71f161a08810bc59
CITATION.md,.md,478,1dff33f82d042b9819ca4de8169d153ad7fc5020741d26c8d2530933720585df
LICENSE,,1093,c47f5bd3f2f6bd319fc96c9d70dd9809ec5d8ee167250b63f568bc4adce37992
README.md,.md,8383,5e4a9f725b1ffe166bb9d68d5c6b116ed726ac169f7a1a9d689df815238c6333
RELEASE_CHECKLIST.md,.md,2139,6df9d84a64b6cb355ff9ffb402b677996640b4f5ea4f2784e3aa3e2c43639d7a
RELEASE_NOTES.md,.md,2021,23f21e9907de4b53b351320f26bed277ff2c63346d81e206c9f8a51e6a14f8d5
THIRD_PARTY_NOTICES.md,.md,1857,8277e74682b99802d75f23114f604ed64925184105ffa897f6e98ecf6017c45e
configs/dryad_biosemi64_adjacency_v1.csv,.csv,3196,862c6b0d0cd773ba464de519ff8233c3c75b1dad4c619047d59e53c7d4320178
configs/dryad_biosemi64_adjacency_v1.json,.json,678,c545535334af9e8c7a471a35fc52db857851b9d10da9e7d61cf442ad1ca52e37
configs/dryad_confirmatory_protocol_v1.json,.json,6014,e6cfdd707f14a9d363fe17c55f03ed34f5b17d605ba2d37a43d6e1c41f4dddcd
configs/dryad_r2b_protocol_frozen_v1.json,.json,1500,9a240746654075e9fc614ca7de48631d2e1cc6b0845c54842f6237fbac971f9f
configs/manuscript_canonical_terms_v1.csv,.csv,1139,fb75cc30f625498ee5ff3901b04e901c8579d0d93de5c8c8c8f49335932cd7f3
configs/research_progress_v1.csv,.csv,1770,6018c400a4c5cf4cedd555fa003465fe630cc2ebea3ef1e9c07ed9ee7ae0c650
data/public/ds004504/v1.0.9_derivatives/participants.tsv,.tsv,1706,bd17cf02ec9733c9029d4a6d977b2918309b3c667ff9ceb1b5dce6e3cebccbc1
data/public/ds006036/v1.0.6/participants.tsv,.tsv,1714,e51065da0721dca0999da5d1412abd71c48c9dbd4ec68d219976194a283efc4f
data/public/ds006036/v1.0.6/sub-001/eeg/sub-001_task-photomark_events.tsv,.tsv,15332,640702095202661a406009f90957206a49cc497d9be486cf1d60c939436d24cd
data/public/ds006036/v1.0.6/sub-002/eeg/sub-002_task-photomark_events.tsv,.tsv,17128,b83a9b944fb4b5b03451448b6301082be12c8f2a179b3dcfb6d466a4e52f50fb
data/public/ds006036/v1.0.6/sub-003/eeg/sub-003_task-photomark_events.tsv,.tsv,12852,e7aad98afbdb39ce048260ccb44c4d924c14d1ec65a470b8319de7261dca3a7c
data/public/ds006036/v1.0.6/sub-004/eeg/sub-004_task-photomark_events.tsv,.tsv,16641,8657edbc6d39e4a079e815a5cf916d21243c21425f7910e15974ccf08ed8b3c8
data/public/ds006036/v1.0.6/sub-005/eeg/sub-005_task-photomark_events.tsv,.tsv,22739,33f99691085476f2d4556899155dbcf3565c5c4fbbc3f14c0074e3ba87101998
data/public/ds006036/v1.0.6/sub-006/eeg/sub-006_task-photomark_events.tsv,.tsv,24249,f413ec1f52de224a2af44343c93ab9355d21d17327cedcd070c1cf59b3a3bc5c
data/public/ds006036/v1.0.6/sub-007/eeg/sub-007_task-photomark_events.tsv,.tsv,17259,0b31b9cbf7b5b64a67b89f7d5fba87b11a8d9738e6f8f40f8df6b0efab620170
data/public/ds006036/v1.0.6/sub-008/eeg/sub-008_task-photomark_events.tsv,.tsv,18471,4dda20e1c61ed08a660d36ff19b368ed4b1de363fe51d5b8eb721d48948222f4
data/public/ds006036/v1.0.6/sub-009/eeg/sub-009_task-photomark_events.tsv,.tsv,17362,437ebb5255af814c11f0790aaee044e8bae9545cb206271c9d3b095955ebc3b4
data/public/ds006036/v1.0.6/sub-010/eeg/sub-010_task-photomark_events.tsv,.tsv,17112,5930d1faf18355d205178c17178528fc2dc79ebf0d95295795a9bf258b236155
data/public/ds006036/v1.0.6/sub-011/eeg/sub-011_task-photomark_events.tsv,.tsv,16510,7345402c934ddf853a5dfef7c7bbe92f41080802d3eb3031aa9b083b2c10d9c3
data/public/ds006036/v1.0.6/sub-012/eeg/sub-012_task-photomark_events.tsv,.tsv,17097,fcbfd5888a2b2170b147d9a6a0458de3909dc5d14cfbebb00df1266f25eabd7a
data/public/ds006036/v1.0.6/sub-013/eeg/sub-013_task-photomark_events.tsv,.tsv,17410,3d1cc414c442576d25d732d7eff4b689b65c5139ec5c08c33faf2326b572d66f
data/public/ds006036/v1.0.6/sub-014/eeg/sub-014_task-photomark_events.tsv,.tsv,18908,f5eef38e328b36be008257967a8e79940f188f222b21a401c14957025ebeb35b
data/public/ds006036/v1.0.6/sub-015/eeg/sub-015_task-photomark_events.tsv,.tsv,7932,2067644adcebfcc9941d57ea8d627d7b412de416713c9875dfa693a618899d9b
data/public/ds006036/v1.0.6/sub-016/eeg/sub-016_task-photomark_events.tsv,.tsv,17068,81c8c19ce8f1a3fd3279111e601038e0db286c09d2169ab82d9e9bf8833be98f
data/public/ds006036/v1.0.6/sub-017/eeg/sub-017_task-photomark_events.tsv,.tsv,17142,62447ab1313d6dc9aa331e5ea4aa1b5ebc040c7a7f690dbb7625304cec975359
data/public/ds006036/v1.0.6/sub-018/eeg/sub-018_task-photomark_events.tsv,.tsv,16894,f9ab77219c114f90c0264ae9f28f743dde2aceff110fd00422e4b8b74822a5af
data/public/ds006036/v1.0.6/sub-019/eeg/sub-019_task-photomark_events.tsv,.tsv,16857,1f58f68a49c7ffed4b0aa99a9379dd7ff3ec9a2e7738d85a738e506a768f00e0
data/public/ds006036/v1.0.6/sub-020/eeg/sub-020_task-photomark_events.tsv,.tsv,17206,5aeb61ea70c7ab7c918684b6716dd55751fdb9a5f39fb8709e55fcb668a6c3f2
data/public/ds006036/v1.0.6/sub-021/eeg/sub-021_task-photomark_events.tsv,.tsv,16977,dbee640984b14acab9171471bb75b53bfbfd488420ed5b4f697edf740c58750d
data/public/ds006036/v1.0.6/sub-022/eeg/sub-022_task-photomark_events.tsv,.tsv,18282,2f19c1cc39dc626b25f7a856aefcdea9c521e424d7871664bce49f3ae6b5f9f3
data/public/ds006036/v1.0.6/sub-023/eeg/sub-023_task-photomark_events.tsv,.tsv,14838,5c94fb7693c463b5982cfbf84e717b6efd6f1b1e9e61b200324aadf2d9be1485
data/public/ds006036/v1.0.6/sub-024/eeg/sub-024_task-photomark_events.tsv,.tsv,14903,cff0d6024da58c376bea15271fa0ae59b871e13498763799ada143f144ab018d
data/public/ds006036/v1.0.6/sub-025/eeg/sub-025_task-photomark_events.tsv,.tsv,15899,0e0c9ddf731921fc6a3873e5000c96553ccef9911bbaacb7536e7c2f7c796896
data/public/ds006036/v1.0.6/sub-026/eeg/sub-026_task-photomark_events.tsv,.tsv,14910,c2d830278a2a655676259fa25c443766e8f3652d9af43ebed98b0719136f0bfe
data/public/ds006036/v1.0.6/sub-027/eeg/sub-027_task-photomark_events.tsv,.tsv,19308,4f978af2b2ebfad9657d8e485808543b1e3f0141a94273587a6ef4e70e14a4e0
data/public/ds006036/v1.0.6/sub-028/eeg/sub-028_task-photomark_events.tsv,.tsv,15541,fbd2feb5c56511d77f5e3cbdb3c2aaa7ed24e7c14b223223128ba7e707243b10
data/public/ds006036/v1.0.6/sub-029/eeg/sub-029_task-photomark_events.tsv,.tsv,15129,399a46fdde457bc6ab6cc9dd9c6df254579dfa8442ed0c561b64ab5f279ef5c3
data/public/ds006036/v1.0.6/sub-030/eeg/sub-030_task-photomark_events.tsv,.tsv,14824,997bdbde037a5a082b7ffef89c79a04057bb7d5077c59fa6bd7cea0659cdf092
data/public/ds006036/v1.0.6/sub-031/eeg/sub-031_task-photomark_events.tsv,.tsv,14902,d47095658630eab9fb8f86d9b03afc9db4dfeef6e8a84c3b82ca8ebcad3c926b
data/public/ds006036/v1.0.6/sub-032/eeg/sub-032_task-photomark_events.tsv,.tsv,14927,f1140e10724fa20d76b9a1e6463be921c577747a2cbc09566d391a5588c4c377
data/public/ds006036/v1.0.6/sub-033/eeg/sub-033_task-photomark_events.tsv,.tsv,15068,786fcecf9954f6bbdf014e5d07c0b3c2e3dc02104e9a77c49a5aafae7b594b87
data/public/ds006036/v1.0.6/sub-034/eeg/sub-034_task-photomark_events.tsv,.tsv,15027,692d352375458546bfa55fce22f9ba79c8f78bdd7fad4203bec98a135b8b13f5
data/public/ds006036/v1.0.6/sub-035/eeg/sub-035_task-photomark_events.tsv,.tsv,17609,90a124e19791b1577470f868011e38f918032fdf57acbf7b26edb718a9db89ae
data/public/ds006036/v1.0.6/sub-036/eeg/sub-036_task-photomark_events.tsv,.tsv,14998,248d7ec34b280f68001c6aad6fd710bcb1d19236cda2b60db99cdcfc31791d77
data/public/ds006036/v1.0.6/sub-037/eeg/sub-037_task-photomark_events.tsv,.tsv,15308,160764346e12aa59ccab200ca34a500a13ef227f22bc3cc501c054249af95c1c
data/public/ds006036/v1.0.6/sub-038/eeg/sub-038_task-photomark_events.tsv,.tsv,15621,42df50b484c8db8920615ab42fa167660f658b826b6782eabc07c7d77ccab971
data/public/ds006036/v1.0.6/sub-039/eeg/sub-039_task-photomark_events.tsv,.tsv,36661,953f065ebf9a9c2abf4ede115dbde9fde99e9d04032ce55d6a986063d874e5aa
data/public/ds006036/v1.0.6/sub-040/eeg/sub-040_task-photomark_events.tsv,.tsv,15031,520ee64f3e0e7f0045e493f83c18cc668c3b5ddc254d01965eff789a741c3f2b
data/public/ds006036/v1.0.6/sub-041/eeg/sub-041_task-photomark_events.tsv,.tsv,19864,9c34f0237eea8aa77c6b2291d4bf07caf9555a8bd4b0d2e8a0cf3436c54e36cb
data/public/ds006036/v1.0.6/sub-042/eeg/sub-042_task-photomark_events.tsv,.tsv,16762,c9c5b5895e6f9f963d5f5353170996937369e9bca76b185ecc305b20b613ef72
data/public/ds006036/v1.0.6/sub-043/eeg/sub-043_task-photomark_events.tsv,.tsv,37762,31186e0843df164d54eea97ed9deec6d287e9925d5f8a1d08c2d14e2f9db7c7b
data/public/ds006036/v1.0.6/sub-044/eeg/sub-044_task-photomark_events.tsv,.tsv,17284,0c6d2c9b9902d606643caddd5fd180a646e2c155da36c47a624e5965b250ae17
data/public/ds006036/v1.0.6/sub-045/eeg/sub-045_task-photomark_events.tsv,.tsv,24201,fa6e1cb4a6b35b8e6f4e41c72f0cfebdb8f4fe5a7bd37ae49f91f5aa82d6d32b
data/public/ds006036/v1.0.6/sub-046/eeg/sub-046_task-photomark_events.tsv,.tsv,17054,bbd8d521757570b65198ccfb94820f5df08c1fc8299b32fe1b4c4426f67967cb
data/public/ds006036/v1.0.6/sub-047/eeg/sub-047_task-photomark_events.tsv,.tsv,18977,2a60463f30003e492fd1f0e82a333b515a48e9fa2c2200b4ef67b3ef042af231
data/public/ds006036/v1.0.6/sub-048/eeg/sub-048_task-photomark_events.tsv,.tsv,17108,1d183a61e7b43b24c4e0a1aa6dee13a9fca68230bfcd449afdd0fe57b1070b73
data/public/ds006036/v1.0.6/sub-049/eeg/sub-049_task-photomark_events.tsv,.tsv,16943,63f953c3681e2f6759074ce267bca1c4f1c8bcd6a46bf03a74acd35889321533
data/public/ds006036/v1.0.6/sub-050/eeg/sub-050_task-photomark_events.tsv,.tsv,16684,fc8ce4eb7003f7dade252bb85a63d7ee271ac48375696fb819b9c6615b5dc43d
data/public/ds006036/v1.0.6/sub-051/eeg/sub-051_task-photomark_events.tsv,.tsv,17285,06bfedf451e51464474ca5552092666df3397ffa0cc6dae726535eb718539636
data/public/ds006036/v1.0.6/sub-052/eeg/sub-052_task-photomark_events.tsv,.tsv,18489,b552bfe41e93bf6ed70dc7d0bcf2d7d33e38f44b7e5401a4042881ec3e250b54
data/public/ds006036/v1.0.6/sub-053/eeg/sub-053_task-photomark_events.tsv,.tsv,17121,f4e46c674d777c7abc61fe52b916bea3ebc3b53c8b40fe61fa33b3ecb467c1f0
data/public/ds006036/v1.0.6/sub-054/eeg/sub-054_task-photomark_events.tsv,.tsv,33904,d22293e420e4a269cb088a4eb1de2c1497436950bf823f362da73c3f68547217
data/public/ds006036/v1.0.6/sub-055/eeg/sub-055_task-photomark_events.tsv,.tsv,16644,d12b78b909f8f644975ad40fc1ca28a3fa1ed92ebe2dbe824b5dd472979f7a22
data/public/ds006036/v1.0.6/sub-056/eeg/sub-056_task-photomark_events.tsv,.tsv,17054,e86c3b6f6b5182bee7cd7b9ecf6068dbbf36a5e9244c23e34e62940a051a321d
data/public/ds006036/v1.0.6/sub-057/eeg/sub-057_task-photomark_events.tsv,.tsv,15027,7f6dced1c6c0c215920326dc4e70c241e288f87dd5e44d5599fdd3b994e2c0e9
data/public/ds006036/v1.0.6/sub-058/eeg/sub-058_task-photomark_events.tsv,.tsv,13714,36490ddfb228b512856de12ec674ef49f89bd4be69a1109f75e44eb11224e93a
data/public/ds006036/v1.0.6/sub-059/eeg/sub-059_task-photomark_events.tsv,.tsv,15550,4fa2f1f35d2df328471ca1a93b8ec1aa778a299bfb6bee540dcafc51f229800e
data/public/ds006036/v1.0.6/sub-060/eeg/sub-060_task-photomark_events.tsv,.tsv,25500,2f086bd9720fa6f2cf6f249b25d0467b3c76822f273dec5c0b136e68f768e0b7
data/public/ds006036/v1.0.6/sub-061/eeg/sub-061_task-photomark_events.tsv,.tsv,15468,f8cdfa4fec7f91a0f237f49d14695477ba0de269b4f2e8b4f6c407e5be0915fb
data/public/ds006036/v1.0.6/sub-062/eeg/sub-062_task-photomark_events.tsv,.tsv,15333,74bb37e577566d4cfc079ecfbaf79734c291bf273cc15682bea62fd8d0ef2142
data/public/ds006036/v1.0.6/sub-063/eeg/sub-063_task-photomark_events.tsv,.tsv,15337,18b0893e4a627074b1064723347959742ad0e88b51323158c298da43c4b4b65d
data/public/ds006036/v1.0.6/sub-064/eeg/sub-064_task-photomark_events.tsv,.tsv,3785,bb0b2c4bf40a9d95888ed47ad0496d27316a3a88d37065911c538d295a94d484
data/public/ds006036/v1.0.6/sub-065/eeg/sub-065_task-photomark_events.tsv,.tsv,1779,17fb1c51baae3ad202eb96668dafb83d9c2e75dd0e3f36af69548305d0efce51
data/public/ds006036/v1.0.6/sub-066/eeg/sub-066_task-photomark_events.tsv,.tsv,20098,12c6d3eea2ea57ebea95c845d14261048e64454124a8369e5c3c53e76629fdbe
data/public/ds006036/v1.0.6/sub-067/eeg/sub-067_task-photomark_events.tsv,.tsv,18413,62801a864c8c2bb1dbc4773c12f9041192f7f0723e058c8fc59ceddf85d0376a
data/public/ds006036/v1.0.6/sub-068/eeg/sub-068_task-photomark_events.tsv,.tsv,16718,94ce0f8ebfece6a35d86f5658319c3d335a31919ded857ef0256741ade5f6f34
data/public/ds006036/v1.0.6/sub-069/eeg/sub-069_task-photomark_events.tsv,.tsv,17430,3e2147f4b4691a3ce35eb2ea85771f51cc86e390a27dae0f3767d0265bd60202
data/public/ds006036/v1.0.6/sub-070/eeg/sub-070_task-photomark_events.tsv,.tsv,16970,3de5383dea9268b2f6c0cd1479bc24ddc50df14b02d6ed3dc1ad4ead3c895df4
data/public/ds006036/v1.0.6/sub-071/eeg/sub-071_task-photomark_events.tsv,.tsv,17273,0f520c67ff0d5dc406c5a7054ff53e7e03e4f4d09f2f218932df932272388542
data/public/ds006036/v1.0.6/sub-072/eeg/sub-072_task-photomark_events.tsv,.tsv,16882,8f83bea797d793972c81ceb08cc2013a234baf2278644c8e9bf57409df06e5a2
data/public/ds006036/v1.0.6/sub-073/eeg/sub-073_task-photomark_events.tsv,.tsv,17077,ba3d66b7292ceaca52857fb15038d5ffb0bd6aae65bd9f120de1f4f5cdef9d69
data/public/ds006036/v1.0.6/sub-074/eeg/sub-074_task-photomark_events.tsv,.tsv,19629,f5e92b56c55fba258556602b27f0f9002a64a82766bd327b4d8c8524c40f4fe0
data/public/ds006036/v1.0.6/sub-075/eeg/sub-075_task-photomark_events.tsv,.tsv,20476,cabe63760536d99abb10d0b372548c73989f4a00a58568166f6d0d176743a195
data/public/ds006036/v1.0.6/sub-076/eeg/sub-076_task-photomark_events.tsv,.tsv,18129,471373be4fdaeac818285e6fbcdabfcf53f85afd67d5f8efd7c183d5058bf46a
data/public/ds006036/v1.0.6/sub-077/eeg/sub-077_task-photomark_events.tsv,.tsv,19347,e7d2d17a8d932236444541b1c950f0a4e1be24558d1eaa3a2727fbdbcbe05ffc
data/public/ds006036/v1.0.6/sub-078/eeg/sub-078_task-photomark_events.tsv,.tsv,7795,fbaed0d876f0d2861636971f9c9f32b4de54decbe9e99256ac4d59c4a79bfcac
data/public/ds006036/v1.0.6/sub-079/eeg/sub-079_task-photomark_events.tsv,.tsv,15033,d71c0c2ced5172c108c562ea55d8ccb4dc0e2f671ae0ace9e4b9aa02941cb837
data/public/ds006036/v1.0.6/sub-080/eeg/sub-080_task-photomark_events.tsv,.tsv,14974,97a004f126ba978021344f4327ebdd5fcd9afdc18291abd337c2b99241abcaa9
data/public/ds006036/v1.0.6/sub-081/eeg/sub-081_task-photomark_events.tsv,.tsv,15043,b70bea05f2d8f1570c4a1ef26edfca7333d20e197c0d2dd287efed81d0bb1105
data/public/ds006036/v1.0.6/sub-082/eeg/sub-082_task-photomark_events.tsv,.tsv,14896,abe1f8e6feb0ca1eccdce6c4c24973b5c13fa3ddce85b19a260357fab3e5b158
data/public/ds006036/v1.0.6/sub-083/eeg/sub-083_task-photomark_events.tsv,.tsv,14961,d6f6abe01983868720105b76331bef379be60308f50ea525c756291936b81d55
data/public/ds006036/v1.0.6/sub-084/eeg/sub-084_task-photomark_events.tsv,.tsv,14861,e66c50eec059316753a0034ae1e56e5f9230e92611bc1ddbe030371ca2f7852d
data/public/ds006036/v1.0.6/sub-085/eeg/sub-085_task-photomark_events.tsv,.tsv,15025,c5400d98862429147ee02e9d11525782731a0315f375d6ca573359cfd30a6cbb
data/public/ds006036/v1.0.6/sub-086/eeg/sub-086_task-photomark_events.tsv,.tsv,15152,d64cc4374efbf336f924de64604051f8bad078ec4fcbd0636b35fab7bb2bcc4c
data/public/ds006036/v1.0.6/sub-087/eeg/sub-087_task-photomark_events.tsv,.tsv,14888,5e8bd0589fb073625373888b640e3f446abb808deb8e5ead985708104b158d2c
data/public/ds006036/v1.0.6/sub-088/eeg/sub-088_task-photomark_events.tsv,.tsv,15398,a9211e6420ca693424b99aa50f851706617e8712c370cd2bd574df72496b13b8
manuscript_ad/discussion_v1.md,.md,8910,1e470bf163e7f0e719df18e9e3402630778dbb56f3ac0099f3186efb64ec3e42
manuscript_ad/introduction_v1.md,.md,4487,0437131e703710214f5737b3e04cba3825c02919096083f99764bf6b79b45002
outputs/competition/ds006036_competitor_models/competitor_replication.png,.png,120335,862f763169612d50c695e66a4a288ba99603b5cf5beb60b5321231d638f475ff
outputs/competition/ds006036_competitor_models/direct_10hz_models.csv,.csv,997,003b4743d0a60964bce28bd16a0e8e70e7be5df697b6929daf965d9125ca9043
outputs/competition/ds006036_competitor_models/group_descriptives.csv,.csv,227,98af420e5847a9bba0229e5fdf6ad467f478486d077f9d98672f2ae40edc5aa3
outputs/competition/ds006036_competitor_models/mixed_models.csv,.csv,1489,f57eb8c4e1f89679dbece1537289a092056576c15610852975ee2319ab61ea97
outputs/competition/ds006036_competitor_models/model_summary.json,.json,603,b75ca612f59c5dd60735eba2e7b5bfb0047202c8488f2c119a0297c1bbfa676b
outputs/competition/ds006036_competitor_models/pipeline_reproducibility.csv,.csv,354,f79bd49c8fc683abb57b5681caf863fca7598e800df75cb6e76c6d536c8f04d7
outputs/competition/ds006036_competitor_models/selectivity_models.csv,.csv,802,29fc6bbe20d0d69ea410ea052828a2d2909c43bab51ad8667f78481e36bdc08f
outputs/competition/ds006036_competitor_models/within_group_severity.csv,.csv,121,5e347552c86c218abb8f8f812d31e4257106185b376e01161ea94907e01c256a
outputs/competition/ds006036_exact_preprint/features_ica.csv,.csv,307733,07e9e14bbbc43d60db8de9bccdec04685f8c84c6b1a3f129388e783cbc40acac
outputs/competition/ds006036_exact_preprint/wpli_10Hz.csv,.csv,873,740bec12065ff215fe00732cba5dc257266b36f97c7e377cda33a6578ed452cb
outputs/innovation/claim_transition_falsification_matrix.csv,.csv,1971,6ee528f80ba1fce517a6d3243fc791bc7ea90fbd093e180952726e202a2884aa
outputs/manuscript_figures_v02/Figure1_multicohort_validation_design.pdf,.pdf,42315,7acd296c5063cfb38ed1a7d98e1b346b06058d82fab922538ad9fe02f49f65fd
outputs/manuscript_figures_v02/Figure1_multicohort_validation_design.png,.png,381382,0e7a6b33d9fca7e04e369e3a9102e099174a0e01e928042fcb0b281af6e009da
outputs/manuscript_figures_v02/Figure1_transition_evidence.csv,.csv,792,ae6eea6c4f64fa8096d91efa07ccabe547a7faf2ef0fef6e8acbcdbe02af7194
outputs/manuscript_figures_v02/Figure1_transition_role_matrix.csv,.csv,1761,57f42f009f00f485aa7e5df374e83ccf058689357077c06c58f49e77e0d14c87
outputs/manuscript_figures_v02/Figure1_validation_matrix.csv,.csv,1761,57f42f009f00f485aa7e5df374e83ccf058689357077c06c58f49e77e0d14c87
outputs/manuscript_figures_v02/Figure2_cohort_flow.csv,.csv,640,e000e52031d4bf0190c0909af0e0d4ae4521167fdd6da6ae7ac44c8661e8255e
outputs/manuscript_figures_v02/Figure2_outcome_specific_sample_flow.pdf,.pdf,29992,1fddcb58380afc17e85245ba8211a99d6c3ccba3cc41e937fb4d935def91ce93
outputs/manuscript_figures_v02/Figure2_outcome_specific_sample_flow.png,.png,227841,1cf4b3960681ba3563c3e1ee62acbf465dadedecbff42bde6a97cbf2c2c9a8d6
outputs/manuscript_figures_v02/Figure3A_detectability.csv,.csv,412,527f0912d8d4069588dd01ae4cf554700ce9f7194ec5182a5df7c231d4c45d36
outputs/manuscript_figures_v02/Figure3B_reliability.csv,.csv,323,e960c8cdcd654789f6bf610d089496f96934aeab4347fbbff94564b2512cd39c
outputs/manuscript_figures_v02/Figure3C_visual_sensitivity.csv,.csv,432,00d75aeaeb2027213cc58e7e0548d0b2bc6f5ce9013b674a379c1307b3e22603
outputs/manuscript_figures_v02/Figure3D_developmental_sensitivity.csv,.csv,550,9216fa809581fd630c99176c883f0b477468c15968fc7972f682801a435180c8
outputs/manuscript_figures_v02/Figure3_detectability_reliability_sensitivity.pdf,.pdf,34699,5da1732054b382a4cfd2a702e7b26bb2cab02d27f84ebf8a86c6af325dd8fd08
outputs/manuscript_figures_v02/Figure3_detectability_reliability_sensitivity.png,.png,275033,4b21e7c47a6c86a9b7eef277d91a9d00e5440fb1dc6653600bb78366af52be29
outputs/manuscript_figures_v02/Figure4A_resting_mmse.csv,.csv,494,ecdb87031e77893188b8b8975bce3801ee9d4307af0894f175a5d091c5809c45
outputs/manuscript_figures_v02/Figure4B_visual_group_selectivity.csv,.csv,432,00d75aeaeb2027213cc58e7e0548d0b2bc6f5ce9013b674a379c1307b3e22603
outputs/manuscript_figures_v02/Figure4C_visual_within_group_mmse.csv,.csv,185,298f540199a0b7f02b3d0e40ea523eb4a7c79cb68ba2b37680d8764be360bef7
outputs/manuscript_figures_v02/Figure4D_auditory_mmse.csv,.csv,370,f28c57e5bca8425a78dad51f025ea58dea4646a06b8d9e6c63da7db417882de8
outputs/manuscript_figures_v02/Figure4_clinical_validity_boundary.pdf,.pdf,36397,d5ca023121fe2ba01df9b78daca3a352139e847c5d08f1ac3b564bedd7b4776d
outputs/manuscript_figures_v02/Figure4_clinical_validity_boundary.png,.png,237599,a2f375879f2951db39e4c2a35de20e4316594bb89b0adf4866ed21d1a0430fbc
outputs/manuscript_figures_v02/Figure5A_ds007648_accuracy.csv,.csv,632,6b2607a27f18e0755ca31c149a017a706653cf15bfd6affb3af327d12c5bd0c3
outputs/manuscript_figures_v02/Figure5B_ds007648_rt.csv,.csv,614,8895d1fd5a79d683414fda506b8ab65124847fa84570c0e57456da6be58b92e5
outputs/manuscript_figures_v02/Figure5C_reliability_validity.csv,.csv,382,fe06ed5b65dc7bc86308828cf1993f0f79a1fe49b4a3e4f4d5d02ab2216cf8e5
outputs/manuscript_figures_v02/Figure5D_ds006780_dprime.csv,.csv,877,1e0f3353ee3e339df046aff93985a7fefcf0ad42d84b1debd943cebd54de5020
outputs/manuscript_figures_v02/Figure5_behavioral_validity.pdf,.pdf,34077,a76860fc6ad8fff58da0e071dd24d278d62ab8cc373f3ed9381514e10d9edb94
outputs/manuscript_figures_v02/Figure5_behavioral_validity.png,.png,258944,df848f6701ecdda2134711f58075dae6355b71727e205b88eeb68449b6f68857
outputs/manuscript_figures_v02/Figure6A_fsiq_metrics.csv,.csv,855,c09e15d841c0304f54dc1fb7030ca1d95b63974b9e821327cfc13a4f2e7a60f6
outputs/manuscript_figures_v02/Figure6B_fsiq_eligibility.csv,.csv,2374,b13a88d082e59fd552f83950375e29de9d2a27b2099b442ca95cd73dbf6e6f02
outputs/manuscript_figures_v02/Figure6C_prediction_increment.csv,.csv,1976,6a975f56cc262b3be315aae79ed7a43cd222232069574887d49a4f3044a89765
outputs/manuscript_figures_v02/Figure6D_validation_matrix.csv,.csv,982,94c9f8d7e6dd5f26c0b39d51ffac3f15587db0b96f7bcb3d24f15cb8cec5bcdf
outputs/manuscript_figures_v02/Figure6_transportability_prediction.pdf,.pdf,45891,be979e22d56a4654bdbdff67bb65562fc897680b55bfe0f832bd74dfda0da2e6
outputs/manuscript_figures_v02/Figure6_transportability_prediction.png,.png,440904,9bfa09cc37099c6e70a4a26d91294a44dfaa583893798bc24e1d11bf6c1ea6e5
outputs/manuscript_figures_v02/Figure7A_active_control_effects.csv,.csv,829,c588a0a4b43d5a0667e9c3abd224894a932b39c76db23491a471ac6067bb7168
outputs/manuscript_figures_v02/Figure7B_between_within.csv,.csv,469,6edaa01a23a8add567f81acd4329808194e19548d67b745327018384d292ca66
outputs/manuscript_figures_v02/Figure7C_moderator_definition.csv,.csv,539,24ec79c42cf88f29b0b4ccdb929da94d45b67bfd467f5864e6b3db177c88c369
outputs/manuscript_figures_v02/Figure7D_pretreatment_prediction.csv,.csv,4382,7849baa7169ba5d7ae1314ff85f5e6cc3ecf2ca4d21b002151e0989e60f7dbfe
outputs/manuscript_figures_v02/Figure7_manifest.json,.json,1100,da3c229187e9bee10b4b085392b73f056d6cc2ad5e62e98526048cf9a698c729
outputs/manuscript_figures_v02/Figure7_personalized_theta_validation.pdf,.pdf,41173,3d76bde0e24b6839547e9388dbdecd542a363e8fdb37efc54fb16913af389795
outputs/manuscript_figures_v02/Figure7_personalized_theta_validation.png,.png,394793,3c89bbc42124cd7a303ade01979f61b8d2564eb93e8ab9bb835daccbaa37a283
outputs/manuscript_figures_v02/figure_manifest.json,.json,1650,26c8e3dd2431a5af72f1733937457c90cba422327f70a4375912144eb24bf845
outputs/manuscript_figures_v02/foundation_figures_manifest.json,.json,3965,4e529fece5b26f9fc37f72184a0ca8cd53d1d9e019943a377857814e5d5aab64
outputs/manuscript_figures_v03/Figure7B_participant_itpc_contrasts.csv,.csv,926,3c6cde84b0e70ee7a9707035e113fc0a18359f92d47fa33fc986316a796caf03
outputs/manuscript_figures_v03/Figure7C_behaviour.csv,.csv,1155,d055ffaa40b3d6b938006961734f7ebad4d05cde1c2c5c2d812266e4f3872599
outputs/manuscript_figures_v03/Figure7C_coupling.csv,.csv,1004,ecb9ffa0cb79ef44699f38346fae5e2862d8e239c4fe72af5a2e95466ecbb643
outputs/manuscript_figures_v03/Figure7D_prediction_increment.csv,.csv,766,8dc1ec74568fdf03a68b5e28add13314841b81eae08831ad9d6177264d81d3ae
outputs/manuscript_figures_v03/Figure7_dryad_confirmatory.pdf,.pdf,50320,a8489e2d4888a281c8f4bf77ecf4da6dff26f2b366f00af6a935f23b2e718feb
outputs/manuscript_figures_v03/Figure7_dryad_confirmatory.png,.png,582787,a8fe3da66d47ba96f845c15e323357a30daa3bc920fcf82a552484565983c98f
outputs/manuscript_figures_v03/Figure7_dryad_confirmatory.svg,.svg,207176,1bf3c00a355cebcf09da9d2dd5f269c83ea25d5b34bcb00f21bec7dbc01a3502
outputs/manuscript_figures_v03/Figure7_dryad_confirmatory_manifest.json,.json,6781,8056dab6f5bfc2393eeb9272e98b821550dc3ad98aec065348098c4a097d2bed
outputs/manuscript_supplement_v03/FigureS5_dryad_component_decomposition.pdf,.pdf,29172,2c803f570e9abd8d15e826dba84b1a70a441869604fbca620aab5a96f35260c1
outputs/manuscript_supplement_v03/FigureS5_dryad_component_decomposition.png,.png,127822,37f396e34da403aa7ce8d041979cff83d3ed07c8fcf9bb960b0e221975a025ca
outputs/manuscript_supplement_v03/FigureS6_dryad_internal_consistency.pdf,.pdf,29604,23ef88c3747fa119bc7787b43c4525767fb5458f6909c7c70d75bd7e147a1e91
outputs/manuscript_supplement_v03/FigureS6_dryad_internal_consistency.png,.png,190898,d190309ce613d1650fb3a3b706debdd85c9508a46fb717e9c7cb6a071ba50222
outputs/manuscript_supplement_v03/TableS6_dryad_participant_flow.csv,.csv,3372,aa3a80b6ac28d0a070e7611c27b0fe499862c20d695fca29a1644007f9a94a38
outputs/manuscript_supplement_v03/TableS7_dryad_confirmatory_estimates.csv,.csv,2736,760814a43cb50760b8e3baa8490804c7d40db30b8387454db2335db2e4ceaf1b
outputs/manuscript_supplement_v03/dryad_confirmatory_supplement_manifest.json,.json,12276,b3ae4945ed0237a376fa334fea704394ac3523f20fd4671d38ccecb8addb460e
outputs/manuscript_tables_v02/Table1_public_cohorts.csv,.csv,3551,725d68488bb475b639d0683cc5f6830e2cd06b2d241412be09b39b5102589459
outputs/manuscript_tables_v02/Table2_inferential_transitions.csv,.csv,2923,bdc1328599d21759fcf8a965b9dc3482c9bd5cd7b26b08b4163a76de5544c04a
outputs/manuscript_tables_v02/Table2_validation_claims.csv,.csv,4958,5cd453c7d836c903e27c470bb34f527912d03c8c0e33f73c042235ead2a71e95
outputs/models/behavior_measurement_reliability/behavior_reliability.csv,.csv,739,ff209af857b5ab3759b2aec35ea66b64e15b974dce3a67408254a05fb46fe1e3
outputs/models/behavior_measurement_reliability/ds006780_behavior_halves.csv,.csv,19393,ce880e33b3366d2f743a6216eff2921eb8cdc56cc85052b77a35aedd094d5e5a
outputs/models/behavior_measurement_reliability/ds007648_behavior_halves.csv,.csv,1816,6de5b68b7bb9609190d05849b126cfac2db3a89c7a682d9b68506e51505650bf
outputs/models/dryad_behaviour_branch_amendment_freeze_v1/behaviour_branch_amendment_freeze_manifest.json,.json,1159,b63ec7eaaf03a069b3243252f677e298c4a22e06e43c1a820721bf0fee55cdf6
outputs/models/dryad_behaviour_branch_amendment_freeze_v1/behaviour_branch_amendment_freeze_summary.json,.json,383,ce0556eaee9d98bf1123100e5fc936ccf4231cdd4acd7a9eb6fa548fd464e833
outputs/models/dryad_claim_release_freeze_v1/claim_release_freeze_manifest.json,.json,1073,45d1110d31511b24e25afb46667961b6a447793ace21bdbd5723f9f2e2c36030
outputs/models/dryad_claim_release_freeze_v1/claim_release_freeze_summary.json,.json,327,87985641c5152ec1a5b7d1542c5fdfa127798b24c97158eea9d4863ce1c13e5e
outputs/models/dryad_confirmatory_group_v1/confirmatory_group_summary.json,.json,458,a2b571592850973a06c97d7d9995f11a632b0fe777055a6ced3cf323d4008cad
outputs/models/dryad_confirmatory_group_v1/internal_consistency.csv,.csv,1180,2aa8f01c5ea45449bbbb3a2e57d28bdef67e02a9c7dff920d0803b3f17c1083c
outputs/models/dryad_confirmatory_group_v1/nested_prediction_rows.csv,.csv,4116,07fe36df9fedf3df3457957be04627f9ff11867cbe5f359c127335f581eced3c
outputs/models/dryad_confirmatory_group_v1/paired_behaviour_effects.csv,.csv,1183,cece325b68dbefa1c3d55a9792ef57802fe83313f398e671689297bc8f8c4fe6
outputs/models/dryad_confirmatory_group_v1/paired_neural_effects.csv,.csv,1450,047ed19edd182f90bdc8a4934fc9372ee022b6c88e77808f9d374d0ff12d9510
outputs/models/dryad_confirmatory_group_v1/participant_behaviour.csv,.csv,4477,7117c6161239c34a9205382d102f3245711d64015075d205e17b4d6b4eefe159
outputs/models/dryad_confirmatory_group_v1/prediction_performance.csv,.csv,234,b3bed349bcb90fb512427c24172c971cb7fb583d0112217ebf4ed59f22cdafae
outputs/models/dryad_confirmatory_group_v1/within_subject_coupling.csv,.csv,817,096e94030da67337ec8e12e26a06f298d0e0f2fe38f0e39cbb9038dd926075e6
outputs/models/dryad_confirmatory_inference_audit_freeze_v1/inference_audit_freeze_manifest.json,.json,2029,05dad30b0fc605335152feac22a29dc1835327ec34831bfb67523e8eefa1824f
outputs/models/dryad_confirmatory_inference_audit_freeze_v1/inference_audit_freeze_summary.json,.json,350,bc56dcca4ef9751a4926cc74e89d578c77f8f5cbf5497009534e6cbedb8625e9
outputs/models/dryad_confirmatory_inference_audit_v1/behaviour_congruency_sensitivity.csv,.csv,2516,c5852c0b2507b0c19cf47e979f6d4288ef6087f7e3ab929bba03bcc2e99e2533
outputs/models/dryad_confirmatory_inference_audit_v1/inference_audit_summary.json,.json,519,a78f6f654949835156e28556754a3ad9e11efecde824dc46f8ec70bde43133a6
outputs/models/dryad_confirmatory_inference_audit_v1/internal_consistency_bootstrap.csv,.csv,1495,15a688ef6f5222ad1a6d240494448fc254a486471c2231cd8d16dcada1e268d7
outputs/models/dryad_confirmatory_inference_audit_v1/prediction_increment_bootstrap.csv,.csv,773,2343bf99f1f8f81d8dbf985ab8d845ea828612c5c03194639a03da54e14c2854
outputs/models/dryad_confirmatory_inference_audit_v1/primary_roi_channel_sensitivity.csv,.csv,653,9be5a032540470b840ae03f189900f2b88d294aec1722528d55e8b1b5fcb01fe
outputs/models/dryad_confirmatory_inference_audit_v1/within_condition_coupling_simple_slopes.csv,.csv,1022,c2930fe4407345cc4631c830ff67d031723e0309b875b45b7c366576ba57b82e
outputs/models/dryad_confirmatory_protocol_freeze_v1/confirmatory_freeze_manifest.csv,.csv,2227,ba3d76e2dfbc5c64daf74278898da338590f9029c99947bbccc6065f403d3dea
outputs/models/dryad_confirmatory_protocol_freeze_v1/confirmatory_freeze_summary.json,.json,416,690dcff3440721390face993562742a04db5b8a0f8bbe5660c7811ff5563da37
outputs/models/dryad_coupling_branch_amendment_freeze_v1/coupling_branch_amendment_freeze_manifest.json,.json,1147,4e89312cea09ee3681c55517b5418989506443bcf92ffcade245e6305c9a2943
outputs/models/dryad_coupling_branch_amendment_freeze_v1/coupling_branch_amendment_freeze_summary.json,.json,374,04df6b8d91cbb35328a76ce0d557753fdeed84863372649af7ffca8e9cd89909
outputs/models/dryad_freeze_chain_verifier_freeze_v1/freeze_chain_verifier_manifest.json,.json,1046,4fa16bb0a66cd3b409bb0a613a5bd70b547d37044d2aef83edcd462d1b59534e
outputs/models/dryad_freeze_chain_verifier_freeze_v1/freeze_chain_verifier_summary.json,.json,295,0a4f41599c29df6caec54df3e7aa0fc30669d3b26269437ca669144ca73a1f7d
outputs/models/dryad_group_execution_gate_freeze_v1/group_execution_gate_freeze_manifest.json,.json,1081,de4d9b591e8c5ab09507e4a87da3c39e75644d1e4f6adf76d8173db634983d5d
outputs/models/dryad_group_execution_gate_freeze_v1/group_execution_gate_freeze_summary.json,.json,327,b13ff509e07b4f601dbeb24929ea77e9536d3f07f2a7208b5cc59d45b4e601d5
outputs/models/dryad_prediction_branch_amendment_freeze_v1/prediction_branch_amendment_freeze_manifest.json,.json,1158,1d2f192db30554d547ad028c891d3eee16b1bd41dc5e0d0fbc8d64773886147c
outputs/models/dryad_prediction_branch_amendment_freeze_v1/prediction_branch_amendment_freeze_summary.json,.json,382,9103a2a74d171f59b8322f879d28f4a5400183675d6bc34ca8229104114e9a3c
outputs/models/dryad_primary_branch_amendment_freeze_v1/primary_branch_amendment_freeze_manifest.json,.json,1100,f92e265d4217f1502edda7b237de26e7c39e19268e3e56e9127e6ab71ee20893
outputs/models/dryad_primary_branch_amendment_freeze_v1/primary_branch_amendment_freeze_summary.json,.json,336,4c45d3c6563f332f2f4e9530a5ab7e48c7e9107397eddcfda20c61fa611d8483
outputs/models/dryad_theta_validation_gate/analysis_manifest.json,.json,525,38ec626f51064348a8ff9716ac1fd280a47c17152b06135da638fe63cefa9b29
outputs/models/dryad_theta_validation_gate/association_models.csv,.csv,2944,353b8689c1cb1b4783c12ff91e168296b90d00c83390ae5a3d1fabcbbec4a1dd
outputs/models/dryad_theta_validation_gate/condition_level_long.csv,.csv,30293,2c77633f20b9ac7618833eafdbce4c549c8c9400cf5f9460a89506bbf6615302
outputs/models/dryad_theta_validation_gate/moderator_checks.csv,.csv,1206,aedd45e0825c4696316b3342f7ace54b0744227f41ef6e8939e93a27dc6bfc30
outputs/models/dryad_theta_validation_gate/paired_condition_effects.csv,.csv,1066,6a922d1332c560a53c05e31cf2373b96ba6c7055acfb5e648041302087de86aa
outputs/models/dryad_theta_validation_gate/pretreatment_prediction_summary.csv,.csv,454,2c37b161abad9cce4c09f953483cdae33ec21c6692ac8b421e4f159185d7376b
outputs/models/dryad_theta_validation_gate/pretreatment_subject_predictions.csv,.csv,4416,8583525358ce8bf5375c9c329f5cb60f3be991cb02112203df38b49c88dc7646
outputs/models/dryad_theta_validation_gate/within_subject_permutation.json,.json,146,9ac222252d016349bc4dda4d3a62ce3cb585466bb9820cff83690147fc0b329c
outputs/models/ds006780_behavioral_validity/analysis_manifest.json,.json,5355,6667fa9273b19423df6264579a7610a0423076e4b4f644f3b7b913ae6f406880
outputs/models/ds006780_behavioral_validity/cross_validation_folds.csv,.csv,24988,0811208210fedf9b7d28d4d1f6f980f466f4ffbaf4a4e318d01debbb9694238d
outputs/models/ds006780_behavioral_validity/cross_validation_summary.csv,.csv,580,7d71c997617b109df43f221df4205348b770a5f465416688e7c2f984707bcb2d
outputs/models/ds006780_behavioral_validity/fsiq_audit/audit_summary.json,.json,1048,e0a48431d9d272275dfd9c3c0cd212eeda3d6f4e422f99fb43c331f94cd8058d
outputs/models/ds006780_behavioral_validity/fsiq_audit/influence_diagnostics.csv,.csv,30369,e8331e4c329c4fac9660e4d8380061609215965b410a27f280979ea34d6d2c32
outputs/models/ds006780_behavioral_validity/fsiq_audit/leave_one_out_coefficients.csv,.csv,5436,66891a8a550c04d541cd8c04c70f7f5cfd5b89d26ad71c6830ed1cff6702660b
outputs/models/ds006780_behavioral_validity/fsiq_audit/robustness_models.csv,.csv,2241,6ea0991990eff1cf46b0ed62d5680ee5c782ae091fafc7b8cf8aa77e0f7a24ba
outputs/models/ds006780_behavioral_validity/fsiq_audit/stratified_bootstrap_coefficients.csv,.csv,191588,c44bac9d2dcf58fd8fff56362ef9e46df44ff34cc238d6719bff26c5bcda254e
outputs/models/ds006780_behavioral_validity/group_interaction_tests.csv,.csv,301,3101af41fb59deba45fa65d4c37f4517b643ebfbbe839d6407e88f2699c67391
outputs/models/ds006780_behavioral_validity/group_specific_behavior_slopes.csv,.csv,1403,60e2cba275d77f7b6a3e0f08e581212ab149e6e6e4b05e51e9429b4665433f72
outputs/models/ds006780_behavioral_validity/model_coefficients.csv,.csv,14030,febca242696ee0c7b5e1f1df9ef05669b230c15f00cc42cf8482df3cf10f55d4
outputs/models/ds006780_behavioral_validity/original_claim_correlations.csv,.csv,2082,018eb474f8dc44758cb336cdc61225c2887a39d38bb3b395d9a370175fdbf99a
outputs/models/ds006780_behavioral_validity/primary_tests.csv,.csv,614,4cc6025228daefc75d6e7473d9e7b2a70e889d22f89f4cd482af1db78b2560e5
outputs/models/ds006780_behavioral_validity/replication_models.csv,.csv,2434,819ed6d7f5fb5c18fee6c4e07207082af635c01407233af86541f66568237182
outputs/models/ds006780_behavioral_validity/response_window_audit/audit_summary.json,.json,328,d97f17b701c9eb790a77ba1fb3fa57f5ac292a5f6ed84d665606deeb12666851
outputs/models/ds006780_behavioral_validity/response_window_audit/run_behavior_by_window.csv,.csv,49228,c7e3c24c9dcf1f180bd17b62e4802415e4e402127ce02ad6b00cec7dec5d585d
outputs/models/ds006780_behavioral_validity/response_window_audit/subject_behavior_by_window.csv,.csv,36939,0f0a5d9197372368dca2713f63d19f3894e59385fc4dfac5630a1b46bc5c9799
outputs/models/ds006780_behavioral_validity/response_window_audit/window_models.csv,.csv,344,edeb7ad33f7574631787c66a2a3ce9ee5e3b3f7a136b62a3cd8a315a04ac91d9
outputs/models/ds006780_behavioral_validity/sensitivity_tests.csv,.csv,1022,b413e1d0666d2d5038c7e19fe9ee8203f608168ac8b45f0488a41fad289e583b
outputs/models/ds006780_behavioral_validity/split_half_reliability.csv,.csv,216,baf3a82b3c6099f986f3bcf6bf2438034f797b50c84ea2cc7eca786a8437777c
outputs/models/ds006780_behavioral_validity/subject_level_features.csv,.csv,24280,38dd1f183f3879fd351ddd771946c6c92baa395b47ccc13362fdd86639233849
outputs/models/ds006780_behavioral_validity/technical_exclusions.csv,.csv,6267,9ce260aa0e8d28bb7cd5c9289a917e40c6f8b0d0271312bf6bd1a328ee5d0d1f
outputs/models/ds007648_behavioral_validity/analysis_manifest.json,.json,422,e22c027bec3191795279fb0fed64df11e568e74310bd0e017d739232679bff46
outputs/models/ds007648_behavioral_validity/clustered_models.csv,.csv,16416,680aab7a67744fccdd95e904adeb939f1c9861daa4b935889812f4e80c51efb4
outputs/models/ds007648_behavioral_validity/loso_fold_metrics.csv,.csv,4216,7170e59f67c0dbedb0d5267899812d71796826796187708fe70a69960efc6bbe
outputs/models/ds007648_behavioral_validity/loso_summary.csv,.csv,368,2fa2a9b86b4d22473ae6340fc3cb9c8948a99fbec8f0e24c73769038d93aafc6
outputs/models/ds007648_behavioral_validity/split_half_reliability.csv,.csv,397,1d0a856260746e2c39e3c786fbcec520c095791db0ac7bc3e1db44d1f10935d4
outputs/models/ds007648_behavioral_validity/split_half_values.csv,.csv,3746,c4c850d14c491fb93b5ad822365fbaf7e9a071bdb01e67460068f27b16a26e57
outputs/models/ds007648_behavioral_validity/subject_level_associations.csv,.csv,429,7fcd8f0d789bf1ca12eea305f47d93bb652bdef2fa0af778735a281d8db657e7
outputs/models/ds007648_behavioral_validity/two_stage_slope_summary.csv,.csv,619,4ba1ab3f97cd9fedb9fedce8dc07857303b0b4156090b08d16a286a83d9ca514
outputs/models/ds007648_behavioral_validity/two_stage_subject_slopes.csv,.csv,2978,24ccf9bd5419cd909fe9dee50e673ec9ea4bcdfcf4f9eb96fec50f2631a84556
outputs/models/estimand_alignment/matched_reliability_validity.csv,.csv,2635,48f9fd4e54578cada922a7a88f44a60c7d90842500192c9fd7144d52e570f05c
outputs/models/validation_strength/analysis_manifest.json,.json,284,50671eb8d4538910baa153cf6215509484fae2d15e2574a977094d4a141ca06f
outputs/models/validation_strength/association_equivalence_sensitivity.csv,.csv,3032,0e9a4565928febcf44e3d87c35094416200f61d5760e22b0888e8b6410e66ca1
outputs/models/validation_strength/claim_strength_summary.csv,.csv,4004,aa28a920d43a5a6bf532b156926a083441e895ed19d6b617e3d375cfe1eeff11
outputs/models/validation_strength/correlation_precision.csv,.csv,791,43c2c2cf647c62da4fb37599d80cd8f6c50105a207dbbdff1573b9c5c42688d1
outputs/models/validation_strength/prediction_increment_precision.csv,.csv,1749,f944a6956d7a7347d4284719f3cbd05e48e3fbe0de02d636439b6e460ede90f2
outputs/network/ds005048_full/block_features.csv,.csv,87403,a2d38ec105b6065adc7036597146be641cea9225aeb8725452e2cbb8f79afe47
outputs/network/ds005048_full/recording_qc.csv,.csv,555,0f083249e70998809549da55b8bb143a8eab2ee6f0ae72c06f0b50ae1f38a8f0
outputs/network/ds005048_full/split_half_reliability.csv,.csv,744,914c1bdadb04b4f7561d46d6442f1242a707d7fe5f420c5a7d4f2dee1512a4a3
outputs/network/ds005048_full/subject_features.csv,.csv,9883,e70bfd251968f49f093f2b8e365167e72b474bdb6dc42355de37e6dbb7d9e244
outputs/network/ds005048_models/amplitude_sensitivity.csv,.csv,376,df5d2dec5886214a436391c14dd4b8252e7a153ba2c82df87b2b0876fd426931
outputs/network/ds005048_models/leave_one_out_stability.csv,.csv,273,3e83a67cc6ef0eb512800967a26b9840bbbe2f98380ac4add45a698af63946cc
outputs/network/ds005048_models/mmse_models.csv,.csv,2387,9038e76fc987637b2ef501b7ef7d29095e93295aa4294bb3b4fd111c855bda0a
outputs/network/ds005048_models/model_summary.json,.json,392,65294c183aa162a2236662e6d1b9229bd25c7bfcc5dafcfdb6a6ea509d83736f
outputs/network/ds005048_models/reference_sensitivity.csv,.csv,482,ddab2e337a8e9fc8a09542aa4e0ddfb2a098de1d809c9684d65baa9ce3432ed6
outputs/network/ds006036_models/diagnosis_group_models.csv,.csv,2190,7557a123b2df303c013e158653918dcb61b1dcc854702d476c81b00109dfa8e2
outputs/network/ds006036_models/model_summary.json,.json,391,3359310c26849cb3adf0405604c43fb272ad6a831a76141b58175aae1ccf2c7b
outputs/network/ds006036_models/patient_severity_models.csv,.csv,2555,0f3b62de06193626bf9f76e6678b40c3d80f9fe8c7a3af417ebc2eb6d0912b27
outputs/network/ds006036_models/reference_sensitivity.csv,.csv,2211,833799b3168935eed9e13e956e33e9c23484d221acc64432090dc9aff4f3ce3f
outputs/network/ds006036_models/rest_to_advanced_visual_models.csv,.csv,5809,24f3b26398b137da875390104629bbc7ff44f8e32216e668e61f611674cf6634
outputs/qc/dryad_raw_stream/R2_gate_frozen_v1/behaviour_reconstruction_alignment.csv,.csv,4763,7ab6004a1621b332c13b6d47005db962025fbfd766a5517726faf1d7993ed848
outputs/qc/dryad_raw_stream/R2_gate_frozen_v1/participant_technical_gate.csv,.csv,1536,ade691292e09bf3d06410558283349850c0a377b4bd463ab117468525530a896
outputs/qc/dryad_raw_stream/R2_gate_frozen_v1/r2_gate_summary.json,.json,1099,37fb1182829416733183a4c7e0499fb34df81c5381ba4100ded7367e70bda519
outputs/qc/dryad_raw_stream/R2_gate_frozen_v1/same_analysis_frequency_condition_contrasts.csv,.csv,574,98160b46a4707649b36bd035949bff2d126f3a92ad89cd7065e4ee0bd263a739
outputs/qc/dryad_raw_stream/R2_selection_frozen_v1/candidate_profile.csv,.csv,4789,d3748473f874d93b6239cd83d3136cbfefcacc2528b791de71ec76048a7c4534
outputs/qc/dryad_raw_stream/R2_selection_frozen_v1/r2_selected_subjects.csv,.csv,817,cdc33a25fb9560451d75e6f4f435c163400d99c82339fe686a2a4a8c172709b9
outputs/qc/dryad_raw_stream/R2_selection_frozen_v1/selection_summary.json,.json,1431,ed96e43ae67d596d16e8d90bcf6e77b2f3471b8f94850306faa6a3060fb4e1fa
outputs/qc/dryad_raw_stream/R2_subjects/S13/audit/audit_summary.json,.json,1919,71101bf57dec05397ec02fbd71e28573c6a21bf6bc49e653e1970757ffb05215
outputs/qc/dryad_raw_stream/R2_subjects/S13/audit/channel_qc.csv,.csv,8489,c3b1836cf1b6ff49b0a1968eae19454fe167279ee8381e3e757aed4cdcedca5a
outputs/qc/dryad_raw_stream/R2_subjects/S13/audit/event_counts.csv,.csv,288,7dff70c97ce2004ee2440da7b4adc83d5629bba0ba314a3a7d5f1bf58b790e3c
outputs/qc/dryad_raw_stream/R2_subjects/S13/audit/raw_status_edge_counts.csv,.csv,635,7aca230fd386b50a223b630b6f6f4e6207d6fa815cbf5f3936828a3d19b8d064
outputs/qc/dryad_raw_stream/R2_subjects/S13/audit/trial_summary.csv,.csv,782,01362bce16c3f29c4ef1176e410bfac80f4d29b17c4e2f20b86c4a0d3578e488
outputs/qc/dryad_raw_stream/R2_subjects/S13/audit/trials.csv,.csv,43438,0f7a31083f3f043f105cc50dbfecf191b7a033f19d1e46016a5bd202c207bd8f
outputs/qc/dryad_raw_stream/R2_subjects/S13/signal/channel_metrics.csv,.csv,12369,1a0d0cdd318e9fba421925fafa42df5da1e52d0c9686330874da9dd96b98c970
outputs/qc/dryad_raw_stream/R2_subjects/S13/signal/condition_target_engagement.csv,.csv,1617,2f7f9ccfcd8f65723f9e1fcbda010a582728cbbbc9f3b37ebca9fbe3c08ce43f
outputs/qc/dryad_raw_stream/R2_subjects/S13/signal/qc_summary.json,.json,466,257442b33157cff55de4d88d0313512f6bec13e0a381f0358d914a67dd281693
outputs/qc/dryad_raw_stream/R2_subjects/S13/signal/trial_signal_qc.csv,.csv,55242,b5ef427dfcddfbca50554138cce157fa4e10d2bbc4f1284dd074bc4114da9d5d
outputs/qc/dryad_raw_stream/R2_subjects/S23/audit/audit_summary.json,.json,1936,0d73a374396f0e8a22647c5a727745a9d6def44389ea3d38e99d8bc43ac11586
outputs/qc/dryad_raw_stream/R2_subjects/S23/audit/channel_qc.csv,.csv,8491,6d13c106b1af8459b16f59764073d4acea37cb65a470415e735925d573d6c7fc
outputs/qc/dryad_raw_stream/R2_subjects/S23/audit/event_counts.csv,.csv,298,51f63130d78ad797b66e0042e28099fa50447e26accc6de298bcee5dcae8c06b
outputs/qc/dryad_raw_stream/R2_subjects/S23/audit/raw_status_edge_counts.csv,.csv,680,6dcebeaee29f602af1c0ddc617a741b744c5f5d3534b363ea7761a6d468da0c9
outputs/qc/dryad_raw_stream/R2_subjects/S23/audit/trial_summary.csv,.csv,884,8491c468db408eeb59a3c0fd8de81bbb91b13d8e4728b0ef52073b81d5bf6edb
outputs/qc/dryad_raw_stream/R2_subjects/S23/audit/trials.csv,.csv,43306,8af69dcee0874bc5214180a61df7f643e473f451513239c662d4bd5c6385866b
outputs/qc/dryad_raw_stream/R2_subjects/S23/signal/channel_metrics.csv,.csv,12338,0d6a95225d4933a4ca5963f04beaaa979ee896febbf8a71ece4f84d2d43edf3c
outputs/qc/dryad_raw_stream/R2_subjects/S23/signal/condition_target_engagement.csv,.csv,1600,af32c669adc071ea2cd1de5be2c1af83b677364ec6b888c5e07831745241e925
outputs/qc/dryad_raw_stream/R2_subjects/S23/signal/qc_summary.json,.json,444,20d39cfaefc3358cd8382bd38a1264acd94a653337f0f5e674ddf333faf75aa2
outputs/qc/dryad_raw_stream/R2_subjects/S23/signal/trial_signal_qc.csv,.csv,53715,445b911a6f0c7182caf948d8a2b535a9697bbcba7a37c736c37aae046c9aa95e
outputs/qc/dryad_raw_stream/R2_subjects/S27/audit/audit_summary.json,.json,1928,58761ddbf7f5dd4eb9aebc11dbf8b365f79c83fafaf9ebffbe993ff71ffd5e87
outputs/qc/dryad_raw_stream/R2_subjects/S27/audit/channel_qc.csv,.csv,8423,c89b0f4f3ac051d1142188a93529cedb28f4a922a237424e657d03c506f6faa8
outputs/qc/dryad_raw_stream/R2_subjects/S27/audit/event_counts.csv,.csv,308,49a67baeda635383c36cee28df512a3cc72e92f2b0abefbb975e5799f71c0e66
outputs/qc/dryad_raw_stream/R2_subjects/S27/audit/raw_status_edge_counts.csv,.csv,668,4eb80519255abd32006caa5bff823dcae25179f58255bf3131e618fc873ebb70
outputs/qc/dryad_raw_stream/R2_subjects/S27/audit/trial_summary.csv,.csv,958,ec1976ea612ccfd784ae2bd6fee7db6359ac6ddcd31619e613d92353c00c42fe
outputs/qc/dryad_raw_stream/R2_subjects/S27/audit/trials.csv,.csv,43454,e2ccd9be413005cf0c90ee5a220d72701ea3b6c25bb752ee65cc6f0e48d72bc9
outputs/qc/dryad_raw_stream/R2_subjects/S27/signal/channel_metrics.csv,.csv,12840,937aa8368f605999fdc2e95f962bbccdd4255a31dbdecf9595ea900c50ba7123
outputs/qc/dryad_raw_stream/R2_subjects/S27/signal/condition_target_engagement.csv,.csv,1534,dfd25c2602d5e9d6416eadfe416b67a93bd43778eb2dc5b3d53165624ff61d19
outputs/qc/dryad_raw_stream/R2_subjects/S27/signal/qc_summary.json,.json,683,11918782c0195d187ae9c3f2f94df4c463b9fef79a022c8ea4fa29d3389ab932
outputs/qc/dryad_raw_stream/R2_subjects/S27/signal/trial_signal_qc.csv,.csv,53172,860b80b6b641182d66dc5442580b7286d38fd7641365d8470e10ab76ae0bcc1a
outputs/qc/dryad_raw_stream/R2_subjects/S37/audit/audit_summary.json,.json,1927,db9a7cb88dae3bdcca8c010942f673c9f9bd6b8f8cefb03745b8298feb5d4568
outputs/qc/dryad_raw_stream/R2_subjects/S37/audit/channel_qc.csv,.csv,8463,65eedffc7b08ec19aa1d0e39614c0f0986219c5fdb465d7e5d086faab740afa9
outputs/qc/dryad_raw_stream/R2_subjects/S37/audit/event_counts.csv,.csv,298,c791d1fc9f5f4879c7ebf7fe9b04c4fe5ff091cd844036b72f708bacebb3bbf7
outputs/qc/dryad_raw_stream/R2_subjects/S37/audit/raw_status_edge_counts.csv,.csv,667,1c929b91dd45e17a0350f3759b16b2af740385f84ec0459c3279b3bfff560817
outputs/qc/dryad_raw_stream/R2_subjects/S37/audit/trial_summary.csv,.csv,845,5516bdbf4e15c2c872f0f6d075b2e123ab3102ff50bf36aebe6146d5ee70da1d
outputs/qc/dryad_raw_stream/R2_subjects/S37/audit/trials.csv,.csv,44372,6e49ba8ab1d5bc90df621be35a73f25a573f8b9a88f00ab47df3daff0525dea0
outputs/qc/dryad_raw_stream/R2_subjects/S37/signal/channel_metrics.csv,.csv,12461,f9499db2e1eecd541d373774106ec8511c7e66cf58a6a39bbe7c2cf501c78e29
outputs/qc/dryad_raw_stream/R2_subjects/S37/signal/condition_target_engagement.csv,.csv,1637,b837fc1bc2c8cfd7d2a2699a6f1c8ad9bd2cbf2cd664316b4377b394ccee67e1
outputs/qc/dryad_raw_stream/R2_subjects/S37/signal/qc_summary.json,.json,531,47d356a485edde630491eda50c041ecff820838b7fbbab9816aece24d7c0e0e4
outputs/qc/dryad_raw_stream/R2_subjects/S37/signal/trial_signal_qc.csv,.csv,54539,aaa0d9f199ce77524972feeb32692f06c917845f1f74326ec898ea81230e0cac
outputs/qc/dryad_raw_stream/R2b_development_audit_v1/development_audit_summary.json,.json,703,ac621ab2a7263732492953140651fd583cf853e9b5f8ac20b73be89b647e64ba
outputs/qc/dryad_raw_stream/R2b_development_audit_v1/flagged_channel_details.csv,.csv,3506,a91bb147e36abdd70ed4d2fe000276e396b07413fc688a559b753fd9f5e8c3bc
outputs/qc/dryad_raw_stream/R2b_development_audit_v1/participant_technical_summary.csv,.csv,715,d2c17ae449530ca73ed5904a040fd565b0a0ea0acfcede02ab73fa2b9747ef49
outputs/qc/dryad_raw_stream/R2b_development_audit_v1/technical_flag_reason_counts.csv,.csv,107,3918b723e36e0ec2e6c2302e7e4d2c44eb118b4d075bca10c02ebb3ab70a9498
outputs/qc/dryad_raw_stream/R2b_development_audit_v1/threshold_sensitivity.csv,.csv,1454,dbc4b4ccbc46852975f8a945ef15125bf04885cef3aabdab6452cba6ae5870f7
outputs/qc/dryad_raw_stream/R2b_protocol_freeze_v1/protocol_freeze_manifest.csv,.csv,2405,fcb8a934be29882795fe37a510e96cee448a4c6e9363f911a7c41a45be837fa6
outputs/qc/dryad_raw_stream/R2b_protocol_freeze_v1/protocol_freeze_summary.json,.json,446,3b8ef58cf308f5763616d78b7929997ae635dd081a4fb288fb072a7ad468c074
outputs/qc/dryad_raw_stream/R2b_validation_gate_v1/r2b_validation_technical_gate.csv,.csv,8352,50dcf49353cd7b1fe995eff04092bf4ec3c5bc770842afc0d3833954bc089263
outputs/qc/dryad_raw_stream/R2b_validation_gate_v1/r2b_validation_technical_gate.json,.json,676,0c999b28454fdcc855a50448f8ffcdc4a91303c52e77935423a77c76c2cbf835
outputs/qc/dryad_raw_stream/R2b_validation_summary_v1/failed_participants.csv,.csv,199,f58ec5421cc094646d83a8bee455989eb77b5d7f539beab6bf3582c2ea606071
outputs/qc/dryad_raw_stream/R2b_validation_summary_v1/failure_mechanism_counts.csv,.csv,213,f925a759052181b732728e657fb404d297cf96ad89339285637ef15b9ade9da3
outputs/qc/dryad_raw_stream/R2b_validation_summary_v1/participant_technical_gate.csv,.csv,8346,ef9143d9dced985ae3fdde9947492a2188020b9da77432977d943e45f8dee65b
outputs/qc/dryad_raw_stream/R2b_validation_summary_v1/validation_summary.json,.json,452,8eda21c389ba7c6331a2f75750b8cce99b673d6352b13265b5512faba35b2c21
outputs/qc/dryad_raw_stream/S2_pilot_v3/audit_summary.json,.json,1935,c601942b5d37e12efc4805f86ba656f99d3e8974654933a5babb1d6c47b750e2
outputs/qc/dryad_raw_stream/S2_pilot_v3/channel_qc.csv,.csv,8559,0696536ca5f0fb78609f35728ce833eb18f9eac999ee9bbe3ec208cf09c8165e
outputs/qc/dryad_raw_stream/S2_pilot_v3/event_counts.csv,.csv,308,6086802a447c533cb76e5bf9cd65cca28bfd073c2c90e05b33fb0be93c1f8925
outputs/qc/dryad_raw_stream/S2_pilot_v3/raw_status_edge_counts.csv,.csv,689,589a07b73c3452dfc29461d8de737304c619fd187f4af8e53016702011d885b4
outputs/qc/dryad_raw_stream/S2_pilot_v3/trial_summary.csv,.csv,869,e3e9fda0d311f41399e9629d269384aa2128ab35e6dfc86938842fde7b34c5c2
outputs/qc/dryad_raw_stream/S2_pilot_v3/trials.csv,.csv,43504,8ca5af20db3c6e40b47c257161be344c06d9ec907d49782160c0e83f2e8a0017
outputs/qc/dryad_raw_stream/S2_signal_qc_frozen_v1/channel_metrics.csv,.csv,12291,aa88dbbf934173ade1154fd34f3d2f195d69f39be3ed18b1bb6cd820d7d3ed85
outputs/qc/dryad_raw_stream/S2_signal_qc_frozen_v1/condition_target_engagement.csv,.csv,1561,db67c2eed9797bc4ab1b217ffbeb50cc2ad9fd9e9c590a13934a4e27225cafc5
outputs/qc/dryad_raw_stream/S2_signal_qc_frozen_v1/qc_summary.json,.json,366,4c5355c10bff92db13c7370195bf3c87da31c4657574a68d3287798195611da8
outputs/qc/dryad_raw_stream/S2_signal_qc_frozen_v1/trial_signal_qc.csv,.csv,55701,c6bdb1d1743bf195caec56450e17d6b61cbbc0c06fff7430c0e9fa2f29176015
outputs/qc/dryad_raw_stream/stim_zip_members.csv,.csv,8428,4526ee88fb7a1ac2769f6c86d2ae627301ceee9224fb2caf1415b75ee9690a78
outputs/qc/ds004504_full_foundation/paired_rest_visual_features.csv,.csv,63194,d29249a578a09e057d5ab853fc13288e9925b3a859d44568fbf5dc1c706abeb7
outputs/qc/ds004504_full_foundation/recording_qc.csv,.csv,5029,5bb8628ecd3e96ae459393b8a1f95d873dc98904fd6a1150629df7ec77892417
outputs/qc/ds004504_full_foundation/resting_features.csv,.csv,14784,b325ff21c2783abcfdcf9fd127ac8a3b63e8cdd42b1415b87a0edd62ec3e02e6
outputs/qc/ds005048_full_foundation/block_channel_metrics.csv,.csv,1264253,cf80bda5ca8f6c7518119df109154f92b1382a8acb4b9924d0690e982715cf3f
outputs/qc/ds005048_full_foundation/channel_response_summary.csv,.csv,1171,f382b6e231088b8f89e2634edff9b90156d5025d6f33959537f22ce6ee5bfc41
outputs/qc/ds005048_full_foundation/figures/01_paired_40hz_snr.png,.png,135286,1090348b60fb0465dd3b14ecbb27456be214ebaedb5e5c9c8da6253c058d5e7a
outputs/qc/ds005048_full_foundation/figures/02_frontocentral_psd.png,.png,120304,dd098a992d3982bc994ceccd20826d1a72669f7340525d260377d9885c530d95
outputs/qc/ds005048_full_foundation/figures/03_block_trajectory.png,.png,205199,a5e7ffc3c5456ee8756bea044b7f41ab9843560f08ff5ff416b018c1868aaef1
outputs/qc/ds005048_full_foundation/figures/04_channel_response.png,.png,47378,9a3f33d509a7d2403310d338443140ba18a2a0ed35105efc782dbb9c258584d2
outputs/qc/ds005048_full_foundation/figures/05_mmse_snr_scatter.png,.png,52836,5bb6380e7ec34fddb693930ca58a1326c9500218d38548c46f87278de9f339ca
outputs/qc/ds005048_full_foundation/recording_qc.csv,.csv,4973,f1a3c5e4dcec17338c6380f9772200ca61eb7bf58ab08f156a99f879f98b4ff7
outputs/qc/ds005048_full_foundation/subject_channel_deltas.csv,.csv,45348,a9230a4c72ccf8c8cfc2d09c951cd94ffd62c7e73e539fd5a238f2fa41f56dc6
outputs/qc/ds005048_full_foundation/subject_condition_psd.csv,.csv,354798,4ed4d6553fa9b1f081dac1f6e4e3b664469267cde7a7052b3b30fc78cf4bb900
outputs/qc/ds005048_full_foundation/subject_summary.csv,.csv,7345,99b0a1f0d47e2ce59b6b8688a0f1ad50bafe26cf9c2721fe99ebeb80c2a224e0
outputs/qc/ds006036_full_foundation/all_channel_block_metrics.csv,.csv,256657,0a14e8539c6b5a6eaeeb04c48fb65fe41f95d699e5dc26beda41928ae32005dc
outputs/qc/ds006036_full_foundation/channel_frequency_summary.csv,.csv,2276,af4e2ffd87165c2eed9260a3b5e92815cf0edf5fc8bf672044049fb0a5913204
outputs/qc/ds006036_full_foundation/frequency_summary.csv,.csv,317,9e9985194baf533ae83a892953935d363e8989e0b75e03dfe3c140cce6d4548c
outputs/qc/ds006036_full_foundation/occipital_block_metrics.csv,.csv,71981,6d7eb9b24ae2292062f6b843cb5738c2df6764ae889f96705a45e9971cc02fef
outputs/qc/ds006036_full_foundation/recording_qc.csv,.csv,4955,f6d3096b6016a3cda3df59635a217a600166ca19931b6b854aa5f7278d86aec4
outputs/qc/ds006036_full_foundation/subject_frequency_summary.csv,.csv,13879,e58f415ee1adf10713ec3473ab726baa01b90eff60e1da3204dbb79f838f99fc
outputs/status/dryad_confirmatory_claim_release_v1/claim_release_decision.json,.json,956,02ff8f31bc17a7897dbfbe5e7b975ffdccd5b6dbe2407838f1a68a62776d48ab
references/manuscript_references_v02.bib,.bib,10971,c979da8600206494e4b7ba4821f38c8c2b65e27ea2a17d5f5795aaaf0915855a
release_candidate_manifest.csv,.csv,103033,e53078c598333889fb19e440f51bc20d1ff083c102d5a0ee7d5cefc8015c071b
requirements-qc.txt,.txt,327,919a5e99384186268d55de82a9d63068fc3837c00bd3e0d2e7408fdb39463b18
scripts/__init__.py,.py,70,6b0c72f3831bebaddc79fa1c9ee9d50c54ca875dfe4d3d8e36e4222ad4f9c018
scripts/analyze_behavior_measurement_reliability.py,.py,9839,41505785b0f5293e4573f8c69bc8109a08a70412034e67d236f20e3a762c46af
scripts/analyze_dryad_confirmatory_group.py,.py,16671,343a3feeeeb0f77ec8f1b7ea90dead858964891b48039d7d7fa85f8f497d4347
scripts/analyze_dryad_theta_validation_gate.py,.py,17864,ebaa2772649439bd57fd207673c6bcb9392d78801667505abbe19130145da312
scripts/analyze_ds005048_dynamics_network.py,.py,10277,601a63d61d313fc79d92e3a6308a2c6ebcc65c017c374aa1395575ef73df1fea
scripts/analyze_ds006036_competitor_gate.py,.py,12498,08abf41d60d8a08cb9d449e13bd98f57bebb6bd0253042df2d705131ce30fe4f
scripts/analyze_ds006036_network.py,.py,13190,e3ae720e0a5fc45082849d0d8be0d3b571d24f439e812a218949dfb279ec3077
scripts/analyze_ds006780_behavioral_validity.py,.py,20311,11636f7ee123eff34ebcda667ad17041d8fa04ba1cf3df99db449396ff3cbba0
scripts/analyze_ds007648_behavioral_validity.py,.py,17649,116256cd4df85ce401a7da0f737f3b97a0e1f22f6af8410f6700362bfb71f785
scripts/analyze_estimand_alignment.py,.py,7966,86426fd8860aeeab2320359d4e360da500dbd4c7b2b2ba3a6df3318f5151665e
scripts/analyze_validation_strength.py,.py,15170,79c7468eb409a309d94676f9ea9648bb3f24212fa7539576a423a5db562e7756
scripts/assemble_dryad_confirmatory_claim_release.py,.py,5414,bd42b1bfd6b72ba82fb4f12496fc09cc852eaf553903403f12710783219d8ed5
scripts/audit_behavioral_validation_datasets.py,.py,4498,7c36f96f2942115ea132a76c65adcc7ae57e439a149d95b43e93b3851e832556
scripts/audit_bids_events.py,.py,14186,302d6f518395780adaaa775ba53621944ecb71230659de8513b0ae0f0a9eb7cf
scripts/audit_dryad_bdf_pilot.py,.py,12959,9ced5f824c2443cc8774b5b1bd199429073f40214d81c83d9e3a42c12f63ae11
scripts/audit_dryad_confirmatory_group_inference.py,.py,15467,43af5c678667af2a1953436dba5109506ac2bc7dbf01f24f0fa376242b88adaf
scripts/audit_ds006222_metadata.py,.py,5879,e2cb4c82e9ab8e23c9287279b1c1de49490f3e59a0bfcab4d10a36c6153f42b4
scripts/audit_ds006780_fsiq_signal.py,.py,7540,c8dee92d723ea910d2809629abf6ebe57a8d6cdd69f2fe75707c4d8378065f49
scripts/audit_ds006780_response_windows.py,.py,4599,80d9d821ff92552b293a2c8d4cc647e159aed8a2d726074045d8a69a21aa6f78
scripts/audit_public_release_package.py,.py,6648,6f2ffcb765f7518a2cf952cfd4373c5ec393f95e17b275ff346c9f0efd08a050
scripts/build_alzheimers_dementia_manuscript.py,.py,5405,3af9796fad1ade2b130cfb6c62d823a92328b9a059ab425a7ce88198f0137114
scripts/build_behavioral_validity_figures.py,.py,15609,0fd5faad27184bf1ba1d6c2a2e487213034952c59b5f4c854cd2fc711d4e1d32
scripts/build_consolidated_manuscript.py,.py,9108,3c30ba85bfbcada5f63ee4a114f73db943dfbc9f6dce08ce88c6ee0e21aa3d78
scripts/build_dryad_confirmatory_figure7.py,.py,14923,c233ee0bcda30f9c181273c3041a5aff5b0ee44f251e59d9be14363e1d034ac6
scripts/build_dryad_confirmatory_supplement.py,.py,11805,9b8371e3b62f95beb4ec06cd77a8abc847ee130b0f6ffff70f6b9b1f24b4fd10
scripts/build_dryad_theta_figure.py,.py,8399,4ff72352ce087df32ef4add0a8fd7c0f54be459d600efb7e971b3fdb5448d045
scripts/build_foundation_figures_v02.py,.py,24517,ef10f4685fe178179ad408018aa8004700605461ca9166d17e409e02a0b3e3a7
scripts/build_manuscript_figures.py,.py,30553,8c156aecd086e7bbdf30648ac818bff5a7ce948ba06b73be3623862dd4bb89d7
scripts/build_public_release_candidate.py,.py,16733,7d021a227c3fb441e713c165d6384bd3d60bfd597822e42b795aba9fac7b7139
scripts/build_supplementary_figures.py,.py,22847,61ff51da0e988e2f899a382acb2b36bcf1952aaebdfe1afc7d24e37e76c66f00
scripts/classify_dryad_confirmatory_behaviour_branch.py,.py,4527,5d1b1d13b7f708fc543f4cba2fb5cc8af63e4f40ef1cc415b7e54ebb23a37dbb
scripts/classify_dryad_confirmatory_coupling_branch.py,.py,6299,a1f5c0a064d57d5ce38a8a4a91c9539a5a2fc0c9a5906161872891b41848444e
scripts/classify_dryad_confirmatory_prediction_branch.py,.py,4129,bbe07ac64f232fb9e9a649571fd7e2ae2e91615a2db16986443ed7e6755fb3af
scripts/classify_dryad_confirmatory_primary_branch.py,.py,4727,b50373cb5441528439fb589eefcd0317640d05d23cb088c4c4c31a0dc910156d
scripts/derive_dryad_confirmatory_subject.py,.py,13476,24bf8eb45ffd58449ed6606029c723b0f3a2462ec169cd17a9d6da77a952e6dc
scripts/derive_ds006780_assr_features.py,.py,12548,a20d0ba3bff854d8a60d250e8115294d1aebc68661edabd4065e654bf494cd73
scripts/derive_ds007648_trial_features.py,.py,14722,c4694b7878cc8d39ce709917a7f7c514d7a1149c6d1ed3dab759a92ad089c5c2
scripts/develop_dryad_r2b_spatial_qc.py,.py,18578,8eb1385366effb53a2a99f6796549dd38ac701d931c5a258d86f7eb19a45a66a
scripts/develop_dryad_r2b_technical_subject.py,.py,11234,55d25437f299a2973849253ad1a8748744aae31ea7ea3cc4ba4f82c9322564f8
scripts/download_behavioral_validation_qc.sh,.sh,2652,d5d8a2c0f0bfe4fe04f46823123574196eca8f084fa458fb360cfa8e9e8376c8
scripts/download_ds004504_signal.sh,.sh,1557,1192e83486c7c8746545cb89d0198ff2431e34ad253eca16a0a186348de84cc2
scripts/download_ds005048_signal.sh,.sh,1030,ac3428815c7674a1e49141661f050fb6bd3f831d90e8de81de567f6ab8fd8000
scripts/download_ds006036_qc_sample.sh,.sh,1516,710488f5f2d9869679d6c98c520fbf3a096d7d349fff388e759076af8d9bd1a8
scripts/download_ds006222_qc_sample.sh,.sh,1903,31c38014fdd9f1e493af9357e3944f243e29c7d3b5b71314168678740ef6f3bc
scripts/evaluate_dryad_r2_gate.py,.py,12822,de91dc5737451cbbab8480838084bfb0776330e41dc83d808e040277d87a0c7b
scripts/evaluate_dryad_r2b_technical_gate.py,.py,5585,344e8c469eb3b88a571db8454e145091464a852cb51baeb1a72afbfec3847499
scripts/execute_dryad_confirmatory_group_locked.py,.py,4719,7f3488279a38fcfe239e36fe795d22038a78745fcbf3a44ca0d44a37055cbd22
scripts/extract_remote_zip_member_resumable.py,.py,5496,534b1c43754591150c0ccd4d662eeba881deb71ebe14de5901e8355fb8574acf
scripts/extract_remote_zip_member_resumable_v2.py,.py,1435,e155a85703f0ac12d817614cf038d884e968659138a36d4caffa9425fa9b4011
scripts/freeze_dryad_confirmatory_inference_audit.py,.py,3126,cfe1cb47abb817c4f01d0fdb7fe53eb2a24ae762880202512575801c7f7a90c7
scripts/freeze_dryad_confirmatory_protocol.py,.py,3834,c4498b2722c1ed1e86a10af3911b5fa8a1ed571fba18d9b3d1afbacb3f348c76
scripts/freeze_dryad_r2b_protocol.py,.py,4323,3032fb607c3dd365f4fe35230176a12e27587e2e7fe97438791bfcbb1466d224
scripts/join_binary_parts.py,.py,945,f887669ce56448bd7f34e70d98f04cba1acd006d5c57a337f310aae9b54a3149
scripts/model_ds005048_dynamics.py,.py,7891,2941d2426e97ccf5e52abf6978c85ba66e4e5072c4879ae43f63c54bf9c916d5
scripts/model_ds006036_competitor_replication.py,.py,12446,9678f844612413c9f5e154c74901a5cdbd478595c0fc1bf6b89b8c79244309cb
scripts/model_ds006036_network.py,.py,8583,ed768f7b5cf9379ccfc4dd70bc80d3a4a72df4cda282ecf6c0c4e73d83f28e21
scripts/qc_behavioral_validation_candidates.py,.py,15118,5edbc5d56417d4e6ee2f4b324dbc2cbf674f0bc536869264b699596697fde287
scripts/qc_dryad_signal_pilot.py,.py,16042,d69b113b1beb77aa3fe326a0af2d7983ed8806fbb679b17ecaaeaa9bdf0dda72
scripts/qc_ds004504_resting.py,.py,5482,1028dc6f4281f892293dc03656e701d0cab5f20b64285e0d724d755877adbc39
scripts/qc_ds005048.py,.py,26535,4f4ff6a2dea05148bd3c909e7740cc2e46851d9b0360524ae45bb8d98ec29df9
scripts/qc_ds006036.py,.py,9540,5bacedf7fdac68e2513935b8d0c78dfcc89a14f604749de9eca0182c4da44ed1
scripts/qc_ds006222_signal.py,.py,9073,e0534b501affe7aebc2afc7fe7741045a398b33956b39fc12d9f161a36c0e31d
scripts/refresh_release_manifest.py,.py,1866,a138be701f5fd50f4322902c43438ba841c05f5edfd55ba238f09122a210cb7a
scripts/render_dryad_confirmatory_manuscript_insert.py,.py,6378,49daf0103b6100813320c54b1d973d447f24e891016b6f56726e49caab0fa6fb
scripts/reproduce_from_derived.sh,.sh,1550,86380306ba545b444c5c84f9d1c3c3884bc4ebe5a5adfa252633e149f33ee143
scripts/run_dryad_confirmatory_pending_batch.py,.py,3924,bfda326926fec0ac6e9bc32e0e84ed9bd81a14e8236e2dbbb40759a1d944eef7
scripts/run_dryad_confirmatory_postunlock.py,.py,1692,f80be2b70a3c78b4ff11e5192cee384b6e517435103444181a3412de35a11aa5
scripts/run_dryad_confirmatory_subject.py,.py,7676,fd7ee92cd41e16e00a06c176ec2e70d13f29c6f64df43bba81615845b6402222
scripts/run_dryad_confirmatory_subject_amended.py,.py,4100,b973f80f484fa9a12aa4377875ecd76a996f40eab48e0868b7e0d48b34af16ad
scripts/run_dryad_confirmatory_subject_amended_v2.py,.py,2994,9b62f05fd31c95e04f206432ecd7fe7cac9f61a589d41dc8d95ee662d44bf105
scripts/run_dryad_confirmatory_subject_amended_v3.py,.py,3169,e8623a7dde2ab5e7207d62a005ecbe3d8c684c7f5835aba8e3887fbcc9865f8c
scripts/run_dryad_confirmatory_subject_amended_v4.py,.py,970,cf1cd8693f85be61990d58b07f8655316c5eb691a0e9fd937bcac3e270675df1
scripts/run_dryad_r2_subject.py,.py,10539,0a61d66bf9c3519da8ff52456264f89e94535fe2bd65f33af69106bcce3230c0
scripts/run_dryad_r2b_development_subject.py,.py,6057,e4706c9e40c6da5c74d88ee76959a1e855f3b4e60c1f1b1779efc61f33b78679
scripts/run_dryad_r2b_validation_subject.py,.py,6269,1560cefb8e969bbe5d88f42b297fe53d0b32fbc719317e36c48a450e9bfd4f6e
scripts/run_ds006780_streaming.sh,.sh,4598,d7ee0c2b80a6d8b1aac3d3e1ab414afaf484cf6d1a8a0f3a26378a83fb1e2a3e
scripts/run_ds007648_streaming.sh,.sh,3842,fa3e9c397f4846e883f8fc748e20369266a06fe5154a52cde33b29c6b681e6ff
scripts/select_dryad_r2_pilot.py,.py,9430,2ea854cc553ac136947b8c9dae26bfa32d45d40c4117188e2a4615498e77b4d4
scripts/stream_remote_zip.py,.py,11565,9188c96ab1ad0be561efa3c48f125b971b11bd3cf5deffe7f1fae1f6c64bd552
scripts/summarize_dryad_confirmatory_completion.py,.py,3666,73c7f81b3542a05bd75589373efbe725fd54c36785b3fe7b83635d67fabf1941
scripts/summarize_dryad_r2b_development.py,.py,8093,b9dbd3a9e4527bd3cc1e21607938df790a4ea8fb4e677bccabc93c34c9cbf8ce
scripts/summarize_dryad_r2b_validation.py,.py,3794,88b37009c98c6616992cc50d78f0db5c4bc2a703fcafa4084c5d3c5acec60bff
scripts/validate_dryad_confirmatory_protocol.py,.py,3862,16f36218e1c27cdb835f01e86fc3c763bf8938e23612750c7ebed52d61041438
scripts/verify_dryad_confirmatory_freeze_chain.py,.py,4753,3f6aa37a2b897972666b7eb8b6fb39fef421609efe1e7a55e02289af909b4462
templates/public_release_manifest_v02.csv,.csv,2010,bfea81d2116d8d35a7a0e256838841f32006dc7dadc8d4d956783962c25c2565
tests/test_alzheimers_dementia_manuscript.py,.py,3248,86f48f1e313eedb440263ba4abb021602fde47e9d0dfdd6559f68ccf41a64f0f
tests/test_analyze_behavior_measurement_reliability.py,.py,1993,4e6299af9304b642d9e6a1fe061cd5145a41c067e2584a6e33c7d2101b1dd58d
tests/test_analyze_dryad_confirmatory_group.py,.py,2458,dcbc8eb2e743304d0a13315dd09aec7b77a2b56c246467fef16cbc4fb0e53bcf
tests/test_analyze_dryad_theta_validation_gate.py,.py,2089,d4f3aee9111f6f81b06d99e0e51d488ef15f3b32e8f4370a96a5c8aeb0c511af
tests/test_analyze_ds005048_dynamics.py,.py,420,f2dd137b19b00776a73fb0c180c591dace85a953d7959627a9f31f1ee5c205f7
tests/test_analyze_ds006036_competitor_gate.py,.py,716,d85b4148094de90cf9ca750ae94d09a37ad12a66a7527b411d29803c7ba53c26
tests/test_analyze_ds006036_network.py,.py,1386,54afa305db9b68915dcbc6a1c0729209cd65ec4a54ca9c1ee747a15444b3406c
tests/test_analyze_ds006780_behavioral_validity.py,.py,2968,aab2383373363afeaffcda3599f5a5b06d28127e9387ff5c7f395880ddd464d6
tests/test_analyze_ds007648_behavioral_validity.py,.py,972,a04119bc32c1da5640ce995e16ce4c457e3b36f3f2c48d8a8a42503ad3d8e977
tests/test_analyze_estimand_alignment.py,.py,819,5076099a508ae12fc45e7ffbaed2ad16a8c4308c9da6b74811f7d285212017e9
tests/test_analyze_validation_strength.py,.py,2730,b95a2af81cee846cc2f38124a89d1bc88a8738b43efce85b5d38ff5d020b3757
tests/test_assemble_dryad_confirmatory_claim_release.py,.py,2110,c26fb10ee7c8039e4683e25003dde3bd9a31a1845d29c06a4c3a7c53f2407d78
tests/test_audit_bids_events.py,.py,4041,7e5bb84a83ccfaaf95de4bea4c33e07e00b7a9602725c4b0123fdd503443910a
tests/test_audit_dryad_bdf_pilot.py,.py,2590,5825fab5789aed54efa36a6fa486a6c14c3ff003c413f5cabee5681312a88187
tests/test_audit_dryad_confirmatory_group_inference.py,.py,4451,4ce499c3c5a620bbbe3bfa3a7c14cef2435d7dcf205615305ab6dac1a9812e8e
tests/test_audit_ds006222_metadata.py,.py,1146,f66d6da5afd1b9180088f83eae8190c95296d5ed028f0d61ab244bbe5238c0a3
tests/test_audit_public_release_package.py,.py,3533,9f3cf7b1d501b7748fc9d1342bbd4a4f20cf7fde31140265afd870caa38e86f2
tests/test_build_behavioral_validity_figures.py,.py,1215,6722f5fcc732292a9da22f006cb239c69b20e9562112f7674ebb1bff7bea4cd8
tests/test_build_dryad_theta_figure.py,.py,1556,4b93ccb8d8f2f2f231f3dcee46ecc6fbde02e20474058f161e9968f85f7e04db
tests/test_build_foundation_figures_v02.py,.py,3025,8cddb547fb75d8e5fd9ef87d5b62ee9b52a5617fa7c9865be8185ad471e2fac7
tests/test_build_manuscript_figures.py,.py,1147,9566805bdd26128931e63f64fd95bd0550d776a3b328e7e7430acffc500fcda8
tests/test_build_public_release_candidate.py,.py,5156,309b669cf0346a84c650b20c1f7e7c516ee42c75eeb8a00adc41b3cbdb306f86
tests/test_build_supplementary_figures.py,.py,1011,1ca2abc81eaee269c1d1338ec30826188b27e2ddbd730bd2619b0bf92089015a
tests/test_classify_dryad_confirmatory_behaviour_branch.py,.py,1782,31e5d8fd58a889cb70613267282839af939b8a2d1fa306485ec55e94f0ed43fe
tests/test_classify_dryad_confirmatory_coupling_branch.py,.py,2590,be6b840f90a5efc75b4ae5a6f380ddf400fb951819248646907fcc5288824777
tests/test_classify_dryad_confirmatory_prediction_branch.py,.py,1606,ef1702f897be12505c06373b389480f0c38bade2b178a540c0ff03a5ebf91158
tests/test_classify_dryad_confirmatory_primary_branch.py,.py,1622,47520769217b2214711927ebad3fc2c7ad566b2fe6ed7b81d288d5045aa249e1
tests/test_consolidated_manuscript.py,.py,2842,6bbec76637b0fadf4ce7bcd2ec295630dc80d4325e3087c613f654301251fe93
tests/test_derive_dryad_confirmatory_subject.py,.py,2535,c148056672a3f7975e3c9234e1c4c0ee572a6a1e42a33ba0ca1b8f6101340f01
tests/test_derive_ds006780_assr_features.py,.py,1859,4925dc8f54154e97eb13ab91c6116ca86faf9f21786285e9f200c5ad8e0337fb
tests/test_derive_ds007648_trial_features.py,.py,1242,a0e8e5977bc33f37f5d7361a964caee1ba9efc6941bb4ed5cf1ee0bd149861b9
tests/test_develop_dryad_r2b_spatial_qc.py,.py,8964,816a65997db693897c5f4b14f1d054f2c441b4d7fd93a09c19c75fd8d500c4cb
tests/test_develop_dryad_r2b_technical_subject.py,.py,3300,dfc9270a8f3ca5db8c6ce4295e7e87a7880fe6c7010f257535ccf3481324345a
tests/test_dryad_confirmatory_manuscript_artifacts.py,.py,2952,5f2c57133063d6209abae5a1bc8af7771c226ee40ce44b9c28370bf4626e4919
tests/test_dryad_confirmatory_manuscript_branching.py,.py,1324,e1ae02573c56ca421bf2c0476f97c78feb6d2ddaaa6e122c7b6aa80c39fd67d5
tests/test_dryad_confirmatory_protocol.py,.py,2356,f6751d89696c1ab897d0c2dda2091de1b5e26be1136e09d23c11cb91366aa3c8
tests/test_dryad_incomplete_read_retry_amendment.py,.py,1036,185b53593eb7751183460befbe7c8cc9f2d172482d2022b61d7e7e49b387d445
tests/test_dryad_r2b_frozen_protocol.py,.py,1590,814175d50e6855683bb5e312d6b49035cd51f721beca17d186f27917c5731ed5
tests/test_dryad_release_fallbacks.py,.py,1718,7d896a596d935232221e15dd26a6463490a5dc39d44fb793dd2cbb60c96295e4
tests/test_estimand_alignment.py,.py,2202,a57d836f73cd94f8521c76bb8507ef08d14be667885df278502f2ff22d794a3f
tests/test_evaluate_dryad_r2_gate.py,.py,4817,9fd0ff7fa89ae417622277ba13423602b44b7c49bf8fc64ba44830cfc2d27778
tests/test_evaluate_dryad_r2b_technical_gate.py,.py,3094,6616f2e04dd1249c65d5308504d8ede007dcb9e921a6b4324b06aacc0c57b0d6
tests/test_execute_dryad_confirmatory_group_locked.py,.py,4260,1af799708c623bbbc7bce2520c58d9e75a809679fcaa6a9467bfa0b2e4265a5c
tests/test_extract_remote_zip_member_resumable.py,.py,1758,643a294795d986b10c203da3979124e0a162fb0d01d9271f713ca89bf9e8d4d2
tests/test_freeze_dryad_confirmatory_inference_audit.py,.py,968,1c7b8faa8b41e4271d84203a46d3ea6d0a7c4f15eb09197e1fc671795d681fec
tests/test_key_number_traceability.py,.py,2555,00abae1cc2dd1a4d4851ecd54ac5f8978c68f377da2ed7bcaad073f659148fca
tests/test_manuscript_captions_v03.py,.py,1353,9ff0d371c39f5f0b61dbfbd2061d5694c1e519c58dca14bd4bfabda6737a9999
tests/test_manuscript_captions_v04.py,.py,1320,508471f8e76526804a62eca62cfc18d15ddc7b2b29c644f85544aeca1bfa388e
tests/test_manuscript_consistency_v04.py,.py,2144,9bbb1a04845ad8a641796a7689ebf5a4fbf0efcc2f81b7737df43d77fda8cb38
tests/test_manuscript_frontmatter_v03.py,.py,2670,3e7d78d6011797891a7273b1a409098fd13b4c2c40bcfaa8414a3ea48648f68a
tests/test_manuscript_tables_v02.py,.py,4176,c1844634ed03679913a98f9c8f872016b9e88408f2a0c45e80307c6c2e026657
tests/test_qc_behavioral_validation_candidates.py,.py,2243,9f8e06ba41678f1683c572d83c2dfb41bd9783727eb3fe696c8dd124c2051853
tests/test_qc_dryad_signal_pilot.py,.py,2942,0751349160f8fecd44b4c3a9c8d4fdb82ae352e456c566b509bb5c84cee7fbbc
tests/test_qc_ds004504_resting.py,.py,499,116b5e8432590376c34a4ab14cb9fd50867c0eae407cb2c193103c4f01babc5d
tests/test_qc_ds005048.py,.py,1877,00751079f997b7e6c26aa5e13a8751165d46a6654e693d11fcffebf81cf2f42d
tests/test_qc_ds006036.py,.py,528,f29317e90b8c9c5bdd5d9782cec52211b8a436301e756f0059f8a7a6d7020b5a
tests/test_qc_ds006222_signal.py,.py,836,bb1d5f651ca6658c6c327c3979c32fc1d284334fcc51a46f0f71e0e730034fb0
tests/test_reference_audit.py,.py,3648,cf1d103e42f009fdf158f87191172f48239992563c888cfea7ab8dbd540a10e5
tests/test_refresh_release_manifest.py,.py,1263,f0d8ceb7dd0a2e6d8c9ff46034e83f48dcf08325d1cd5413a56b9242cd0c8ba0
tests/test_release_archive_readiness.py,.py,2666,60ceccd9bfd38675f65e8fe2ed00f6ac327afa29df2eabf11d56006aae962aab
tests/test_run_dryad_confirmatory_subject.py,.py,3035,1c04161c4f9e13ed3010f32fa15bd145d08810d29b3369482b6c5793535d86f3
tests/test_run_dryad_confirmatory_subject_amended.py,.py,2116,ab761a908139501fd9b8b5eb3eeeda9b3faf248c056983192376ef0a2021e87c
tests/test_run_dryad_confirmatory_subject_amended_v2.py,.py,1274,3c431861c5a1b879ff37498ec4419f68e5589f28855e5785e65d6653e49ac11a
tests/test_run_dryad_confirmatory_subject_amended_v3.py,.py,1094,ad0b8379ac8882ef7c6d425bf744cf4f0bab38cb132818bea8a3ed241a0153b1
tests/test_run_dryad_r2_subject.py,.py,3872,9da242cb8e0dffc5b66ab2c99faeaec7f6f601ae3a1abf94b9b30fb41b1640b6
tests/test_run_dryad_r2b_development_subject.py,.py,1920,49ac3738deb712dea6a5d7262afd9016f0ef31b5505db17be8ad105c5f9808d0
tests/test_run_dryad_r2b_validation_subject.py,.py,2545,d170def6bfceb16a12f7a6d556c668b022aa9ce76e1be680fe53146bacdf8c07
tests/test_select_dryad_r2_pilot.py,.py,1822,b2fe0b417e1d0fd3fb3612f0153752d05ec0abdaddc61c91a804a12e81f0daaa
tests/test_stream_remote_zip.py,.py,5988,1c3070aefc7baa0fee8bd6c076deeb8e5c701dd5c159fc8493a35095ed0fad17
tests/test_summarize_dryad_confirmatory_completion.py,.py,3131,b1f66cfde44e2635cd1059d06511470f4764ee82096234b6c27c8c16db8a0f5a
tests/test_summarize_dryad_r2b_development.py,.py,1661,6781ceaa6800efc1fba05f98f5384cc8927c57d9ff06ab36372aaaa7198dcfee
tests/test_summarize_dryad_r2b_validation.py,.py,628,804e5374b200036176f6e40554c6c9aa765f01c579eda7745ec8537167f909f4
tests/test_verify_dryad_confirmatory_freeze_chain.py,.py,2237,cf787788b3714ab4ed27ba2a1070d59e012e9fc0cb96e7d46f7aca4d5c4f5af6
