channel_a,channel_b,angular_distance_radians
AF3,AF7,0.367005029420
AF3,AFz,0.422384864815
AF3,F1,0.421353282547
AF3,F3,0.331461943370
AF3,F5,0.403801408605
AF3,Fp1,0.336561509835
AF3,Fpz,0.533468100989
AF4,AF8,0.367005029420
AF4,AFz,0.422384864815
AF4,F2,0.421353282547
AF4,F4,0.331461943370
AF4,F6,0.403801408605
AF4,Fp2,0.336561509835
AF7,F5,0.372107363802
AF7,F7,0.313966299790
AF7,Fp1,0.313966299790
AF8,F6,0.372107363802
AF8,F8,0.313966299790
AF8,Fp2,0.313966299790
AFz,Fp1,0.505690885977
AFz,Fp2,0.505690885977
AFz,Fpz,0.401425727959
AFz,Fz,0.401425727959
C1,C3,0.401425727959
C1,CP1,0.384348117125
C1,Cz,0.401425727959
C1,FC1,0.384348117125
C2,C4,0.401425727959
C2,CP2,0.384348117125
C2,Cz,0.401425727959
C2,FC2,0.384348117125
C3,C5,0.401425727959
C3,CP3,0.367960948339
C3,FC3,0.367960948339
C4,C6,0.401425727959
C4,CP4,0.367960948339
C4,FC4,0.367960948339
C5,CP5,0.349171710578
C5,FC5,0.349171710578
C5,T7,0.401425727959
C6,CP6,0.349171710578
C6,FC6,0.349171710578
C6,T8,0.401425727959
CP1,CP3,0.367248515848
CP1,CPz,0.384348117125
CP1,P1,0.405801943799
CP2,CP4,0.367248515848
CP2,CPz,0.384348117125
CP2,P2,0.405801943799
CP3,CP5,0.398218342916
CP3,P3,0.370712207411
CP4,CP6,0.398218342916
CP4,P4,0.370712207411
CP5,P5,0.338577316886
CP5,T7,0.502123896023
CP5,TP7,0.352854674865
CP6,P6,0.338577316886
CP6,T8,0.502123896023
CP6,TP8,0.352854674865
CPz,Cz,0.401425727959
CPz,Pz,0.401425727959
Cz,FCz,0.401425727959
F1,F3,0.298360471713
F1,FC1,0.405801943799
F1,Fz,0.292801621869
F2,F4,0.298360471713
F2,FC2,0.405801943799
F2,Fz,0.292801621869
F3,F5,0.307089976997
F3,FC3,0.370712207411
F4,F6,0.307089976997
F4,FC4,0.370712207411
F5,F7,0.309022348754
F5,FC5,0.338577316886
F5,FT7,0.495848944962
F6,F8,0.309022348754
F6,FC6,0.338577316886
F6,FT8,0.495848944962
F7,FC5,0.433964570179
F7,FT7,0.313966299790
F8,FC6,0.433964570179
F8,FT8,0.313966299790
FC1,FC3,0.367248515848
FC1,FCz,0.384348117125
FC2,FC4,0.367248515848
FC2,FCz,0.384348117125
FC3,FC5,0.398218342916
FC4,FC6,0.398218342916
FC5,FT7,0.352854674865
FC6,FT8,0.352854674865
FCz,Fz,0.401425727959
FT7,T7,0.313966299790
FT8,T8,0.313966299790
Fp1,Fpz,0.313966299790
Fp2,Fpz,0.313966299790
Iz,O1,0.502930135768
Iz,O2,0.502930135768
Iz,Oz,0.401425727959
Iz,PO7,0.726474358177
O1,Oz,0.313966299790
O1,PO3,0.336561509835
O1,PO7,0.313966299790
O2,Oz,0.313966299790
O2,PO4,0.336561509835
O2,PO8,0.313966299790
Oz,POz,0.401425727959
P1,P3,0.298360471713
P1,PO3,0.421353282547
P1,Pz,0.292801621869
P10,P6,0.703298338887
P10,P8,0.401425727959
P10,PO8,0.502930135768
P10,TP8,0.502930135768
P2,P4,0.298360471713
P2,PO4,0.421353282547
P2,Pz,0.292801621869
P3,P5,0.307089976997
P3,PO3,0.331461943370
P4,P6,0.307089976997
P4,PO4,0.331461943370
P5,P7,0.309022348754
P5,P9,0.703298338887
P5,PO3,0.403801408605
P5,PO7,0.372107363802
P5,TP7,0.495848944962
P6,P8,0.309022348754
P6,PO4,0.403801408605
P6,PO8,0.372107363802
P6,TP8,0.495848944962
P7,P9,0.401425727959
P7,PO7,0.313966299790
P7,TP7,0.313966299790
P8,PO8,0.313966299790
P8,TP8,0.313966299790
P9,PO7,0.502930135768
P9,TP7,0.502930135768
PO3,PO7,0.367005029420
PO3,POz,0.422384864815
PO4,PO8,0.367005029420
PO4,POz,0.422384864815
POz,Pz,0.401425727959
T7,TP7,0.313966299790
T8,TP8,0.313966299790
