family,frequency_hz,outcome,n,wald_statistic,degrees_of_freedom,p_value,r_squared,q_bh
group_primary,5.0,posterior_minus_frontal_snr_db,80,1.3654321944541254,2,0.5052428383701528,0.5469613226955388,0.7996994828243128
group_primary,5.0,csd_posterior_frontal_abs_imcoh,80,4.023729149471704,2,0.13373907554155445,0.07325379451000746,0.7996994828243128
group_exploratory,5.0,late_minus_early_snr_db,80,4.8695085541429215,2,0.0876192744677777,0.08403693642988086,0.3504770978711108
group_exploratory,5.0,csd_posterior_frontal_dwpli2,80,2.499586826668921,2,0.2865639910449886,0.10258374067995324,0.5731279820899772
group_primary,10.0,posterior_minus_frontal_snr_db,76,2.321476671548344,2,0.3132548082464092,0.3536724942636149,0.7996994828243128
group_primary,10.0,csd_posterior_frontal_abs_imcoh,76,0.9303003033831163,2,0.6280407967215347,0.060933708000125875,0.7996994828243128
group_exploratory,10.0,late_minus_early_snr_db,76,3.1666165446928427,2,0.20529480240579798,0.08960067081868184,0.5474528064154612
group_exploratory,10.0,csd_posterior_frontal_dwpli2,76,0.22939392047789892,2,0.8916363042226807,0.029529799135120216,0.8916363042226807
group_primary,15.0,posterior_minus_frontal_snr_db,78,1.954037533509563,2,0.3764316582711548,0.3717180125371301,0.7996994828243128
group_primary,15.0,csd_posterior_frontal_abs_imcoh,78,0.8803889462649757,2,0.643911185480772,0.1752816640646574,0.7996994828243128
group_exploratory,15.0,late_minus_early_snr_db,78,5.774695280036914,2,0.055723816396392734,0.0718159428538806,0.3504770978711108
group_exploratory,15.0,csd_posterior_frontal_dwpli2,78,1.651141601875056,2,0.4379849188982958,0.24917389883984575,0.6051005864014588
group_primary,20.0,posterior_minus_frontal_snr_db,77,0.4470385367132562,2,0.7996994828243128,0.22900415137142516,0.7996994828243128
group_primary,20.0,csd_posterior_frontal_abs_imcoh,77,0.675590509761424,2,0.7133413261023732,0.1567018644668109,0.7996994828243128
group_exploratory,20.0,late_minus_early_snr_db,77,0.46797601909737063,2,0.7913713047377973,0.13001236810213512,0.8916363042226807
group_exploratory,20.0,csd_posterior_frontal_dwpli2,77,1.5800852974153683,2,0.45382543980109413,0.24507987183732383,0.6051005864014588
