family,frequency_hz,outcome,n,coefficient_per_mmse_sd,standard_error,p_value,r_squared,q_bh
severity_primary,5.0,posterior_minus_frontal_snr_db,55,-0.260396546484426,0.360906275208099,0.4705973924406458,0.5838998880555192,0.8695073202445167
severity_primary,5.0,csd_posterior_frontal_abs_imcoh,55,-0.004980069533628336,0.011047072579729228,0.6521304901833875,0.09707959762355878,0.8695073202445167
severity_exploratory,5.0,late_minus_early_snr_db,55,0.985837354267231,0.9080069744202108,0.27760482831558153,0.08650875682640702,0.4184520956926237
severity_exploratory,5.0,csd_posterior_frontal_dwpli2,55,-0.04238281808363861,0.021903102451293645,0.052988531796190494,0.14787111286289523,0.3937538942180377
severity_primary,10.0,posterior_minus_frontal_snr_db,51,0.41430857103206614,0.3542534276752394,0.24219179857229667,0.3417319006226659,0.8695073202445167
severity_primary,10.0,csd_posterior_frontal_abs_imcoh,51,0.02021952686717754,0.01432224430800318,0.15802156039128012,0.08199395943627152,0.8695073202445167
severity_exploratory,10.0,late_minus_early_snr_db,51,-1.1429500838627462,0.6916610027572749,0.09843847355450942,0.14536002704091033,0.3937538942180377
severity_exploratory,10.0,csd_posterior_frontal_dwpli2,51,0.03347659964170858,0.025224951134661645,0.18446817102822022,0.039166195367478784,0.4184520956926237
severity_primary,15.0,posterior_minus_frontal_snr_db,51,0.2906329854753247,0.5317605888983672,0.5846889157416968,0.4168169075175914,0.8695073202445167
severity_primary,15.0,csd_posterior_frontal_abs_imcoh,51,-0.0017669641438341445,0.009199207225988193,0.8476812081170308,0.3073131339155255,0.913982113471053
severity_exploratory,15.0,late_minus_early_snr_db,51,-0.7568329953719861,0.6505618188153276,0.24468634041393655,0.1422345703539245,0.4184520956926237
severity_exploratory,15.0,csd_posterior_frontal_dwpli2,51,-0.013485053752847994,0.040831308099434846,0.74120155390088,0.3146769748679463,0.7872625946326964
severity_primary,20.0,posterior_minus_frontal_snr_db,51,0.05249194531298882,0.48595950616849154,0.913982113471053,0.24429354824458793,0.913982113471053
severity_primary,20.0,csd_posterior_frontal_abs_imcoh,51,-0.010814219114955302,0.017443010905267488,0.5352746830069584,0.2179021428882526,0.8695073202445167
severity_exploratory,20.0,late_minus_early_snr_db,51,0.21606027065795852,0.8006176759328674,0.7872625946326964,0.09042634516618209,0.7872625946326964
severity_exploratory,20.0,csd_posterior_frontal_dwpli2,51,-0.02920968292085152,0.029000900502302782,0.3138390717694678,0.29423829240843247,0.4184520956926237
