frequency_hz,metric,comparison,n,spearman_rho,p_value
5.0,posterior_frontal_abs_imcoh,average_vs_native,80,-0.060360993905297707,0.59481360374607
5.0,posterior_frontal_abs_imcoh,average_vs_csd,80,0.35328176277543366,0.0013069850589659242
5.0,posterior_frontal_abs_imcoh,native_vs_csd,80,0.20213314580403188,0.07216284188309949
5.0,posterior_frontal_dwpli2,average_vs_native,80,-0.04174871073605251,0.7131004834592729
5.0,posterior_frontal_dwpli2,average_vs_csd,80,0.10438349742147211,0.3568098500993165
5.0,posterior_frontal_dwpli2,native_vs_csd,80,0.11143928738865448,0.3250537612182783
10.0,posterior_frontal_abs_imcoh,average_vs_native,76,0.24828434723171566,0.03057147566075533
10.0,posterior_frontal_abs_imcoh,average_vs_csd,76,0.4749145591250854,1.4598156001458447e-05
10.0,posterior_frontal_abs_imcoh,native_vs_csd,76,0.18252904989747093,0.11452685338843832
10.0,posterior_frontal_dwpli2,average_vs_native,76,0.05747095010252904,0.621924619972976
10.0,posterior_frontal_dwpli2,average_vs_csd,76,0.290580997949419,0.010882629909477057
10.0,posterior_frontal_dwpli2,native_vs_csd,76,-0.06129870129870129,0.5988686034938291
15.0,posterior_frontal_abs_imcoh,average_vs_native,78,0.23367771469037288,0.03948783805238352
15.0,posterior_frontal_abs_imcoh,average_vs_csd,78,0.3995877540181338,0.0002897362838075346
15.0,posterior_frontal_abs_imcoh,native_vs_csd,78,0.07654370945510186,0.505360224711648
15.0,posterior_frontal_dwpli2,average_vs_native,78,0.19776426105540026,0.08263568434103873
15.0,posterior_frontal_dwpli2,average_vs_csd,78,0.42950720165910033,8.706179687305405e-05
15.0,posterior_frontal_dwpli2,native_vs_csd,78,0.04637135016881852,0.6868411249631519
20.0,posterior_frontal_abs_imcoh,average_vs_native,77,0.3086387296913612,0.006314001657759231
20.0,posterior_frontal_abs_imcoh,average_vs_csd,77,0.36487197013512795,0.0011038323452281142
20.0,posterior_frontal_abs_imcoh,native_vs_csd,77,0.08856932541143066,0.4436835902846396
20.0,posterior_frontal_dwpli2,average_vs_native,77,0.15358325884641674,0.18234428290774063
20.0,posterior_frontal_dwpli2,average_vs_csd,77,0.27051895472948106,0.017335317692279327
20.0,posterior_frontal_dwpli2,native_vs_csd,77,0.07702823492297174,0.5055039491978106
