channel,finite_fraction,rms_uv,mad_uv,line_noise_db,high_frequency_db,median_channel_correlation,z_log_rms,z_line_noise_db,z_high_frequency_db,z_low_correlation,bad_channel_reason,bad_channel
Fp1,1.0,38.38340560190939,12.402968245901086,-0.4719349949294355,-11.94402706433062,-0.10112344123102109,1.5032982961587416,-1.3725907014932985,-0.724767454681863,1.4090018097777552,,False
AF7,1.0,39.44499412819771,16.76209354466848,-0.008118423149896019,-8.424331125058352,-0.10345430073838333,1.5559521012850603,0.10787990274482104,-0.14390487947757394,1.4373041168549339,,False
AF3,1.0,26.639809343188457,13.651752601350262,-0.17977150197389377,-3.9419563495753245,-0.06129284526996808,0.7984307407079944,-0.44002492167936735,0.5958305408656241,0.9253614383199005,,False
F1,1.0,201.30717660433334,26.56440893414094,11.662600133858188,-21.39946145962119,-0.10915899878793674,4.7016882433535665,37.36001103660051,-2.2852170126227347,1.5065730348103348,line_noise_outlier,True
F3,1.0,17.329204621877295,10.363098700958858,-0.1426991166145367,-3.4931876398873705,-0.0866790013668768,-0.03149032252854613,-0.3216924167778317,0.669891753219765,1.233611156114769,,False
F5,1.0,24.985938223876847,14.665082536092548,-0.48935108696426804,-1.6609989809664452,-0.08058583399896672,0.6747310375779793,-1.4281816697059024,0.9722615718186255,1.1596252752092349,,False
F7,1.0,22.072674362625857,12.378278620484908,0.15342914852275075,-1.8345427871018871,-0.15099702997781014,0.43546495069651164,0.6235286432151906,0.9436212847364894,2.0145885554799565,,False
FT7,1.0,20.44285718395036,12.46504820393806,-0.0729305266827252,-0.724380498957313,-0.10112344123102109,0.28742161492701446,-0.09899587513229874,1.1268336237317926,1.4090018097777552,,False
FC5,1.0,20.339554663723156,11.720343260877906,-0.101523694193296,0.7589874241370735,-0.032656443823980856,0.2776442089089417,-0.19026329970715286,1.3716368472631395,0.5776458318023384,,False
FC3,1.0,14.045208236900974,8.477264168349222,-0.14223547327750788,-2.1265757989716634,-0.003028798156166622,-0.43700390544685597,-0.32021249912700595,0.8954264831837122,0.21789410802158893,,False
FC1,1.0,8.758650757885611,5.230205347685432,-0.1418075378864469,-6.156404298588507,0.037311421510877726,-1.3484205357168197,-0.3188465587843654,0.23037569461955695,-0.2719343355080566,,False
C1,1.0,14.768629092706119,8.394690233972055,0.5178127993088145,-8.303125349880066,0.07126996112942237,-0.3400721869073514,1.7866162008330124,-0.1239020440297347,-0.6842736520309273,,False
C3,1.0,11.445944905232453,7.373111027126679,-0.1226271982447884,-2.3002486927375165,-0.007705144131131681,-0.8319678944968858,-0.2576242335236897,0.8667648925075377,0.2746763290711821,,False
C5,1.0,16.319475603852386,10.159398411103542,-0.4586852827167401,-0.5731292941734232,-0.008683947556131198,-0.1473552306335286,-1.3302985311850022,1.1517949174995967,0.2865613847834761,,False
T7,1.0,27.79896735643762,13.98560254650289,0.08717812528617361,-0.7615234518411382,-0.11921566913147774,0.8806331680742411,0.4120599325864777,1.1207038467183694,1.6286854878937704,,False
TP7,1.0,15.296250233968422,7.684405423933455,-0.022170087848304366,-3.0781323073164235,-0.01630770766896129,-0.2723248816312127,0.06302795524585987,0.7383891784204433,0.3791323866454639,,False
CP5,1.0,12.412683681634526,7.828996261413081,-0.07023074860683577,-2.5061790065884058,0.04661546723789528,-0.6754780277380821,-0.09037836915577517,0.832779794226353,-0.38490809406983223,,False
CP3,1.0,11.541895720006142,5.870557381401243,-0.13497799679032318,-5.2964848898412935,0.07436721982951158,-0.8158563297090049,-0.29704713321736936,0.37228994256914877,-0.7218819105083285,,False
CP1,1.0,10.787529805175774,5.130486221052767,0.18301280319554053,-9.85408839153831,0.11797624432180479,-0.9463094654722721,0.7179576347041252,-0.37986062737558873,-1.2514015999699315,,False
P1,1.0,9.674995558856008,5.36285419313033,0.5758368812306749,-12.306703897252758,0.1594120032984368,-1.1563810667922028,1.9718250804847945,-0.7846207496178017,-1.7545325569531482,,False
P3,1.0,9.925174551435113,5.154717483224697,-0.1252051068236698,-8.955889576819656,0.09076910690304238,-1.107109168298112,-0.2658527404457348,-0.23162905124950145,-0.9210407371703462,,False
P5,1.0,11.058860289344146,6.488099130770968,-0.20792497070875,-6.413854579108117,0.07320092899468032,-0.8983663835715212,-0.5298888579966385,0.1878881515164426,-0.7077203013489468,,False
P7,1.0,27.7002787006539,10.133922157058176,-0.34969068087126054,-8.524719544989201,0.011466728089879145,0.873769357042182,-0.9823952567639036,-0.16047218447431738,0.04188314135240443,,False
P9,1.0,18.999829456985303,7.813422379245759,-0.2069711259122738,-4.83642979934268,0.03544892653359216,0.14613963372260502,-0.5268442509944125,0.448213769289851,-0.24931911369381182,,False
PO7,1.0,11.485593643869041,6.690856977587295,-0.23517743430873417,-10.33192429686099,0.08737177066366646,-0.8252939694512278,-0.6168768478781717,-0.45871885810906293,-0.8797888070615014,,False
PO3,1.0,17.90403059051177,7.189994267425096,0.03372224099092914,-14.00870778812691,0.03577981622112631,0.03149032252854527,0.24143242564116701,-1.0655059113244945,-0.2533369197930997,,False
O1,1.0,15.191879223049938,6.179769315803162,-0.6947910497596346,-10.767577559771716,-0.010859272081011541,-0.28553891858955,-2.083931904518298,-0.53061560162231,0.3129751186448335,,False
Iz,1.0,20.244032187024416,7.401387773256295,-0.5795769908486512,-8.823693586216434,-0.02788851420031367,0.268558879910332,-1.7161765508054392,-0.20981247821071047,0.5197515623686068,,False
Oz,1.0,20.615376041603472,7.967865989562431,4.6801249009315065,-8.94717347754306,-0.02300457525636029,0.3036405965894204,15.072430220962463,-0.23019061566901594,0.4604486574524772,line_noise_outlier,True
POz,1.0,13.125556726991496,7.200469389881227,0.4592459286403823,-13.376149456200157,0.04100595531489296,-0.5677028443576262,1.5996747768253277,-0.9611135240304165,-0.316794967347076,,False
Pz,1.0,40.07571008807915,6.743179220335428,0.8175537572066361,-17.82783948422856,-0.008412257798566962,1.5865680287924362,2.743368727702248,-1.6957849781295098,0.28326240991003593,,False
CPz,1.0,10.706526650481313,4.713855659127788,0.9499722004335241,-13.391832082472234,0.1404585425032242,-0.9608563608115658,3.166039293146305,-0.9637016597215492,-1.5243914154956664,,False
Fpz,1.0,31.69159829931457,10.711074429372943,0.5736491466787945,-10.586172218767905,-0.13016339770188237,1.133563432540577,1.9648419822278513,-0.5006779094610171,1.7616175564369467,,False
Fp2,1.0,31.87165660181687,11.558277779909993,-0.25098572630672156,-10.6393208532473,-0.09491577248628874,1.1444977806348722,-0.667335828928459,-0.5094491366422708,1.3336256034933869,,False
AF8,1.0,32.541672197981775,12.541919844701262,0.10931581142330238,-6.727041057372403,0.06965843871849664,1.1846499988503143,0.4827219045080999,0.13620235040676812,-0.6647058479690727,,False
AF4,1.0,22.177095200369823,10.854458410960452,0.4817309430288145,-5.119522655766499,-0.015123306607792123,0.44457376139109,1.6714453966421798,0.4014943797626191,0.3647508752631324,,False
AFz,1.0,20.766356342764535,8.534602166675402,0.4290217613679813,-8.057236536216884,-0.09339584703413986,0.3177236963928425,1.5032013131612612,-0.08332251330247122,1.315170009432371,,False
Fz,1.0,37.04262067407982,12.15986550790101,0.4809973857184438,-12.747854180317383,-0.05432504515105,1.4346755091237504,1.669103932148229,-0.8574246775406213,0.8407553872065108,,False
F2,1.0,12.711835199659498,7.293256528242522,0.2202330688403324,-6.89530583283688,0.07847066278947967,-0.6295160516876721,0.8367621633082477,0.1084332724867373,-0.771707694670726,,False
F4,1.0,14.140955158757833,8.034875364382007,-0.10430316741043433,-3.4374651633945854,0.011446514280429887,-0.423891715358888,-0.1991351870945581,0.6790877467802348,0.042128586193856885,,False
F6,1.0,25.026283229062937,12.793363100936507,0.20125326309188465,-2.275253454673619,-0.005767036348588364,0.6778448929324761,0.7761799284456207,0.8708899074520507,0.2511429837807636,,False
F8,1.0,26.077811052509308,11.38589928922582,0.011070678428847593,-2.2912676119301594,0.006467691956222086,0.7572797439153139,0.1691301955061855,0.8682470585286624,0.10258360626579008,,False
FT8,1.0,18.595944968733328,10.39174405579395,0.042158586380934726,-1.1223411784818709,0.038109951070860924,0.10467101621503985,0.2683606600274098,1.0611573638709826,-0.28163042776306546,,False
FC6,1.0,19.732287577372706,11.061094471619393,-0.35440757096865216,-0.3069755856391379,0.0563611480216997,0.21914386834280708,-0.9974512456127226,1.1957188050190855,-0.5032443770367677,,False
FC4,1.0,18.38234900976408,10.5159042902264,-0.49740728007551493,-2.6996109196776836,0.014565877508298384,0.08237456719688184,-1.4538964841583186,0.8008573324278601,0.004251924952998862,,False
FC2,1.0,11.44315316377038,5.6652691788084795,-0.08652217336599735,-7.065053765034093,0.10073964608298415,-0.8324386888329104,-0.14237947675863158,0.0804194261963493,-1.042107348308611,,False
FCz,1.0,16.147301986583777,6.629974942434307,0.5487934877629961,-11.750642607642856,0.04615131835534895,-0.1678251531887547,1.8855044280895326,-0.6928528247097746,-0.3792721970276198,,False
Cz,1.0,15.586992750874826,6.414992818195222,0.6596637834326067,-13.62105911690084,0.08034873879519415,-0.23598502676370098,2.2393947882210936,-1.0015314631539936,-0.7945121080899478,,False
C2,1.0,11.649372058688114,5.282826328586141,0.12182677739026199,-8.317029321624297,0.06567405684877461,-0.7979677363300379,0.5226560475975606,-0.12619664474873643,-0.6163257552035374,,False
C4,1.0,10.831118660724776,6.481747656514379,-0.4381406431033347,-3.0060763351342557,0.08867654202495284,-0.9385267307813508,-1.2647214542262906,0.75028072197498,-0.8956319068347801,,False
C6,1.0,16.62301795991729,8.977744747741864,-0.1789444631655817,-1.2465114493893348,0.08146538651314483,-0.11178719888869619,-0.43738507067194776,1.0406652916671444,-0.8080709289929868,,False
T8,1.0,18.4432609121476,9.984290208013839,0.10257665686532136,-2.489395134300097,0.028170419861525617,0.08875922053108024,0.46121098655571047,0.8355496707860035,-0.1609403288526604,,False
TP8,1.0,22.88750693933249,8.470825819143549,-0.06166213861205874,-6.293157100186274,0.07464347819522812,0.5054286228848975,-0.06302795524585988,0.20780710179988737,-0.7252363594034476,,False
CP6,1.0,11.07863191554975,6.062492243713833,-0.23828252569488798,-4.79297907455929,0.13238277521779768,-0.8949189270636422,-0.6267880860709689,0.4553845307214169,-1.426331946499772,,False
CP4,1.0,18.13359496390122,9.604023387738781,-0.35075374776279,-8.039645483987055,0.08350326211664624,0.056079211518559276,-0.9857884931832271,-0.08041942619634915,-0.8328156984367092,,False
CP2,1.0,12.42059412682533,5.238012723242391,0.5792790888163128,-11.607429434874328,0.051558333608079425,-0.6742484624220207,1.9828123704056142,-0.6692180637040545,-0.44492652135321853,,False
P2,1.0,12.061625281251205,5.826264225669197,0.365922674721765,-12.941982876490567,0.10648924259347008,-0.7308491632385787,1.3017933673960118,-0.8894621308677748,-1.1119214428499842,,False
P4,1.0,278.0742956291471,10.805002348374032,1.2928428742062108,-21.783712553316057,-0.20073894201502637,5.325183265126383,4.260458907409371,-2.3486307516671396,2.618576425463793,rms_outlier,True
P6,1.0,19.50671324357718,7.39868148678543,-0.25055057667622277,-10.213143677615506,0.01526621898040965,0.19695366724036106,-0.6659468612295973,-0.43911625107433205,-0.004251924952998862,,False
P8,1.0,27.33880068647736,8.977925747501956,0.028846331968059143,-9.272668546736252,-0.02445476914405382,0.8484179725749437,0.22586885931665546,-0.2839077285588718,0.47805754061395,,False
P10,1.0,16.95820770138137,7.434759674400623,-1.0252950405733712,-5.41770980936513,0.01297341762237452,-0.07325770455424324,-3.138877917132302,0.35228394769104937,0.02358826356849543,,False
PO8,1.0,12.877906912555067,6.653118085125035,0.01492420382471486,-9.503390371137979,-0.009170629209410109,-0.6044653114509058,0.18143038359428654,-0.3219842202189804,0.2924708845008213,,False
PO4,1.0,12.746578627737936,7.1181042714222,0.17163600309456195,-12.303800062672323,0.13078598176035414,-0.6242482877387348,0.6816436710715411,-0.7841415238944834,-1.4069429877793298,,False
O2,1.0,11.901639878688572,6.897847146483116,-0.5199181068546295,-10.021197218930304,0.06860149223327379,-0.756619822468618,-1.525749495351321,-0.4074389368355679,-0.6518719453273926,,False
