trial_index,condition,usable,rejection_reason,response_class,rt_ms,target_frequency_hz,max_channel_peak_to_peak_uv,median_channel_peak_to_peak_uv,roi_rms_uv,roi_peak_to_peak_uv,roi_local_log_snr_db
1,non_rhythmic,False,out_of_bounds,,,,,,,,
2,non_rhythmic,True,,correct,540.0390625,3.2851000000000004,62.031639058033576,24.40778476779652,3.583738684375239,19.94561181852159,1.4695856836471402
3,non_rhythmic,True,,correct,618.1640625,3.2851000000000004,81.7113181942984,26.07695842247041,3.668746108357744,20.513137873831788,-2.399365391649973
4,non_rhythmic,True,,incorrect,621.09375,3.2851000000000004,177.84999323180077,40.85223596182833,3.698830949085902,23.464221222296814,4.327804549534238
5,non_rhythmic,True,,correct,694.3359375,3.2851000000000004,208.24059741776338,46.88269752039826,4.7217582862818075,24.7078344483766,-13.858704566180226
6,non_rhythmic,True,,correct,729.00390625,3.2851000000000004,215.5126088124832,40.691094640391995,3.8901943286637777,23.134413642437313,0.42913212085043123
7,non_rhythmic,True,,correct,677.24609375,3.2851000000000004,86.70022187107367,31.97850510128498,4.712011858120037,27.319496115016346,-8.203824713373205
8,non_rhythmic,True,,correct,573.2421875,3.2851000000000004,164.94147583308433,41.442488343235595,4.198418908334149,24.283462248667774,-10.062384265104804
9,non_rhythmic,True,,correct,580.078125,3.2851000000000004,88.09670844289343,28.09385826545664,4.398599628159739,25.7071685761506,3.1044812720214847
10,non_rhythmic,True,,correct,451.171875,3.2851000000000004,76.13960523698918,27.63828134852422,4.291483986612571,21.939039339801795,2.408856300226562
11,non_rhythmic,True,,correct,623.046875,3.2851000000000004,147.19158922787057,43.34548581407908,5.486638516165995,34.46071914408787,3.309669905336042
12,non_rhythmic,True,,correct,515.13671875,3.2851000000000004,105.70062145320477,28.817759008757296,4.598877686734375,24.554361044568434,-1.0072760158712868
13,non_rhythmic,True,,correct,541.9921875,3.2851000000000004,220.54905352375926,44.57167037435062,4.5367436945132615,26.57535077401026,-5.1389698164093485
14,non_rhythmic,True,,correct,653.3203125,3.2851000000000004,194.93673081155458,47.994631375575835,5.220649547601203,30.568531434390586,0.037735662773905006
15,non_rhythmic,True,,correct,568.84765625,3.2851000000000004,82.22889172729097,40.70731256284705,5.731049312954548,33.18786947325687,-6.2497981529414615
16,non_rhythmic,True,,correct,623.53515625,3.2851000000000004,88.02540057840724,31.24045592450549,5.003225923253548,26.66149406931605,-0.3678993266410164
17,non_rhythmic,True,,correct,550.78125,3.2851000000000004,97.17662708668996,35.80438633521665,5.199953614655847,31.080815073062908,-4.688974777751058
18,non_rhythmic,True,,correct,525.390625,3.2851000000000004,78.60704262463757,32.253599348333566,3.946992501577459,20.462472158738414,-7.619734604835181
19,non_rhythmic,True,,correct,507.32421875,3.2851000000000004,82.04833860273523,28.49314641407277,3.592833859062231,20.62389507070513,3.421105099776578
20,non_rhythmic,True,,correct,550.29296875,3.2851000000000004,80.2926470663158,28.738431083720613,3.844678119327737,23.0194727012927,-0.9386363906713912
21,non_rhythmic,True,,correct,779.296875,3.2851000000000004,97.11768822712568,33.351660229444676,4.353247127279735,26.710926203348006,-3.804279999347839
22,non_rhythmic,True,,correct,710.9375,3.2851000000000004,209.9522001500412,46.4039389664747,4.6656530595266,25.09848745302122,-2.055765894376969
23,non_rhythmic,True,,correct,583.984375,3.2851000000000004,160.84511907331478,41.00011590603912,4.976138004014645,28.554045641589887,-5.445072630982569
24,non_rhythmic,True,,correct,563.96484375,3.2851000000000004,83.00868814155115,34.281791392614885,4.381453238662622,25.46739928332763,9.984907566198626
25,non_rhythmic,True,,correct,583.984375,3.2851000000000004,82.74048649932442,32.26766434904407,5.235059065726634,32.526541395573936,9.414439063055429
26,non_rhythmic,True,,correct,590.33203125,3.2851000000000004,86.01817335110809,37.424074877354435,5.0036124565880264,29.74225567500289,11.13898283747316
27,non_rhythmic,True,,correct,568.84765625,3.2851000000000004,184.99241095982086,42.98900162368378,4.329525090557459,25.6460902573246,-11.102902597070292
28,non_rhythmic,True,,correct,557.12890625,3.2851000000000004,102.35265629861243,30.617619448824605,4.98426959638818,30.65406392791053,-0.281749046536404
29,non_rhythmic,True,,correct,687.5,3.2851000000000004,132.88995207330575,36.70874148538114,4.915781820107219,30.961141138871923,6.438440748262772
30,non_rhythmic,True,,correct,595.21484375,3.2851000000000004,87.37982792773627,31.43996756499234,4.568208318858238,31.132187077508764,7.6344982661084835
31,non_rhythmic,True,,correct,650.390625,3.2851000000000004,82.81658973859373,32.30520654755894,4.878384352083691,26.05558057978778,1.4009638391007626
32,non_rhythmic,True,,correct,597.16796875,3.2851000000000004,99.75487775903045,32.25330219054233,4.957871755299501,26.19729452369988,-1.1316252867346852
33,f_theta,True,,correct,627.44140625,2.47,81.98488477879991,28.430572212240612,3.6741238776081375,22.25358723695745,0.6697710829989325
34,f_theta,True,,correct,593.26171875,2.47,83.64296130117242,26.135383667760465,3.8173853673623666,20.762243295205952,4.197611909094961
35,f_theta,True,,correct,503.41796875,2.47,186.96312069954976,48.29768126300982,4.2888237491372365,25.642188026644575,7.13083931345889
36,f_theta,True,,correct,525.390625,2.47,196.2970466452086,42.9174071673947,4.221307128095176,23.21856700126217,2.956173720188034
37,f_theta,True,,correct,592.28515625,2.47,85.88655382149085,34.794940108006415,4.679330811986139,27.05145401402512,1.9258226273185715
38,f_theta,True,,correct,567.87109375,2.47,175.1609817409086,41.229577208831756,4.108191076860758,22.17606177672403,8.663934340501484
39,f_theta,True,,correct,559.5703125,2.47,89.42904220319642,30.98804184026844,4.252736259198457,28.970213346994257,0.7430736595906245
40,f_theta,True,,correct,673.33984375,2.47,194.19994687012263,45.48979582032329,5.146452193465569,36.85229866099776,-3.6058167221951183
41,f_theta,True,,correct,714.84375,2.47,220.70330174250205,50.52967092066885,5.519777090524199,31.725731810317882,2.7816244902805014
42,f_theta,True,,correct,633.30078125,2.47,95.70168098616679,34.30557041785879,5.3932662284984945,32.6311918126516,1.5684346800745996
43,f_theta,True,,correct,453.61328125,2.47,114.3974195760571,36.02272783007173,5.3427793473511604,27.86225358454292,1.1366987303255172
44,f_theta,True,,correct,463.8671875,2.47,149.97036447404798,38.89904448683268,5.1950848456421035,28.904793004653552,-0.6036180944106033
45,f_theta,True,,correct,618.65234375,2.47,88.08368292862814,35.560989380735705,5.403252907733811,37.883256568027406,8.437324242962317
46,f_theta,True,,correct,656.73828125,2.47,99.84532833137439,31.28166540052598,4.709052847536026,23.59043949767989,2.7927382313718327
47,f_theta,True,,correct,588.8671875,2.47,96.83367374075146,34.40113970556258,5.41129236597331,34.914893476037236,-2.2404813594133315
48,f_theta,True,,correct,492.1875,2.47,77.96924195712681,33.14205208218208,5.237769784966047,29.166044697098116,-0.8502243399009001
49,f_theta,True,,correct,622.55859375,2.47,121.21684076110269,37.23560187857785,4.773784207737876,27.82441609100905,2.929859691962564
50,f_theta,True,,correct,803.7109375,2.47,178.4831259874942,44.3883065765694,4.906015820811172,23.50218955856367,10.827524311533637
51,f_theta,True,,correct,494.62890625,2.47,179.88536898712223,38.470078464606196,4.7627474407146355,30.305120696431473,-4.10748331143404
52,f_theta,True,,correct,587.890625,2.47,161.12198945778522,43.51595072424787,5.58316995575177,30.742609904702032,-0.4760985671167304
53,f_theta,True,,correct,476.07421875,2.47,97.03140321218575,32.747106726216266,5.488047750809652,28.724211570328194,3.90560096796372
54,f_theta,True,,correct,488.76953125,2.47,86.23580016089382,32.301468867920065,4.557747497465592,28.909174527658394,2.263941539340926
55,f_theta,True,,correct,511.71875,2.47,109.9508597018216,34.25400607189115,5.501073850713779,27.20449655184043,-3.644060795950929
56,f_theta,True,,correct,529.296875,2.47,77.39536428606311,35.0040869108495,5.421377812250337,31.73981842861128,2.087715550615601
57,f_theta,True,,correct,407.2265625,2.47,216.89170088306054,47.990847518634425,5.86886430874572,35.53886899232631,-2.2930873973254005
58,f_theta,True,,correct,520.01953125,2.47,104.4517625653877,31.54631459396954,4.879031035361388,29.774367120793276,2.4215983504531873
59,f_theta,True,,correct,546.875,2.47,187.25132875111638,41.00133568906712,5.465782600735709,27.71241335049698,5.677809011242191
60,f_theta,True,,correct,648.92578125,2.47,114.86709451459285,34.62566136502347,5.973557350826695,34.51649001453655,-5.2342557587900185
61,f_theta,True,,correct,529.78515625,2.47,171.75432882551522,45.07785484583397,5.661785401077038,30.834594947238624,3.7000415957557116
62,f_theta,True,,correct,787.59765625,2.47,210.07567955240904,50.95553941316968,5.344980467716976,30.785216428239803,7.964684457423842
63,f_theta,True,,correct,618.1640625,2.47,99.1857810371697,35.611100916741606,5.1574088052129365,29.87336298402257,0.8534895589049813
64,f_theta,True,,correct,654.78515625,2.47,101.62490876282962,39.53515728175341,5.8437864755141,30.33511576820804,0.8008206654686141
65,2_hz,True,,correct,534.1796875,2.0,101.77940065922189,27.106049394511924,3.942643118889311,25.363757090462364,5.821951760407762
66,2_hz,True,,correct,458.0078125,2.0,183.11400414507952,42.708751399564804,4.133086805229743,22.546043874148154,12.391507907135006
67,2_hz,True,,correct,583.0078125,2.0,190.18699300422625,41.21235826026877,4.5614158713087,24.658066510920335,-9.362409363031997
68,2_hz,True,,correct,669.921875,2.0,153.8142397367137,39.62487322731924,3.9317049560819415,21.732286237876053,-1.9866071377367702
69,2_hz,True,,correct,530.76171875,2.0,172.34159684951675,38.98115337701617,4.291539859424357,23.573440128363266,3.333049172327928
70,2_hz,True,,correct,507.8125,2.0,84.7618427888719,33.07880760792327,4.35733415238474,25.840854317722943,-5.017215088664326
71,2_hz,True,,correct,594.23828125,2.0,172.2771194041085,41.579272644375074,4.151550398152551,22.982432349302464,-2.1371867161749107
72,2_hz,True,,correct,702.63671875,2.0,88.64307948594406,33.24143631304017,5.1654843037459255,27.11989539522947,-1.7337678471248585
73,2_hz,True,,correct,470.703125,2.0,84.64944252378254,29.740392982173894,4.825245826645253,31.208420284095546,-6.5231865611563915
74,2_hz,True,,correct,691.89453125,2.0,86.2967077563249,31.571718829045295,4.885225378291373,32.966271272418304,-1.499890415205335
75,2_hz,True,,correct,525.87890625,2.0,172.27394396889758,38.54783988883648,4.277625273502263,22.441604275850906,-3.832076181858424
76,2_hz,True,,correct,567.3828125,2.0,90.23907406723062,32.99666601587208,5.15023608932251,27.47806921697152,0.015972779468122353
77,2_hz,True,,correct,349.12109375,2.0,192.85765925968073,44.68437644585817,4.570231492574917,27.861513779574693,5.583971113226753
78,2_hz,True,,correct,492.1875,2.0,176.18019669318144,40.61214588349242,4.691257342199016,27.420867687199426,-1.5268880494702877
79,2_hz,True,,correct,435.546875,2.0,92.43325456659814,32.130868242219144,5.136528056786711,28.410984159869436,1.701480007515901
80,2_hz,True,,correct,531.25,2.0,86.76813089172495,33.665969174781054,5.44254700258283,33.09285772842896,6.456369536391891
81,2_hz,True,,correct,399.4140625,2.0,181.90814258655257,43.200665908146995,4.87507765407013,25.20457757813532,-10.465273763770389
82,2_hz,True,,correct,494.140625,2.0,84.6928917996115,33.067700894929985,5.36767216231408,32.69295049916268,2.6908104701686493
83,2_hz,True,,correct,817.3828125,2.0,83.29672390918455,31.456417034817804,4.067582413412659,23.6937643485697,1.11965339218344
84,2_hz,True,,correct,607.91015625,2.0,95.59444123459352,31.40463818079953,4.446972496441376,28.45310483080227,10.625201369412324
85,2_hz,True,,correct,679.6875,2.0,93.23405776432111,36.755293698231426,5.3579896996700125,29.34635400777742,-5.204153463200437
86,2_hz,True,,correct,686.03515625,2.0,175.46784794884957,41.8434668539743,4.643170255179559,25.465941962283168,4.568204666636288
87,2_hz,True,,correct,726.07421875,2.0,101.06009180592552,36.29459270313765,5.858999276678571,31.580399503375048,-4.180067244131063
88,2_hz,True,,correct,583.49609375,2.0,114.62086451699555,32.42692507859451,4.643761996474421,26.204517216299767,-0.9013747116136526
89,2_hz,True,,correct,545.41015625,2.0,84.80137860073123,30.6685255745408,4.692293496921654,25.120044268603426,-3.3408996644251303
90,2_hz,True,,correct,462.40234375,2.0,84.92072431255858,34.02010464299235,5.480297253376177,33.48892171010514,2.991454108296327
91,2_hz,True,,correct,567.87109375,2.0,108.14479789674198,33.548705606560645,5.49317746589768,27.64137438700888,-4.864389907787791
92,2_hz,True,,correct,531.25,2.0,89.37591434740236,30.963196104076438,4.287888397975841,20.51231500493531,-29.36321517070432
93,2_hz,True,,correct,663.0859375,2.0,94.93137783335987,34.102909559514615,5.877223996421069,30.330133024972252,-14.705456661578413
94,2_hz,True,,correct,565.4296875,2.0,91.45013536585373,34.016286352755166,5.288448788477309,31.719369484530528,1.9831273347986886
95,2_hz,True,,correct,645.99609375,2.0,98.45488755220538,33.427310089944655,5.976103231885766,40.83492344028852,-10.467634130112831
96,2_hz,True,,correct,484.375,2.0,95.02309591524272,35.586261617928145,5.493390936732416,28.045805825260747,-3.8959163342158343
97,f_theta_plus,True,,correct,591.30859375,3.2851000000000004,65.43262660518307,22.549221799916516,2.7113734988876126,14.2620252890585,-3.955872424564513
98,f_theta_plus,True,,correct,676.26953125,3.2851000000000004,68.23956574175727,24.70243104727965,3.188697296980267,16.64693513611741,2.5745532104945683
99,f_theta_plus,True,,incorrect,524.4140625,3.2851000000000004,180.86252850973088,40.572988308088625,3.2668531207855946,17.72675800313229,3.1851177876689807
100,f_theta_plus,True,,correct,540.0390625,3.2851000000000004,175.23768824743888,41.42391622168762,3.6804978298118396,18.443529781334338,2.1962625660694255
101,f_theta_plus,True,,correct,536.62109375,3.2851000000000004,180.44881926311447,41.74658191417027,3.6575119629038957,24.316679740644346,-12.664048368604648
102,f_theta_plus,True,,correct,601.5625,3.2851000000000004,153.8958938738564,35.78966522375273,3.795184204082967,20.719630225537397,4.229668462238671
103,f_theta_plus,True,,correct,588.8671875,3.2851000000000004,156.48387488602975,42.94734890966644,4.038177663469383,23.48314511804825,-2.6967140635878644
104,f_theta_plus,True,,correct,480.46875,3.2851000000000004,84.2147797992974,28.16304632401454,3.348722736818183,19.696858851546008,-8.923045849959134
105,f_theta_plus,True,,correct,655.2734375,3.2851000000000004,78.5271854689774,25.96050466098866,3.4196579943347185,19.8415802812195,-14.257959799546443
106,f_theta_plus,True,,correct,531.73828125,3.2851000000000004,76.89364023571224,31.650108554751306,3.605110756179928,20.13082191921531,-7.71335977723819
107,f_theta_plus,True,,correct,452.63671875,3.2851000000000004,165.18717998785144,39.527519967289976,4.345165457449793,22.138081700200814,-4.97437668321017
108,f_theta_plus,True,,correct,830.078125,3.2851000000000004,74.09478900464865,32.54713086376348,4.912947907507665,29.712534950176032,-1.3046507142057493
109,f_theta_plus,True,,correct,545.41015625,3.2851000000000004,78.03083794923486,31.466809680368662,3.366718043493493,19.64133693971803,1.9864349873870162
110,f_theta_plus,True,,correct,449.21875,3.2851000000000004,75.38799916775174,31.6406854041052,4.741794284597628,28.095451513364814,1.9885795009109042
111,f_theta_plus,True,,correct,664.0625,3.2851000000000004,76.71401091907597,29.37883291790797,4.1930161346696275,21.15869511017639,-8.348432548287342
112,f_theta_plus,True,,correct,508.30078125,3.2851000000000004,66.87478558782036,33.81988012203425,4.695449643069779,27.756951137915365,-10.64737528017297
113,f_theta_plus,True,,correct,533.69140625,3.2851000000000004,75.87776483974284,26.081322939406117,4.096203534043801,19.52237336011413,1.5886781334594333
114,f_theta_plus,True,,correct,634.27734375,3.2851000000000004,82.38065065881472,28.80477345263807,3.5499504701332465,19.067228955336965,-15.333291639753618
115,f_theta_plus,True,,correct,625.0,3.2851000000000004,92.83289148503628,34.45078394600771,4.421362219145968,23.787228759676815,0.7016129733555663
116,f_theta_plus,True,,correct,661.1328125,3.2851000000000004,102.44839710889103,30.51275413889675,4.210729327041561,26.630799705514793,11.814433862937143
117,f_theta_plus,True,,correct,648.4375,3.2851000000000004,184.57608963349958,41.542374392256335,4.313990126543208,22.354005055278932,5.077163488380797
118,f_theta_plus,True,,correct,631.8359375,3.2851000000000004,82.73766922216626,28.23403174560571,3.9952429913729763,20.504067551172632,3.310150859860515
119,f_theta_plus,True,,correct,592.7734375,3.2851000000000004,72.08859715911719,34.822976380343725,5.348858516656035,28.53168945747413,7.632372280614085
120,f_theta_plus,True,,correct,505.859375,3.2851000000000004,81.62435625974229,32.50861177252066,4.946461727463616,28.252959372970015,-3.939216024480909
121,f_theta_plus,True,,correct,454.1015625,3.2851000000000004,89.92503668703887,35.22125498939989,4.789429274384614,26.81238468700641,-13.912150088509305
122,f_theta_plus,True,,correct,397.4609375,3.2851000000000004,101.91783246110758,34.19023767882379,4.80649411378453,28.95230667819633,1.6503602046662573
123,f_theta_plus,True,,correct,570.80078125,3.2851000000000004,167.94495958647383,51.5449684877977,5.614741666289503,27.30747490411057,-7.460309543265216
124,f_theta_plus,True,,correct,605.46875,3.2851000000000004,191.1145410657825,45.656111626402065,4.164237882463526,26.144882522492537,3.1737611702785324
125,f_theta_plus,True,,correct,529.78515625,3.2851000000000004,173.19757753286245,39.927559900394776,3.7692037919115733,21.348609800464658,1.7402788086709466
126,f_theta_plus,True,,correct,580.56640625,3.2851000000000004,157.88280753852322,42.27608564690344,4.891298659371393,25.934052802082476,1.0661039943563135
127,f_theta_plus,True,,correct,528.3203125,3.2851000000000004,91.23086737285698,37.62268432448749,4.776845108294563,25.013827710963163,-3.565233464562501
128,f_theta_plus,True,,incorrect,354.4921875,3.2851000000000004,153.77733450656154,38.11413144313524,4.5090967184410164,26.28586225344935,6.862523974180137
129,f_theta,True,,correct,709.47265625,2.47,150.74023681499577,37.45810548405322,2.6750824126951898,13.345016629775495,-1.8842035345100285
130,f_theta,True,,correct,547.8515625,2.47,160.9851075503774,37.65804983772588,2.722502896952132,15.800847498874946,-1.0242763728036937
131,f_theta,True,,correct,511.23046875,2.47,155.62326726128643,35.30841593545146,2.8220219553825414,16.161977800021077,8.174027842433167
132,f_theta,True,,correct,638.671875,2.47,163.5919721374146,34.109488168442866,3.077700304573346,16.605375730582807,-8.076274135501707
133,f_theta,True,,correct,522.94921875,2.47,169.01752299860794,40.867253568104644,2.696613563355417,15.494884059791659,2.6006436552057903
134,f_theta,True,,correct,447.75390625,2.47,178.8473292176038,40.95870082320107,3.1375968029410704,15.828151699685153,8.556489603998047
135,f_theta,False,peak_to_peak_robust,correct,438.96484375,2.47,330.48743363349473,65.96588525789093,3.5149464650405395,30.553042203196952,-2.5871845796995245
136,f_theta,True,,correct,774.90234375,2.47,183.74963413947705,41.16100208919576,3.4150330968287697,20.605345353775874,2.9567903681353984
137,f_theta,True,,correct,618.65234375,2.47,177.62537987736567,39.03088312175577,3.545573535492719,23.170661117762606,4.008906618471854
138,f_theta,True,,correct,659.1796875,2.47,153.688201147034,37.28479731462889,4.355717321564647,22.136008873061062,3.991488226923417
139,f_theta,True,,correct,534.66796875,2.47,164.47310344223854,38.95901858756921,3.331418468084514,19.12970458004245,4.7982769830615215
140,f_theta,True,,correct,871.58203125,2.47,59.047464439401814,25.831079746568587,3.3082526646521706,17.43885900019169,12.886279219906724
141,f_theta,True,,correct,566.89453125,2.47,60.369406996584075,22.866373834894716,2.7139409145244753,15.533611288742499,6.095435844625872
142,f_theta,True,,correct,560.546875,2.47,61.164944460954544,27.351577064569973,3.3817769827208095,21.27730948508898,7.169597183145013
143,f_theta,True,,correct,706.0546875,2.47,57.15002242640726,30.1445924611512,3.72095616543573,20.107249607848484,-0.8353647598858513
144,f_theta,True,,correct,623.046875,2.47,194.93024158719925,43.53022248897463,3.9842957644866215,20.693799085818675,6.16071934213701
145,f_theta,True,,correct,621.58203125,2.47,57.02654986501841,30.570810339363515,3.930871581903351,24.173627981294366,-7.602456319584535
146,f_theta,True,,correct,625.9765625,2.47,59.12456898508421,25.17817684823327,3.2667535837153956,20.107347456672162,-3.5746174866290668
147,f_theta,True,,correct,712.890625,2.47,122.6644788388987,29.492267702474553,3.1442236829242036,19.371562380703693,-2.5155374913174477
148,f_theta,True,,correct,732.91015625,2.47,139.64650776768045,32.997654537084486,3.727039923512274,22.250448185535276,-2.3120973413430477
149,f_theta,True,,correct,484.86328125,2.47,140.12521692578485,35.29628200602591,3.409581227028961,18.390555927045362,-9.641259728490137
150,f_theta,True,,correct,570.3125,2.47,139.32872612806312,35.893788858897565,3.620574011653709,22.230947445885114,9.722192302573546
151,f_theta,True,,correct,513.671875,2.47,70.85240409346387,28.559012060587932,4.126795327346149,19.69561699670804,5.14116867686654
152,f_theta,True,,correct,531.25,2.47,67.33727241931582,31.317534209937524,3.7747475536452257,23.987436992602227,4.051614616257285
153,f_theta,True,,correct,580.078125,2.47,62.467765589094014,24.930848770713826,3.7772391895090576,20.048871707260222,-9.027840982206774
154,f_theta,True,,correct,599.609375,2.47,163.86143259847816,42.41323363154403,4.038802828889214,21.6192532713759,1.0832781370039937
155,f_theta,True,,correct,571.2890625,2.47,168.43865201703898,35.90709642688162,2.840955138285623,14.103253603784207,-11.204896130825762
156,f_theta,True,,correct,732.91015625,2.47,177.16808924591155,44.64052149026183,4.780007189845451,26.69819911060647,4.281207210388926
157,f_theta,True,,correct,582.03125,2.47,162.2276058081331,36.789394967772026,4.28791931169611,24.419958154480078,-3.6908684828652576
158,f_theta,True,,correct,622.55859375,2.47,150.849229579458,37.67808099615619,4.127399168356996,22.79259818522887,13.810554515712317
159,f_theta,True,,correct,663.57421875,2.47,166.42638721981047,35.49336119436262,3.8417323914179193,23.434103820095515,0.6861334838272624
160,f_theta,True,,correct,552.734375,2.47,76.55833144457472,36.47323724897666,4.452210166751875,27.81752127197629,1.4867004150448033
161,f_theta_plus,True,,correct,452.1484375,3.2851000000000004,60.47560452029626,21.63446355452204,2.7576272329658273,17.241679935479432,-2.4401649707162902
162,f_theta_plus,True,,correct,416.9921875,3.2851000000000004,160.34975971509118,30.15120867017039,2.9652251524667776,18.03488960425409,-4.8332106333973455
163,f_theta_plus,True,,correct,550.78125,3.2851000000000004,129.82151996004512,33.353223898876465,2.75727740531825,13.920007236058353,2.7925707560142063
164,f_theta_plus,True,,correct,618.65234375,3.2851000000000004,153.58569767937107,34.783374398776466,3.2867173794622446,18.956807267563995,-15.131487094924243
165,f_theta_plus,True,,correct,541.015625,3.2851000000000004,156.5467386418415,35.82634394029022,3.402368443183591,19.05120971871562,4.191800642236815
166,f_theta_plus,True,,correct,682.12890625,3.2851000000000004,194.23358360947321,37.694320771901275,3.2583261171864213,17.913022462750497,-2.1570209091470876
167,f_theta_plus,True,,correct,515.13671875,3.2851000000000004,127.97484791475827,31.033167943078503,3.6433365512991585,19.194699628971513,5.321745502417866
168,f_theta_plus,True,,correct,528.3203125,3.2851000000000004,128.27948057787356,31.63371257520058,3.8379699584023816,20.837127086328515,1.044929449004779
169,f_theta_plus,True,,incorrect,507.8125,3.2851000000000004,137.41426067039976,27.86553485172014,3.0065879175119945,17.30210298664301,1.3426903810817028
170,f_theta_plus,True,,correct,674.8046875,3.2851000000000004,142.31061402544861,30.62962227145006,3.1662549434820164,17.753814073396967,6.661936224078038
171,f_theta_plus,True,,correct,555.6640625,3.2851000000000004,159.04539065174703,35.8632437265194,3.2551034338696696,23.42589364496145,4.687380737207324
172,f_theta_plus,True,,correct,747.0703125,3.2851000000000004,138.30372326449364,34.97181297056375,3.2289146296929814,18.747439483935505,-17.566036958098586
173,f_theta_plus,True,,correct,633.30078125,3.2851000000000004,74.25327545480951,37.296541795556024,4.945503182206041,23.19183665223339,1.9634173243886117
174,f_theta_plus,True,,correct,647.94921875,3.2851000000000004,171.37062620924215,37.798565133789786,4.280970934861859,20.50320156050646,-6.513579819808046
175,f_theta_plus,True,,correct,549.8046875,3.2851000000000004,146.80494979024118,37.71269079015883,3.6340784780519884,19.802962362073554,0.04599113891139579
176,f_theta_plus,True,,correct,645.5078125,3.2851000000000004,57.970835840392695,32.433684954164846,4.325834232086088,22.24993460796259,3.5033841498554836
177,f_theta_plus,True,,correct,758.30078125,3.2851000000000004,156.30246494380077,39.31412728349935,3.7760154822863994,24.039343693630002,1.6564925683282092
178,f_theta_plus,True,,correct,588.37890625,3.2851000000000004,123.62933856215317,30.646012998601545,3.6819023507058533,19.9613610508618,4.644368125731841
179,f_theta_plus,True,,correct,599.609375,3.2851000000000004,174.1996919390413,36.94445999314475,3.690851702168564,20.687245555715222,-1.8007467355186257
180,f_theta_plus,True,,correct,550.29296875,3.2851000000000004,161.76652390961902,32.09970243173028,3.472585782402663,20.1654637912454,2.996938278737949
181,f_theta_plus,True,,correct,473.6328125,3.2851000000000004,177.522560699353,38.25345011840813,3.9720373571781167,18.221315323983944,-6.340140476952186
182,f_theta_plus,True,,correct,319.82421875,3.2851000000000004,66.93796737765284,27.227501725221458,3.57119631130751,20.14830168879718,4.65225749163742
183,f_theta_plus,True,,correct,467.28515625,3.2851000000000004,144.7635991046742,39.01735383672185,4.314858266073156,26.24895108756811,-1.7332491035374038
184,f_theta_plus,True,,correct,577.1484375,3.2851000000000004,77.36179250297093,30.013979379533538,4.226080322919896,23.744173268906817,4.27710227194639
185,f_theta_plus,True,,correct,488.28125,3.2851000000000004,130.09013361882018,34.46422638073669,4.379991738209766,22.99226926113246,7.751610131716485
186,f_theta_plus,True,,correct,587.890625,3.2851000000000004,161.27724445661585,34.526101892136865,4.209207799367489,23.91934500381347,3.157364430082956
187,f_theta_plus,True,,correct,450.68359375,3.2851000000000004,158.9193292744623,35.91307278254944,3.543910347317247,17.823745433016015,-3.9352522516783295
188,f_theta_plus,True,,correct,585.9375,3.2851000000000004,123.36270222069258,34.41240833965081,4.607138158654347,23.584438893891353,-9.925000946690549
189,f_theta_plus,True,,correct,517.578125,3.2851000000000004,180.00908149500134,43.44015535099092,3.9543082886332988,24.892793548326722,0.6489899891045732
190,f_theta_plus,True,,correct,541.50390625,3.2851000000000004,156.1440513331583,40.93994693373615,3.736397788343917,22.91237315425555,6.383206848608101
191,f_theta_plus,True,,correct,532.2265625,3.2851000000000004,148.21768199987747,40.70735163868604,4.196304542363235,25.775266296120854,4.511970349452173
192,f_theta_plus,True,,correct,668.9453125,3.2851000000000004,163.08373749743802,38.059361013964846,4.012055380357275,22.81397916995862,-9.834768581607344
193,non_rhythmic,True,,correct,446.77734375,3.2851000000000004,153.51984996733518,36.99794910935685,3.427960142509042,23.314842095890445,-5.397520113006921
194,non_rhythmic,True,,correct,482.91015625,3.2851000000000004,56.260688417252936,26.281374108911116,3.1370375964951256,17.901569926715297,-3.8137906733231377
195,non_rhythmic,True,,correct,593.75,3.2851000000000004,122.47547704082686,31.54531874239661,3.9420049692162054,21.987612773933456,3.07782987099561
196,non_rhythmic,True,,correct,649.90234375,3.2851000000000004,67.24544530257786,23.738480289150388,3.4211391781499123,20.822828744737294,-3.816350461287686
197,non_rhythmic,True,,correct,721.6796875,3.2851000000000004,133.88397901503583,33.831994899500145,3.9778133984703437,23.866066995768797,-6.665227863901542
198,non_rhythmic,True,,correct,576.66015625,3.2851000000000004,131.87268255760827,34.7144966186139,3.633918838253612,18.73182928385581,6.647677249366249
199,non_rhythmic,True,,correct,444.3359375,3.2851000000000004,67.00831746608421,29.987340607656677,3.9418231216961095,23.112038685013687,-0.405292665077313
200,non_rhythmic,True,,correct,448.73046875,3.2851000000000004,76.55379356627313,27.38634296253587,4.112779970323116,21.69541769464253,-3.3054659446542134
201,non_rhythmic,True,,correct,570.80078125,3.2851000000000004,72.48321878820683,29.44056921172325,4.44983054193726,22.491328097385473,3.9813217451569005
202,non_rhythmic,True,,correct,555.6640625,3.2851000000000004,71.14447788402077,30.473090346296956,4.852972328752967,23.14824002165784,-0.278284937966389
203,non_rhythmic,True,,correct,820.3125,3.2851000000000004,95.55336842077783,28.848384142394526,3.9831838784658573,27.901940436800814,-2.040254569757844
204,non_rhythmic,True,,correct,738.76953125,3.2851000000000004,163.11901036985927,37.14548249684359,4.791735378080162,27.033455809462563,-0.13010397365126092
205,non_rhythmic,True,,correct,660.15625,3.2851000000000004,138.41755149853088,35.65524259741389,4.035114941911521,24.597857892907236,-4.9720687175226335
206,non_rhythmic,True,,correct,611.81640625,3.2851000000000004,149.41335568574743,30.230857685140816,3.7065270597069,20.179376800353506,-2.1677773283856676
207,non_rhythmic,True,,correct,676.26953125,3.2851000000000004,74.04360216434472,29.795816295703336,4.6115722084552955,26.454850867312267,3.1014417543277837
208,non_rhythmic,True,,correct,687.98828125,3.2851000000000004,119.79979590506319,35.75265897246261,5.1292891063486,25.695854240964366,3.509684986718471
209,non_rhythmic,True,,correct,865.72265625,3.2851000000000004,152.05398867506247,39.36083758445511,5.185364937761504,31.13489665431768,-17.828515414710594
210,non_rhythmic,True,,correct,627.9296875,3.2851000000000004,125.54166395689832,39.906738502436895,3.962540134592006,20.327414514665534,10.979312098809695
211,non_rhythmic,True,,correct,733.3984375,3.2851000000000004,76.74466292361217,29.460320263327542,4.542554013600841,25.408962075947358,-8.971265937645958
212,non_rhythmic,True,,correct,453.125,3.2851000000000004,137.81093511476104,39.88032879991934,5.400205072210423,27.914103610492653,2.7706416267960003
213,non_rhythmic,True,,correct,551.26953125,3.2851000000000004,79.40929194132173,28.193878363332217,4.800546861858449,34.16905246253275,-13.600695800850334
214,non_rhythmic,True,,correct,656.73828125,3.2851000000000004,83.76185954018987,32.19629272749994,5.648895615696563,33.107396194787924,-2.1098844034760114
215,non_rhythmic,True,,correct,608.88671875,3.2851000000000004,133.42899072560726,36.54751522450803,4.885352145412793,27.957217277943528,-15.378602735729531
216,non_rhythmic,True,,correct,526.3671875,3.2851000000000004,83.95688850901197,32.82111392774851,4.9331702614477075,25.8522828135471,1.5874610825474735
217,non_rhythmic,True,,correct,642.578125,3.2851000000000004,146.74240141350617,30.78501853100685,4.699229506728595,27.43995408619226,-3.8152376117233677
218,non_rhythmic,True,,correct,640.625,3.2851000000000004,89.04582140362191,28.287460747183253,4.59348679336221,25.419613704460865,-0.6816547446259891
219,non_rhythmic,True,,correct,503.41796875,3.2851000000000004,83.21504964589182,29.001830982145705,4.878457972859675,27.84041192694997,-3.8921178863746944
220,non_rhythmic,True,,correct,525.390625,3.2851000000000004,93.08852099542736,36.89165514726303,6.099556488266311,37.96318381281213,-12.000195204060518
221,non_rhythmic,True,,correct,641.11328125,3.2851000000000004,80.23376940516997,27.61446257605263,4.669371324151054,31.297491139409676,-18.362471663079916
222,non_rhythmic,True,,correct,794.921875,3.2851000000000004,159.7936668289908,32.90819635090747,4.3393549565824925,23.047268767326756,-0.8167752519486178
223,non_rhythmic,True,,correct,766.6015625,3.2851000000000004,126.35663651478987,32.2826759680602,4.846265517311427,25.633904207981924,-5.667145486897141
224,non_rhythmic,True,,correct,547.8515625,3.2851000000000004,100.2195827118542,29.664594460823757,5.499265176818958,33.479876113828496,2.813574500979609
225,2_hz,True,,correct,797.8515625,2.0,153.105948151343,36.466925142286826,4.1060963329706555,24.60361406630774,6.453354709984453
226,2_hz,True,,correct,562.98828125,2.0,88.65441490578174,29.54902680586259,4.55632754255071,25.256190206289553,1.3406836178314991
227,2_hz,True,,correct,668.9453125,2.0,90.58459844801023,32.404691860031384,5.0173291453630275,28.57947266588011,-3.205835861890826
228,2_hz,True,,correct,508.7890625,2.0,184.2039986056483,36.32581492628749,4.7548406860317085,24.247402831640937,3.559346265650575
229,2_hz,True,,correct,736.328125,2.0,90.2931870174354,28.519745012967626,4.792688675305737,26.37849668017803,4.333504369114289
230,2_hz,True,,correct,491.2109375,2.0,82.53182283939736,30.159168904673713,5.107443145004519,29.04711033161651,4.825578953935377
231,2_hz,True,,correct,731.4453125,2.0,108.17937175163809,29.169721762784164,5.217778825823424,35.22556818848507,-3.6964826400891555
232,2_hz,True,,correct,589.84375,2.0,110.63245259919825,30.5622760657145,5.686447521752815,30.966273896527596,-23.700975229250982
233,2_hz,True,,correct,615.234375,2.0,167.39323631174054,40.97020912953718,5.427728570825678,29.890689288877795,-7.841598723122749
234,2_hz,True,,correct,672.36328125,2.0,152.47140353606702,45.655854205978855,6.277182443364497,37.074797976989245,-13.651277750900839
235,2_hz,True,,correct,599.12109375,2.0,127.79367550841216,41.4180613351196,6.1318253638600595,34.97966502392196,5.301191352778909
236,2_hz,True,,correct,644.04296875,2.0,163.23174381602144,34.23419840834253,6.266943316017278,36.70387890461218,1.2986953823320797
237,2_hz,True,,correct,746.58203125,2.0,141.33362503116584,46.29753480921822,6.814255628974633,47.105267241427256,3.6365462314332864
238,2_hz,True,,correct,599.12109375,2.0,104.05892825101735,29.27323629265524,5.438684433344638,29.20041996182823,-10.84602789822543
239,2_hz,True,,correct,594.23828125,2.0,122.1972917977011,29.75849003521133,5.903080494639137,33.66665746117306,-27.28274920521892
240,2_hz,True,,correct,665.52734375,2.0,92.77090063989289,37.061548784894,6.363963564020124,33.872681569890354,-6.312008047517748
241,2_hz,True,,correct,526.3671875,2.0,106.5469246448923,31.87672736078403,6.136154660946461,37.33450633163955,5.479472115820805
242,2_hz,True,,correct,541.9921875,2.0,112.41284350164199,36.06037990400676,6.377670895939696,36.47710579238404,2.6052107978545975
243,2_hz,True,,correct,557.12890625,2.0,146.52565497600634,44.52461241731176,6.404009321746473,37.11001565212294,-5.138432791060833
244,2_hz,True,,correct,630.859375,2.0,164.2749888344059,36.80851607720998,5.860142880747922,36.7031077625165,-0.9231137603399178
245,2_hz,True,,correct,649.4140625,2.0,94.86232945772389,34.069776509802004,6.312736336381055,41.32313528552812,-0.64099175002335
246,2_hz,True,,correct,590.8203125,2.0,134.61519564510522,35.37988516196943,5.686050470143032,33.09616230859875,-21.691745314932433
247,2_hz,True,,correct,541.9921875,2.0,137.74354004984346,33.13385417552619,6.141024337956727,34.13674984437597,-3.1156016085538503
248,2_hz,True,,correct,677.734375,2.0,163.49038736456203,43.147080421765224,6.454547107721501,41.36514634036797,-0.16691744930627692
249,2_hz,True,,correct,556.640625,2.0,112.33661258217843,28.076687545536274,6.038949887044654,32.953844537391795,2.465942278119156
250,2_hz,True,,correct,524.4140625,2.0,97.7023832618411,31.206099122141737,5.6364745580294215,32.666863845492315,-1.8686430508320155
251,2_hz,True,,correct,571.77734375,2.0,136.92611165211406,29.030856666387884,5.517562859630643,32.35003144274455,3.5146303780071015
252,2_hz,True,,correct,541.9921875,2.0,177.35205761530722,34.91839295556079,6.565245148409016,40.64426094007101,0.9049067807771005
253,2_hz,True,,correct,608.88671875,2.0,129.93742684506228,29.562487722067146,6.473838064586602,36.607667519045535,4.1532617552211315
254,2_hz,True,,correct,634.765625,2.0,132.90113063634485,37.099205254712494,7.225691360759651,36.462695554932566,-11.218460979710624
255,2_hz,True,,correct,655.2734375,2.0,117.36457969941071,34.89837867440304,8.110814461806802,42.088478870503295,4.147914572581728
256,2_hz,True,,correct,728.515625,2.0,146.4971214405415,44.312842072415435,7.116174997009227,43.26465720774822,-2.889585602535594
257,non_rhythmic,True,,correct,780.76171875,3.2851000000000004,52.95493011474603,20.76764351416548,2.5453020334783028,14.00654488815725,-2.6177769647657687
258,non_rhythmic,True,,correct,628.90625,3.2851000000000004,205.95631590111736,45.55234164644021,2.708823295260492,15.565001458510487,-3.8023663711365274
259,non_rhythmic,True,,correct,542.48046875,3.2851000000000004,47.65474274708544,21.309129629959948,2.2626066051043474,16.0295864463075,4.178292353984566
260,non_rhythmic,True,,correct,694.82421875,3.2851000000000004,53.85165065328853,23.37890173557146,3.0609072085720364,19.00821940694326,5.137148002760971
261,non_rhythmic,True,,correct,520.99609375,3.2851000000000004,171.59472714540868,36.22187251246021,2.822368982517566,15.43707866164293,-2.106702194196396
262,non_rhythmic,True,,correct,597.16796875,3.2851000000000004,51.78249825893925,27.6764580967429,3.340546678603894,16.459710974313865,-2.6998722529178023
263,non_rhythmic,True,,correct,554.6875,3.2851000000000004,51.225826979704955,23.822290824990972,2.964662607763321,18.09089592704889,6.731320060355089
264,non_rhythmic,True,,correct,664.55078125,3.2851000000000004,146.4847234340374,37.78267364011107,3.30079415153761,18.611469656443496,-2.462048384746653
265,non_rhythmic,True,,correct,618.1640625,3.2851000000000004,59.90730184979672,28.18141025182244,3.7217578859484766,19.78796599314266,-8.629833669074234
266,non_rhythmic,True,,correct,731.4453125,3.2851000000000004,162.98182512377275,36.92093649847858,3.0486443100289184,16.439665031123113,1.2929640097432777
267,non_rhythmic,True,,correct,480.46875,3.2851000000000004,135.57189556580923,32.62302341123176,3.0553392617077204,19.970661579376703,-2.481389996795598
268,non_rhythmic,True,,correct,762.6953125,3.2851000000000004,132.38936299225438,31.671318083953697,3.54684420847325,19.55553398139665,-2.866784536859734
269,non_rhythmic,True,,correct,578.125,3.2851000000000004,178.03979059195152,43.34824486558132,3.1835735602856476,17.231712228277086,-6.140357574998772
270,non_rhythmic,True,,correct,681.15234375,3.2851000000000004,77.12572363367039,27.862603969421137,3.525969778707491,18.462055129319754,-11.356544185648756
271,non_rhythmic,True,,correct,604.4921875,3.2851000000000004,61.84122931597266,26.80754139843298,3.1775623614146684,17.03887143762457,2.5548250764866784
272,non_rhythmic,True,,correct,532.2265625,3.2851000000000004,59.64975565976487,24.662826763897293,3.4129884508865906,20.096601687526444,-5.876827770494598
273,non_rhythmic,True,,correct,480.46875,3.2851000000000004,169.539208388329,36.56442701112981,3.6840355242141336,18.41993586679073,11.376580410507023
274,non_rhythmic,True,,correct,529.78515625,3.2851000000000004,62.16314099412055,31.203358599242268,3.929711189016126,26.02756115742036,-5.3434377819735275
275,non_rhythmic,True,,correct,567.87109375,3.2851000000000004,62.0444284482941,28.68409375338222,3.6083716025762778,18.754210870238786,-0.7506847335974174
276,non_rhythmic,True,,correct,816.40625,3.2851000000000004,54.50508836539611,27.617264041835583,3.9323201999648627,20.695506630257782,-19.805061494934364
277,non_rhythmic,True,,correct,646.97265625,3.2851000000000004,73.3878056362677,33.24315588784111,4.975394607795898,24.870253617677534,-3.164061378040661
278,non_rhythmic,True,,correct,626.46484375,3.2851000000000004,61.9082559570173,24.050198999525833,3.2719885670513946,18.54196054186699,4.008801668998555
279,non_rhythmic,True,,correct,487.3046875,3.2851000000000004,79.05445044680272,29.1437158245253,3.898332880666237,23.340074272009986,9.089153000379849
280,non_rhythmic,True,,correct,561.5234375,3.2851000000000004,63.11145051220386,26.315974111014178,3.645127090362456,23.484565783378365,1.5142550853125285
281,non_rhythmic,True,,correct,549.8046875,3.2851000000000004,71.33693052121421,28.310909232385036,4.049656406894776,20.81419875899472,4.829312693812266
282,non_rhythmic,True,,correct,478.515625,3.2851000000000004,163.38908635932992,35.41602745446874,3.795835654242324,18.473592609721436,-8.41456941447664
283,non_rhythmic,True,,correct,618.1640625,3.2851000000000004,171.38636869738986,33.621559273505945,3.3150917295521762,18.625533586988112,-16.48285796186142
284,non_rhythmic,True,,correct,532.71484375,3.2851000000000004,69.13652996287205,31.712232571600964,4.189114812682254,23.806235899434146,2.3066832136035886
285,non_rhythmic,True,,correct,555.17578125,3.2851000000000004,96.859090810608,28.60432438495358,4.557002283705671,27.389850401265406,-4.8823995558476705
286,non_rhythmic,True,,correct,708.0078125,3.2851000000000004,163.3647461192358,35.61535196007721,3.6620832158448198,27.06653177391453,-2.03465448308514
287,non_rhythmic,True,,correct,475.09765625,3.2851000000000004,67.94622559492313,26.8518660145538,3.4696586381819285,18.66313160068359,0.6633338549411888
288,non_rhythmic,True,,correct,552.734375,3.2851000000000004,63.70436269317592,23.066088861718985,3.5041565856116685,19.074926011781237,2.4355384085516945
289,2_hz,True,,correct,630.859375,2.0,169.84330144988792,38.70305411389578,3.5032403349731034,21.191004922692258,2.942049005267675
290,2_hz,True,,correct,473.14453125,2.0,166.49580232596105,36.654752196376855,3.666545337273431,23.7868597456573,2.648717632332918
291,2_hz,True,,correct,493.65234375,2.0,157.19430528531112,39.788696569065294,3.7673084937126577,21.09939757795795,4.457754080826237
292,2_hz,True,,correct,522.4609375,2.0,209.72090775246465,43.87688932476354,4.239737948031163,23.54569941618834,8.84115592048431
293,2_hz,True,,correct,549.31640625,2.0,181.7354608575397,40.781194846533175,3.825500351266436,20.824632319960884,-0.7537763323868375
294,2_hz,True,,correct,539.0625,2.0,170.15950440586397,42.630755287701945,4.457187006805171,24.111747546563734,5.4471241674715944
295,2_hz,True,,correct,437.5,2.0,151.8389893875338,41.635266796264055,4.363757596136559,22.48894639599884,9.191655434738465
296,2_hz,True,,correct,649.90234375,2.0,169.44870675297977,42.00108143126275,4.866161797556749,26.578239598884068,7.868047768579586
297,2_hz,True,,correct,441.40625,2.0,73.36633812056846,29.512899239029373,4.064887692431347,22.563900023791405,-6.224228823918435
298,2_hz,True,,correct,578.61328125,2.0,74.78040920512731,33.02414671057309,5.056746081995544,30.541060906492635,7.877102898672751
299,2_hz,True,,correct,489.74609375,2.0,85.80781118413331,27.287905885934187,3.7953088665921215,21.28265116336224,2.0928935335832977
300,2_hz,True,,correct,485.83984375,2.0,85.03011046902415,32.64914920261719,4.511072197923014,25.552298344061327,-1.3789774594935775
301,2_hz,True,,correct,572.75390625,2.0,72.75117276329519,38.527568186922565,5.476406255717509,34.25613071885844,-1.8956389406103804
302,2_hz,True,,correct,421.875,2.0,191.09966918992146,41.98100598877343,4.38290832044908,24.613853364175505,10.02194733851513
303,2_hz,True,,correct,805.6640625,2.0,169.73512127008485,50.28925836856281,5.71255147915699,34.54544546198841,4.870781454485962
304,2_hz,True,,correct,623.53515625,2.0,155.95839055947297,45.270283639523306,4.729276990240109,33.05965681640028,0.184976652576021
305,2_hz,True,,correct,571.2890625,2.0,153.45952594553626,41.97271853872908,4.868555826679899,25.883581966287956,5.86746530127737
306,2_hz,True,,correct,541.50390625,2.0,155.48389801382785,37.96308793650129,4.604330118055007,27.81100498457879,7.1880360995469434
307,2_hz,True,,correct,603.02734375,2.0,90.4020231416865,32.53623092224571,4.800602909952386,22.537115061020252,14.110464198049808
308,2_hz,True,,correct,624.51171875,2.0,85.93365294906346,40.822192700472954,5.469667571356768,35.13851798150361,3.6623095518125854
309,2_hz,True,,correct,792.96875,2.0,77.1481887261807,31.788659732505067,4.2892856099500625,25.185205250162028,2.366455147424095
310,2_hz,True,,correct,567.3828125,2.0,77.03257551885319,30.520785529145066,5.492617947011388,33.179556924891756,-10.261109850374496
311,2_hz,True,,correct,581.0546875,2.0,92.93478429763127,33.50199550090831,4.4279260574335275,23.26164275825902,8.58400598271097
312,2_hz,True,,correct,562.5,2.0,73.45375362008878,27.280221388173974,4.232602044868065,25.583718767043724,4.305662877228023
313,2_hz,True,,correct,563.96484375,2.0,163.70257996932474,42.849675418836085,5.0089855155034035,26.429816502461566,-7.670750754161987
314,2_hz,True,,correct,843.26171875,2.0,92.28626944955556,36.909908080929334,5.589522200386865,30.34223592202376,-6.932119386768463
315,2_hz,True,,correct,471.6796875,2.0,175.35304473220077,48.13517945965759,5.000291564852529,30.856033333684564,2.739935241634681
316,2_hz,True,,correct,581.54296875,2.0,168.98318219424362,41.34481327253082,4.111356475458342,23.5823194063805,3.932230772428812
317,2_hz,True,,correct,527.34375,2.0,157.90641553065717,29.626591697767847,4.343539788347375,26.35323684959681,6.447859545659391
318,2_hz,True,,correct,563.4765625,2.0,161.11845058857674,46.059657583350216,5.988884936035523,34.16626562661243,0.8877242887394275
319,2_hz,True,,correct,582.03125,2.0,188.47137485830166,46.69641734158674,5.129976396779014,29.829120804546225,-0.29351559357140294
320,2_hz,True,,correct,604.4921875,2.0,168.55779863615493,41.66659779135786,5.7036909045788455,31.92646103789648,-3.404552173525704
321,f_theta,True,,correct,500.9765625,2.47,180.0123535419962,39.37026620721744,4.139634484168278,25.033351670751895,-4.723644194515503
322,f_theta,True,,correct,465.33203125,2.47,195.62466061330286,41.25916835851757,3.6211353592142275,26.405811450844062,2.2407077779430757
323,f_theta,True,,correct,620.1171875,2.47,191.88327629469987,40.09187882123705,4.460715771351456,25.24220232793629,6.458324563432053
324,f_theta,True,,correct,513.18359375,2.47,192.47711396721434,40.609125219876795,4.8401932356199096,25.450051200355077,-4.461907755496496
325,f_theta,True,,correct,552.734375,2.47,174.05430767483801,37.95546545013825,4.207411003216057,24.82453604955426,1.0787369395624027
326,f_theta,True,,correct,593.75,2.47,80.98719932692795,29.642947557499735,4.58768958915767,29.943840210603852,-4.433800746055468
327,f_theta,True,,correct,523.92578125,2.47,86.92146049964703,35.53665619261016,5.306428145325581,27.006828503552114,8.030195962905752
328,f_theta,True,,correct,663.57421875,2.47,208.0004833672803,45.82033173049496,4.5829683191428865,25.364120410541183,0.1261484579101693
329,f_theta,True,,correct,649.90234375,2.47,178.0973977085655,41.544461815524166,5.259086091943061,31.492030326253293,-0.7858203548932337
330,f_theta,True,,correct,607.421875,2.47,77.24884746665455,36.32748410127762,4.971750355376231,26.804351766983363,0.5250217168927733
331,f_theta,True,,correct,443.84765625,2.47,167.36137075107817,43.52072152215713,4.935032098106815,24.472571139556383,4.3615500962152485
332,f_theta,True,,correct,482.91015625,2.47,143.3997330030316,38.357979743251214,4.981586376786436,29.237500051908146,3.1934035100541114
333,f_theta,True,,correct,548.33984375,2.47,153.40754221701448,34.911675006438216,4.931807585442358,27.62176351731384,-6.400392370291804
334,f_theta,True,,correct,519.53125,2.47,163.49286701845324,40.986833353306906,4.423734550800281,25.5296175013451,-3.023507458902677
335,f_theta,True,,correct,599.609375,2.47,164.97707044933435,47.36827772307353,5.63108631726094,33.78172042131804,0.24295807023568153
336,f_theta,True,,correct,497.0703125,2.47,170.24076083007066,40.70030588531954,5.394940831348972,32.494116428940764,-5.3514198739967025
337,f_theta,True,,correct,470.21484375,2.47,92.5516449250519,29.156481925337935,5.017003619431915,26.661598268787557,-2.6396886289149113
338,f_theta,True,,correct,355.95703125,2.47,176.82259047981339,43.685870649544,3.9607684177299847,22.600878976077492,7.651277301716838
339,f_theta,True,,correct,448.2421875,2.47,180.48457071332237,42.64587714219545,3.637910084483984,21.36162484736067,0.7949447218875358
340,f_theta,True,,correct,598.14453125,2.47,170.89011396405084,44.35903896770003,4.653110301224562,27.70604971187977,4.678907023477359
341,f_theta,True,,correct,585.44921875,2.47,145.9220021095265,37.39604322675362,4.788263570156433,25.738489594078693,3.758075143210133
342,f_theta,True,,correct,527.83203125,2.47,82.83507156520517,35.98993637798354,5.320647666718218,28.334726227776176,2.943346044382718
343,f_theta,True,,correct,388.671875,2.47,158.4521476787266,41.07948134905573,5.573123416745861,30.47102475146287,1.5636428283828798
344,f_theta,True,,incorrect,495.60546875,2.47,77.45090147307069,28.88319350092405,4.9652717342676445,29.394989386767975,2.890832743118482
345,f_theta,True,,correct,411.1328125,2.47,154.87568332856154,38.10096950756119,4.531401654529421,27.31353422402625,10.30811450906535
346,f_theta,True,,correct,487.79296875,2.47,156.08271904625946,37.97345031694178,4.251983358146428,22.602525395231186,6.406942677928253
347,f_theta,True,,correct,531.73828125,2.47,207.22534885616693,54.41641072422364,5.860852186444206,41.60327992562942,-4.647963975304453
348,f_theta,True,,correct,467.7734375,2.47,196.40229134601802,45.510771102501266,5.052978624070366,28.558906214396956,4.264959692251791
349,f_theta,True,,correct,665.0390625,2.47,185.5044854966988,42.268533561976255,4.8768520937746995,26.843091868932262,4.002111185648046
350,f_theta,True,,correct,500.48828125,2.47,172.2365134462583,41.41097959636947,5.091467444957811,29.827079674460528,5.71575469848097
351,f_theta,True,,correct,560.05859375,2.47,142.2951766621699,40.21740891543898,4.091662901223423,22.589640244613264,-2.162785105549257
352,f_theta,True,,correct,664.55078125,2.47,159.4042329979972,45.909020572643215,4.583968911603504,23.5150937020833,-0.09174554719522805
353,f_theta_plus,True,,correct,611.81640625,3.2851000000000004,165.7230589465196,39.39316759649555,2.496051282330641,15.695809806600943,1.4138106310507816
354,f_theta_plus,True,,correct,426.26953125,3.2851000000000004,59.50395898657297,20.417837496325753,2.5911881033627155,15.322357645123612,3.1355575474145163
355,f_theta_plus,True,,correct,439.94140625,3.2851000000000004,143.82454925348208,34.286676028837746,2.374517170816428,12.072619688504743,0.8839442834859608
356,f_theta_plus,True,,correct,500.48828125,3.2851000000000004,157.06414214710858,37.276179318408516,2.4171811558355842,14.597599239244975,-0.46807330236778366
357,f_theta_plus,True,,correct,573.73046875,3.2851000000000004,191.32454060952844,40.807378959101946,2.41322793285685,11.56991311144932,4.962603291829658
358,f_theta_plus,True,,correct,556.15234375,3.2851000000000004,154.82579462455405,38.949802277087954,3.0144595704996475,14.628414066754729,3.4232740846695524
359,f_theta_plus,True,,correct,436.03515625,3.2851000000000004,159.98870329050993,41.10396244514205,3.372889551532273,18.444157861967334,4.718214810809103
360,f_theta_plus,True,,correct,491.2109375,3.2851000000000004,179.42664253781905,40.50231182009294,2.7732852452151024,15.253952286448481,-2.2748776412870986
361,f_theta_plus,True,,correct,650.87890625,3.2851000000000004,61.249894607698245,25.67500240484769,2.69506371430208,16.068827969132002,-0.26945045274786433
362,f_theta_plus,True,,correct,559.5703125,3.2851000000000004,171.0723610893048,38.4814050622356,2.6132432130662044,16.62082497377802,8.05807833094574
363,f_theta_plus,True,,correct,580.078125,3.2851000000000004,142.924386407828,35.71668412122088,2.850345484517124,14.23390342641366,-0.9167776774329297
364,f_theta_plus,True,,correct,456.0546875,3.2851000000000004,162.02146369931182,45.05693123333287,3.6001014624333187,17.89709563373075,-17.482703928687275
365,f_theta_plus,True,,correct,600.09765625,3.2851000000000004,142.2011749620171,38.52054605687964,3.6179578592960633,19.061105572486632,-1.2603083011993055
366,f_theta_plus,True,,correct,565.91796875,3.2851000000000004,144.92793745635532,42.37725276553433,4.322472952968712,23.53094758862787,3.8847618212326966
367,f_theta_plus,True,,correct,405.2734375,3.2851000000000004,135.36881955060994,36.39741327917578,3.416182240143202,18.04399941945387,1.0839745850854552
368,f_theta_plus,True,,correct,509.765625,3.2851000000000004,144.9120564635182,34.45003277586146,3.4427668718558353,18.53889510033418,2.5599566356728305
369,f_theta_plus,True,,correct,541.50390625,3.2851000000000004,162.9871170875989,40.95901875941543,3.528926952302205,19.926211875165183,11.736773581631239
370,f_theta_plus,True,,correct,506.8359375,3.2851000000000004,69.26799568250915,34.78633468010496,4.794420086508128,26.779296700581348,-0.6040579926271719
371,f_theta_plus,True,,incorrect,553.7109375,3.2851000000000004,64.00085847502919,34.05048595361751,4.277485904700545,25.0394679026458,4.59593833581251
372,f_theta_plus,True,,correct,690.4296875,3.2851000000000004,176.66390624533307,37.5636266860307,2.824803759106373,15.278913445343932,4.905805671829776
373,f_theta_plus,True,,correct,638.671875,3.2851000000000004,168.14604356014644,40.106277244846964,4.770405818487759,22.13776065656524,3.378614664127741
374,f_theta_plus,True,,omission,,3.2851000000000004,53.65756513301164,28.307798630637635,3.5051280910982494,20.769202361455676,1.8063788659223206
375,f_theta_plus,False,peak_to_peak_robust,correct,750.0,3.2851000000000004,300.28027363091996,72.80122055963659,5.070820358898807,52.13660659718184,4.525402047223734
376,f_theta_plus,True,,correct,551.26953125,3.2851000000000004,152.36941899846448,38.60054107330262,3.686780469307981,22.902168185738283,2.020013308936268
377,f_theta_plus,True,,correct,666.015625,3.2851000000000004,190.41240111034386,40.51604193103013,3.494506360921165,22.420735517770815,3.0735914823434056
378,f_theta_plus,True,,correct,492.1875,3.2851000000000004,149.7031481785022,39.04629222261427,3.244726506409389,17.94241099311725,-0.0506178316707124
379,f_theta_plus,True,,correct,567.3828125,3.2851000000000004,172.02075102560391,34.22032620684823,3.1067703937488735,16.837035696825918,-3.4035459779980037
380,f_theta_plus,True,,correct,606.93359375,3.2851000000000004,177.4099133316109,42.10044491081103,3.4728250156369382,21.99203820052729,1.5705713668986112
381,f_theta_plus,True,,correct,640.625,3.2851000000000004,149.31788824127148,42.02209563359057,4.15819745519604,24.780723512953752,3.092291769176898
382,f_theta_plus,True,,correct,649.90234375,3.2851000000000004,181.3304030710654,38.71007404006319,3.707677850119892,21.222272288010135,-4.076308404409553
383,f_theta_plus,True,,correct,700.1953125,3.2851000000000004,145.82785553755025,37.69969812493741,4.063561544756842,22.390432662841228,0.18138872685341445
384,f_theta_plus,True,,correct,455.56640625,3.2851000000000004,135.6838688785773,34.677685866194366,3.6880939783809734,19.701191188845556,-12.513773596428177
