member,is_directory,compressed_bytes,uncompressed_bytes,compression,crc32,source_without_query
Raw data stim/,True,0,0,0,00000000,https://dryad-assetstore-merritt-west.s3.us-west-2.amazonaws.com/v3/401283/data/0de284bb-633d-4651-ac9a-2d50b5306628.zip
Raw data stim/S10_Stim.bdf,False,482644639,750828032,8,fab30ad1,https://dryad-assetstore-merritt-west.s3.us-west-2.amazonaws.com/v3/401283/data/0de284bb-633d-4651-ac9a-2d50b5306628.zip
Raw data stim/S11_Stim.bdf,False,466430709,761143808,8,c519d3cd,https://dryad-assetstore-merritt-west.s3.us-west-2.amazonaws.com/v3/401283/data/0de284bb-633d-4651-ac9a-2d50b5306628.zip
Raw data stim/S12_Stim.bdf,False,492481034,760246784,8,6972bedc,https://dryad-assetstore-merritt-west.s3.us-west-2.amazonaws.com/v3/401283/data/0de284bb-633d-4651-ac9a-2d50b5306628.zip
Raw data stim/S13_Stim.bdf,False,479406259,771011072,8,9231dbd2,https://dryad-assetstore-merritt-west.s3.us-west-2.amazonaws.com/v3/401283/data/0de284bb-633d-4651-ac9a-2d50b5306628.zip
Raw data stim/S14_Stim.bdf,False,443817023,725711360,8,1755f48a,https://dryad-assetstore-merritt-west.s3.us-west-2.amazonaws.com/v3/401283/data/0de284bb-633d-4651-ac9a-2d50b5306628.zip
Raw data stim/S15_Stim.bdf,False,452742212,739166720,8,4e24c1f8,https://dryad-assetstore-merritt-west.s3.us-west-2.amazonaws.com/v3/401283/data/0de284bb-633d-4651-ac9a-2d50b5306628.zip
Raw data stim/S16_Stim.bdf,False,456852938,725711360,8,6faf9a70,https://dryad-assetstore-merritt-west.s3.us-west-2.amazonaws.com/v3/401283/data/0de284bb-633d-4651-ac9a-2d50b5306628.zip
Raw data stim/S17_Stim.bdf,False,525211134,852640256,8,0c7f4bce,https://dryad-assetstore-merritt-west.s3.us-west-2.amazonaws.com/v3/401283/data/0de284bb-633d-4651-ac9a-2d50b5306628.zip
Raw data stim/S18_Stim.bdf,False,473788331,764731904,8,c217f739,https://dryad-assetstore-merritt-west.s3.us-west-2.amazonaws.com/v3/401283/data/0de284bb-633d-4651-ac9a-2d50b5306628.zip
Raw data stim/S19_Stim.bdf,False,486156151,719880704,8,b69de5e9,https://dryad-assetstore-merritt-west.s3.us-west-2.amazonaws.com/v3/401283/data/0de284bb-633d-4651-ac9a-2d50b5306628.zip
Raw data stim/S1_Stim.bdf,False,413613258,720329216,8,b9fea909,https://dryad-assetstore-merritt-west.s3.us-west-2.amazonaws.com/v3/401283/data/0de284bb-633d-4651-ac9a-2d50b5306628.zip
Raw data stim/S20_Stim.bdf,False,425767059,736924160,8,c892d527,https://dryad-assetstore-merritt-west.s3.us-west-2.amazonaws.com/v3/401283/data/0de284bb-633d-4651-ac9a-2d50b5306628.zip
Raw data stim/S21_Stim.bdf,False,444203133,740063744,8,4138d12e,https://dryad-assetstore-merritt-west.s3.us-west-2.amazonaws.com/v3/401283/data/0de284bb-633d-4651-ac9a-2d50b5306628.zip
Raw data stim/S22_Stim.bdf,False,437126863,740512256,8,c71f1495,https://dryad-assetstore-merritt-west.s3.us-west-2.amazonaws.com/v3/401283/data/0de284bb-633d-4651-ac9a-2d50b5306628.zip
Raw data stim/S23_Stim.bdf,False,458495002,785811968,8,76f6c6ff,https://dryad-assetstore-merritt-west.s3.us-west-2.amazonaws.com/v3/401283/data/0de284bb-633d-4651-ac9a-2d50b5306628.zip
Raw data stim/S24_Stim.bdf,False,448495337,741409280,8,43aa3a08,https://dryad-assetstore-merritt-west.s3.us-west-2.amazonaws.com/v3/401283/data/0de284bb-633d-4651-ac9a-2d50b5306628.zip
Raw data stim/S25_Stim.bdf,False,463943459,749033984,8,6bd77d78,https://dryad-assetstore-merritt-west.s3.us-west-2.amazonaws.com/v3/401283/data/0de284bb-633d-4651-ac9a-2d50b5306628.zip
Raw data stim/S26_Stim.bdf,False,452418653,728850944,8,10ee169d,https://dryad-assetstore-merritt-west.s3.us-west-2.amazonaws.com/v3/401283/data/0de284bb-633d-4651-ac9a-2d50b5306628.zip
Raw data stim/S27_Stim.bdf,False,412827065,708219392,8,16f97f75,https://dryad-assetstore-merritt-west.s3.us-west-2.amazonaws.com/v3/401283/data/0de284bb-633d-4651-ac9a-2d50b5306628.zip
Raw data stim/S28_Stim.bdf,False,434244834,738269696,8,3302708b,https://dryad-assetstore-merritt-west.s3.us-west-2.amazonaws.com/v3/401283/data/0de284bb-633d-4651-ac9a-2d50b5306628.zip
Raw data stim/S29_Stim.bdf,False,487302948,739615232,8,a0cb53ff,https://dryad-assetstore-merritt-west.s3.us-west-2.amazonaws.com/v3/401283/data/0de284bb-633d-4651-ac9a-2d50b5306628.zip
Raw data stim/S2_Stim.bdf,False,420045827,739166720,8,03dbf13d,https://dryad-assetstore-merritt-west.s3.us-west-2.amazonaws.com/v3/401283/data/0de284bb-633d-4651-ac9a-2d50b5306628.zip
Raw data stim/S30_Stim.bdf,False,454326770,733784576,8,c577ad99,https://dryad-assetstore-merritt-west.s3.us-west-2.amazonaws.com/v3/401283/data/0de284bb-633d-4651-ac9a-2d50b5306628.zip
Raw data stim/S31_Stim.bdf,False,424720420,747688448,8,9883931f,https://dryad-assetstore-merritt-west.s3.us-west-2.amazonaws.com/v3/401283/data/0de284bb-633d-4651-ac9a-2d50b5306628.zip
Raw data stim/S32_Stim.bdf,False,420395057,730196480,8,b3dd45ae,https://dryad-assetstore-merritt-west.s3.us-west-2.amazonaws.com/v3/401283/data/0de284bb-633d-4651-ac9a-2d50b5306628.zip
Raw data stim/S33_Stim.bdf,False,468524781,718983680,8,d41eb2f2,https://dryad-assetstore-merritt-west.s3.us-west-2.amazonaws.com/v3/401283/data/0de284bb-633d-4651-ac9a-2d50b5306628.zip
Raw data stim/S34_Stim.bdf,False,450225002,724814336,8,cdca7183,https://dryad-assetstore-merritt-west.s3.us-west-2.amazonaws.com/v3/401283/data/0de284bb-633d-4651-ac9a-2d50b5306628.zip
Raw data stim/S35_Stim.bdf,False,429562092,713153024,8,acbf3103,https://dryad-assetstore-merritt-west.s3.us-west-2.amazonaws.com/v3/401283/data/0de284bb-633d-4651-ac9a-2d50b5306628.zip
Raw data stim/S36_Stim.bdf,False,460770630,730644992,8,3887e5e3,https://dryad-assetstore-merritt-west.s3.us-west-2.amazonaws.com/v3/401283/data/0de284bb-633d-4651-ac9a-2d50b5306628.zip
Raw data stim/S37_Stim.bdf,False,444361181,718983680,8,7e2f5395,https://dryad-assetstore-merritt-west.s3.us-west-2.amazonaws.com/v3/401283/data/0de284bb-633d-4651-ac9a-2d50b5306628.zip
Raw data stim/S38_Stim.bdf,False,419140195,714498560,8,c3844d0a,https://dryad-assetstore-merritt-west.s3.us-west-2.amazonaws.com/v3/401283/data/0de284bb-633d-4651-ac9a-2d50b5306628.zip
Raw data stim/S39_Stim.bdf,False,444157563,740960768,8,84e36e0d,https://dryad-assetstore-merritt-west.s3.us-west-2.amazonaws.com/v3/401283/data/0de284bb-633d-4651-ac9a-2d50b5306628.zip
Raw data stim/S3_Stim.bdf,False,433822754,751276544,8,5b1b7b57,https://dryad-assetstore-merritt-west.s3.us-west-2.amazonaws.com/v3/401283/data/0de284bb-633d-4651-ac9a-2d50b5306628.zip
Raw data stim/S40_Stim.bdf,False,451383380,718983680,8,68c14ba0,https://dryad-assetstore-merritt-west.s3.us-west-2.amazonaws.com/v3/401283/data/0de284bb-633d-4651-ac9a-2d50b5306628.zip
Raw data stim/S41_Stim.bdf,False,445435466,722571776,8,ef8e3190,https://dryad-assetstore-merritt-west.s3.us-west-2.amazonaws.com/v3/401283/data/0de284bb-633d-4651-ac9a-2d50b5306628.zip
Raw data stim/S42_Stim.bdf,False,480948262,773702144,8,b361923a,https://dryad-assetstore-merritt-west.s3.us-west-2.amazonaws.com/v3/401283/data/0de284bb-633d-4651-ac9a-2d50b5306628.zip
Raw data stim/S43_Stim.bdf,False,445012983,747239936,8,f7a77315,https://dryad-assetstore-merritt-west.s3.us-west-2.amazonaws.com/v3/401283/data/0de284bb-633d-4651-ac9a-2d50b5306628.zip
Raw data stim/S44_Stim.bdf,False,472238623,740063744,8,0b4935e7,https://dryad-assetstore-merritt-west.s3.us-west-2.amazonaws.com/v3/401283/data/0de284bb-633d-4651-ac9a-2d50b5306628.zip
Raw data stim/S4_Stim.bdf,False,474745103,773702144,8,481ad243,https://dryad-assetstore-merritt-west.s3.us-west-2.amazonaws.com/v3/401283/data/0de284bb-633d-4651-ac9a-2d50b5306628.zip
Raw data stim/S5_Stim.bdf,False,475423189,750379520,8,2d1afc48,https://dryad-assetstore-merritt-west.s3.us-west-2.amazonaws.com/v3/401283/data/0de284bb-633d-4651-ac9a-2d50b5306628.zip
Raw data stim/S6_Stim.bdf,False,448442612,734681600,8,857c648b,https://dryad-assetstore-merritt-west.s3.us-west-2.amazonaws.com/v3/401283/data/0de284bb-633d-4651-ac9a-2d50b5306628.zip
Raw data stim/S7_Stim.bdf,False,466629849,733784576,8,49cfe0d8,https://dryad-assetstore-merritt-west.s3.us-west-2.amazonaws.com/v3/401283/data/0de284bb-633d-4651-ac9a-2d50b5306628.zip
Raw data stim/S8_Stim.bdf,False,449655550,747688448,8,c5bc4b86,https://dryad-assetstore-merritt-west.s3.us-west-2.amazonaws.com/v3/401283/data/0de284bb-633d-4651-ac9a-2d50b5306628.zip
Raw data stim/S9_Stim.bdf,False,432869197,734681600,8,f01ed9d9,https://dryad-assetstore-merritt-west.s3.us-west-2.amazonaws.com/v3/401283/data/0de284bb-633d-4651-ac9a-2d50b5306628.zip
