participant_id,sex,age,group,mmse,n_blocks,block_adaptation_slope_db_per_block,max_central_peak_to_peak_uv,central_snr_db,central_minus_frontal_snr_db,within_block_slope_db_per_quartile,q4_minus_q1_snr_db,central_frontal_abs_imcoh,central_frontal_dwpli2,native_central_frontal_abs_imcoh,native_central_frontal_dwpli2,csd_central_frontal_abs_imcoh,csd_central_frontal_dwpli2
sub-01,Male,65,Normal,28.0,6,-0.06289247124327761,22.293527605110093,1.7265260447768576,-0.5560787777317645,-0.1377543307104129,-0.6760192822213519,0.06337394964378655,-0.014016451083542469,0.06337394931879926,-0.014016451087862161,0.06287372648650724,-0.0150440827593352
sub-02,Female,70,Mild AD,23.0,6,-0.06375597220797834,12.908257972645133,0.00868696159892494,0.20650616341980454,0.10165240104745443,-0.02245221732916843,0.05054264346609836,-0.015989832451536897,0.05054264322926225,-0.015989831996059058,0.04552655515955361,-0.02190200188642003
sub-03,Male,75,Normal,27.0,6,0.21366256155739913,31.43824268171662,0.2996792868476053,-1.8697722242616097,-0.36967537547595425,-1.209190604011705,0.08637696269404364,0.011424611660868134,0.08637696324840266,0.01142461182100421,0.06802208650046875,-0.01084782052136739
sub-04,Male,82,Mild AD,21.0,6,-0.40490789562976354,121.05001074154124,0.22304073969655966,0.08675503825239063,0.4472454171627094,1.5697913841768816,0.06595057599261916,-0.012227544835067503,0.06595057513227098,-0.012227544574475507,0.07585475984241731,-0.006838916735240609
sub-05,Male,75,Mild AD,21.0,6,0.01876649809715139,70.05041110476381,0.5882500994783827,-4.6041634700963145,-0.3364046084265279,-1.1210971176246076,0.07499520007101733,-0.006457193560967005,0.07499520027306694,-0.006457193753299176,0.06677521790978926,-0.015266767223957192
sub-06,Female,69,-,,6,-0.287257215774752,71.80323411602723,0.6124093643515874,0.13327863186211714,-0.162470293114529,-0.03391552545784463,0.0964912660326338,0.0114327368038087,0.09649126660065077,0.011432737306570245,0.0807331890853932,-0.0048174316789594135
sub-07,Male,89,Mild AD,19.0,6,0.08763263441707177,59.72394757302429,0.0853872260936784,0.09163676013961912,0.04824468850319138,0.1766538573395525,0.06062131501785566,-0.01911115626212739,0.06062131409387616,-0.01911115612804558,0.05771593755051565,-0.01933056142296321
sub-08,Male,70,Normal,24.0,6,-0.2110595131262765,90.2103194186562,0.6901692708146351,-0.17607800593672543,-0.08455562049632219,0.35013067603003817,0.07969540510945647,-0.006943250102405707,0.07969540620415479,-0.006943249373228826,0.06306983296677278,-0.016721919219143667
sub-09,Female,57,Normal,26.0,6,-0.25662512519241204,59.685932186089055,-0.18102018926041522,-0.20263498670803895,0.10581502054298657,0.5891844018534192,0.09917509175145556,0.013471691711832453,0.0991750919436728,0.013471691559893402,0.11467385074946956,0.02686789951412678
sub-10,Male,81,Normal,28.0,6,0.11221522752103974,41.574874754014765,0.061680856892075676,-0.0072505315930791,0.6255330389704167,2.1871385273098083,0.06823354337694341,-0.01526728327328194,0.06823354361656861,-0.015267283607752384,0.06201560838329912,-0.013333768883952915
sub-11,Female,88,Mild AD,20.0,6,0.10041161359357965,59.28579723560497,0.3317849196736271,-1.3192050834436417,-0.42676837156263187,-1.1580091863947901,0.07290161103360486,-0.013733173505695298,0.07290161072136996,-0.01373317366677431,0.08124958028487217,-0.006212351072416057
sub-12,Female,63,Normal,30.0,6,-0.21610174330546766,54.00790413429863,0.7378362005580935,-0.999075607846593,0.05026344782821005,0.2567584613115297,0.10488380412624698,0.018178468598625177,0.10488380366566785,0.01817846813085316,0.08083446289738398,-0.008702658073454068
sub-13,Male,60,-,,6,-0.1443398337805655,69.42671392779602,-0.13879704950791202,-0.10681683670916871,0.030700611073836436,0.3957012581395132,0.06123122894626803,-0.020379639388839632,0.06123122772188796,-0.02037963950922878,0.05954690730190382,-0.0212326151910472
sub-14,Female,79,Mild AD,18.0,6,-0.16595206685587563,83.58277124793906,1.0905086881018937,0.5743340013151176,-0.8321138154996611,-2.5677114276235105,0.07089767852591429,-0.012811152445036092,0.07089767830397685,-0.012811152079169871,0.06615912364484834,-0.013534005445637527
sub-15,Female,77,Mild AD,19.0,6,-0.10355137516216154,73.65652865328286,0.5865036349122809,-0.6092955318987308,-0.44221627375237565,-1.097461597826722,0.06184029270688057,-0.01618945043859697,0.06184029335238811,-0.016189450939152795,0.07616761659202732,-0.008528062499568312
sub-16,Male,68,Mild AD,25.0,6,-0.14693486328860456,69.86068730605275,0.081947162999872,-0.13783114146366388,-0.11227419545094215,-0.7764770004475778,0.08101308068780044,-0.00547366329417006,0.08101308133691658,-0.005473664082841382,0.08590030425482353,-0.005897510707106532
sub-17,Male,65,MCI,25.0,6,-0.21524665201801294,55.256933215426734,3.1799479609046517,-0.9468247841772212,-0.35129092582995636,-0.8947718701499846,0.09560101238066364,0.009635606436072234,0.09560101482330002,0.009635607287983163,0.09411087959834626,0.004636037324168978
sub-18,Female,76,MCI,18.0,6,0.1340270069957766,54.10526278301289,1.1250412333689697,-0.19419803751410988,-0.22188442846719178,-0.6154693168883418,0.08085030070333127,-0.0015226804972355284,0.08085030112547306,-0.0015226801440620032,0.10050375908934163,0.015517167048010554
sub-19,Female,82,MCI,13.0,6,0.09861971024107287,125.76010900892709,3.146006429110686,-1.4078075336917089,-0.43221321246989036,-1.0862259039387088,0.07375946022809048,-0.0036255756674372047,0.07375945985343917,-0.003625575634379562,0.05615235854939549,-0.01613857686054673
sub-20,Female,82,Mild AD,13.0,6,-0.21383947511943074,73.14360801640309,1.1940063901671996,-0.22916780387833294,0.14558132754227357,0.7566089411432451,0.0676383864259439,-0.0163134471843146,0.06763838604664466,-0.01631344723905106,0.07806530888998109,-0.012692698749915297
sub-21,Male,78,Mild AD,30.0,6,-0.2281913915097015,44.99882131814957,0.660624274909,-1.137720542204272,-0.3623009871813341,-0.8702478349340993,0.06027050603737083,-0.017691838562438267,0.060270506289845475,-0.017691838981348233,0.06383332516711075,-0.014924362405925796
sub-22,Female,67,Normal,29.0,6,0.06784322700570311,42.48986628965327,2.386799899741625,-0.5179128740145515,0.038261013703076864,0.25640169088397585,0.11734119355509298,0.024066233436845243,0.11734119389799269,0.02406623378357278,0.07938423218265254,-0.006732580186924165
sub-23,Female,75,Mild AD,14.0,6,0.32511939891065994,73.92158130485882,-0.2419447567143457,-1.0593130635801122,0.2845521505073388,0.41099118484472713,0.06772948406281086,-0.012469577615657047,0.06772948385372281,-0.01246957808899893,0.06049309635324143,-0.01250555798667144
sub-24,Male,81,Moderate AD,23.0,6,-0.11061254738156533,60.8185979096513,1.138744762942845,0.2564241630805126,-0.06431829479951692,0.22748902682596372,0.06457583282850839,-0.013072149709213554,0.06457583209993978,-0.013072150303398996,0.07350422505268986,-0.01182374956696953
sub-25,Female,68,Normal,24.0,6,0.008771752486112989,119.61484531509248,-0.34907775697305915,-0.3391738763373497,0.0936789289049595,0.1080686135385418,0.06911275315686084,-0.017812892637447814,0.06911275330228721,-0.01781289269280963,0.07033557172186294,-0.01286139191287776
sub-26,Male,54,Normal,28.0,6,0.038723145015182626,57.7930756619102,1.6970546805086293,-0.2995179511737311,0.17056236076049713,0.6868173226626784,0.07850393546462824,-0.008159993874206968,0.07850393502983911,-0.008159994034968544,0.09361418346039775,0.0040432283806090576
sub-27,Male,64,MCI,23.0,6,0.05891198553330713,60.88031950514568,0.6302453999619398,0.03977666039548089,0.22057480582493663,0.6653657889289594,0.10376084508630933,0.010804091362196464,0.1037608451725958,0.010804090621837889,0.07358513437754514,-0.008568494019547693
sub-28,Male,60,MCI,26.0,6,-0.17069287838018493,70.77365486794396,-0.46024426384934225,-0.007122589178034248,-0.0648789522879108,-0.23614443414310415,0.09834832441224829,0.01734305538187867,0.09834832425410367,0.01734305508308844,0.08960200167809494,-0.004025446585068753
sub-29,Male,85,Mild AD,16.0,6,-0.037203751765578275,141.06593302519698,1.2157937563695078,0.2782500296176995,-0.1566265713265295,-0.059928333437157755,0.0902457116082424,0.0018049167935315056,0.09024571122907903,0.001804916425823756,0.06382218621105683,-0.015657707155682033
sub-30,Male,71,Mild AD,22.0,6,-0.041886204021069524,56.70743181830958,0.9039976109762923,-1.6682084258987817,-0.1306961265388483,-0.026519966824482544,0.06626051397740283,-0.014016511386546774,0.06626051386632155,-0.014016511999000517,0.07354004532942439,-0.009526432559530928
sub-31,Female,59,Normal,26.0,6,0.0677752799770742,43.7515085261119,2.2199146546645143,-2.8965200398195527,-0.0362046413337258,-0.17008000394771564,0.10023670967235775,0.015012571145696124,0.10023670995230677,0.015012571725291251,0.08343041584540452,-0.0004584824784524
sub-32,Female,71,MCI,21.0,6,-0.01045706106502702,51.62910279631615,1.5459486948088348,-1.76300125219033,-0.11996742542810927,-0.690268163778692,0.09441181331840127,0.009929881708473165,0.09441181482220584,0.009929882787322144,0.06823913850351948,-0.010865227062508259
sub-33,Female,83,Mild AD,15.0,6,-0.017497568667510146,42.513221786210416,0.514056958030407,-0.252513036153766,-0.05249502519128054,-0.2086369760372605,0.0732668800854256,-0.008092611265010716,0.07326688023747302,-0.00809261162800875,0.06535525404087741,-0.016654751593311302
sub-34,Female,78,Mild AD,20.0,6,-0.16454929806234478,100.42785239866689,-0.2699503199265351,0.39740818554134677,0.028487008925163492,-0.7118881657982276,0.07215868556416673,-0.00864846292862462,0.07215868423945243,-0.008648463732428361,0.06707074553106039,-0.010790373502599128
sub-35,Male,77,Mild AD,21.0,6,0.2796085775703954,82.9938125986802,0.19089866045042658,0.03626883968930541,-0.1024905243708072,-0.471371684612395,0.07414239251136338,-0.0156688596273773,0.07414239271739782,-0.015668858647793108,0.06759133846393671,-0.015501538108167685
